[
    {
        "type": "message",
        "subtype": "file_share",
        "text": "<@U9PNBSH0E> uploaded a file: <https:\/\/ingsw1718.slack.com\/files\/U9PNBSH0E\/FADH1JQTU\/estrazione__zip.js|Estrazione .zip>",
        "file": {
            "id": "FADH1JQTU",
            "created": 1524732925,
            "timestamp": 1524732925,
            "name": "Estrazione__zip.js",
            "title": "Estrazione .zip",
            "mimetype": "text\/plain",
            "filetype": "javascript",
            "pretty_type": "JavaScript\/JSON",
            "user": "U9PNBSH0E",
            "editable": true,
            "size": 1353,
            "mode": "snippet",
            "is_external": false,
            "external_type": "",
            "is_public": true,
            "public_url_shared": false,
            "display_as_bot": false,
            "username": "",
            "url_private": "https:\/\/files.slack.com\/files-pri\/T9BAB138B-FADH1JQTU\/estrazione__zip.js?t=xoxe-317351037283-365207707586-364511306800-333c6acf63d6b69e07fd249ca7d3d9ee",
            "url_private_download": "https:\/\/files.slack.com\/files-pri\/T9BAB138B-FADH1JQTU\/download\/estrazione__zip.js?t=xoxe-317351037283-365207707586-364511306800-333c6acf63d6b69e07fd249ca7d3d9ee",
            "permalink": "https:\/\/ingsw1718.slack.com\/files\/U9PNBSH0E\/FADH1JQTU\/estrazione__zip.js",
            "permalink_public": "https:\/\/slack-files.com\/T9BAB138B-FADH1JQTU-3317cc72bb",
            "edit_link": "https:\/\/ingsw1718.slack.com\/files\/U9PNBSH0E\/FADH1JQTU\/estrazione__zip.js\/edit",
            "preview": "\/*\r\n* Copyright 2010 Srikanth Reddy Lingala  \r\n* \r\n* Licensed under the Apache License, Version 2.0 (the \"License\"); \r\n* you may not use this file except in compliance with the License. \r",
            "preview_highlight": "<div class=\"CodeMirror cm-s-default CodeMirrorServer\" oncopy=\"if(event.clipboardData){event.clipboardData.setData('text\/plain',window.getSelection().toString().replace(\/\\u200b\/g,''));event.preventDefault();event.stopPropagation();}\">\n<div class=\"CodeMirror-code\">\n<div><pre><span class=\"cm-comment\">\/*<\/span><\/pre><\/div>\n<div><pre><span class=\"cm-comment\">* Copyright 2010 Srikanth Reddy Lingala  <\/span><\/pre><\/div>\n<div><pre><span class=\"cm-comment\">* <\/span><\/pre><\/div>\n<div><pre><span class=\"cm-comment\">* Licensed under the Apache License, Version 2.0 (the &quot;License&quot;); <\/span><\/pre><\/div>\n<div><pre><span class=\"cm-comment\">* you may not use this file except in compliance with the License. <\/span><\/pre><\/div>\n<\/div>\n<\/div>\n",
            "lines": 52,
            "lines_more": 47,
            "preview_is_truncated": true,
            "channels": [],
            "groups": [],
            "ims": [],
            "comments_count": 0
        },
        "user": "U9PNBSH0E",
        "upload": true,
        "display_as_bot": false,
        "username": "fabiolagioia1997",
        "bot_id": null,
        "ts": "1524732925.000379"
    },
    {
        "type": "message",
        "subtype": "file_share",
        "text": "<@U9NG44DUJ> uploaded a file: <https:\/\/ingsw1718.slack.com\/files\/U9NG44DUJ\/FAEKCEZ5M\/-.txt|Untitled> and commented: help issue3",
        "file": {
            "id": "FAEKCEZ5M",
            "created": 1524735897,
            "timestamp": 1524735897,
            "name": "-.txt",
            "title": "Untitled",
            "mimetype": "text\/plain",
            "filetype": "text",
            "pretty_type": "Plain Text",
            "user": "U9NG44DUJ",
            "editable": true,
            "size": 3575,
            "mode": "snippet",
            "is_external": false,
            "external_type": "",
            "is_public": true,
            "public_url_shared": false,
            "display_as_bot": false,
            "username": "",
            "url_private": "https:\/\/files.slack.com\/files-pri\/T9BAB138B-FAEKCEZ5M\/-.txt?t=xoxe-317351037283-365207707586-364511306800-333c6acf63d6b69e07fd249ca7d3d9ee",
            "url_private_download": "https:\/\/files.slack.com\/files-pri\/T9BAB138B-FAEKCEZ5M\/download\/-.txt?t=xoxe-317351037283-365207707586-364511306800-333c6acf63d6b69e07fd249ca7d3d9ee",
            "permalink": "https:\/\/ingsw1718.slack.com\/files\/U9NG44DUJ\/FAEKCEZ5M\/-.txt",
            "permalink_public": "https:\/\/slack-files.com\/T9BAB138B-FAEKCEZ5M-4fc571e8a1",
            "edit_link": "https:\/\/ingsw1718.slack.com\/files\/U9NG44DUJ\/FAEKCEZ5M\/-.txt\/edit",
            "preview": "\/**\r\n * @author Rivest\r\n * @version 1.0.0\r\n *\/\r\n\r",
            "preview_highlight": "<div class=\"CodeMirror cm-s-default CodeMirrorServer\" oncopy=\"if(event.clipboardData){event.clipboardData.setData('text\/plain',window.getSelection().toString().replace(\/\\u200b\/g,''));event.preventDefault();event.stopPropagation();}\">\n<div class=\"CodeMirror-code\">\n<div><pre>\/**<\/pre><\/div>\n<div><pre> * @author Rivest<\/pre><\/div>\n<div><pre> * @version 1.0.0<\/pre><\/div>\n<div><pre> *\/<\/pre><\/div>\n<div><pre><\/pre><\/div>\n<div><pre><\/pre><\/div>\n<\/div>\n<\/div>\n",
            "lines": 133,
            "lines_more": 128,
            "preview_is_truncated": true,
            "channels": [],
            "groups": [],
            "ims": [],
            "comments_count": 1,
            "initial_comment": {
                "id": "FcADHY4Z98",
                "created": 1524735897,
                "timestamp": 1524735897,
                "user": "U9NG44DUJ",
                "is_intro": true,
                "comment": "help issue3"
            }
        },
        "user": "U9NG44DUJ",
        "upload": true,
        "display_as_bot": false,
        "username": "pierbale97",
        "bot_id": null,
        "ts": "1524735897.000395"
    }
]