[
    {
        "type": "message",
        "user": "U9NG44DUJ",
        "text": "<http:\/\/choly.ca\/post\/typescript-json\/>",
        "ts": "1524555608.000450"
    },
    {
        "type": "message",
        "user": "U9PNBSH0E",
        "text": "<http:\/\/codingjam.it\/gson-da-java-a-json-e-viceversa-primi-passi\/>",
        "attachments": [
            {
                "service_name": "Coding Jam",
                "title": "Gson, da Java a Json e viceversa: primi passi",
                "title_link": "http:\/\/codingjam.it\/gson-da-java-a-json-e-viceversa-primi-passi\/",
                "text": "Gson è una libreria molto potente per la serializzazione\/deserializzazione JSON realizzata da Google. In questo tutorial suddiviso in due parti, vedremo come utilizzarla per le trasformazioni più semplici fino ad arrivare a casi più complessi.",
                "fallback": "Coding Jam: Gson, da Java a Json e viceversa: primi passi",
                "ts": 1386666035,
                "from_url": "http:\/\/codingjam.it\/gson-da-java-a-json-e-viceversa-primi-passi\/",
                "service_icon": "http:\/\/codingjam.it\/wp-content\/uploads\/2016\/03\/codingjam-jar-very-small.png",
                "id": 1,
                "original_url": "http:\/\/codingjam.it\/gson-da-java-a-json-e-viceversa-primi-passi\/"
            }
        ],
        "ts": "1524557545.000363"
    },
    {
        "type": "message",
        "user": "U9PNBSH0E",
        "text": "<http:\/\/ismanettoneblog.altervista.org\/blog\/json-e-java-come-si-semplifica-la-vita-con-gson\/>",
        "attachments": [
            {
                "service_name": "iSmanettone",
                "title": "JSON e Java, come si semplifica la vita con Gson - iSmanettone",
                "title_link": "http:\/\/ismanettoneblog.altervista.org\/blog\/json-e-java-come-si-semplifica-la-vita-con-gson\/",
                "text": "Come usare il formato JSON in Java, con la libreria Gson",
                "fallback": "iSmanettone: JSON e Java, come si semplifica la vita con Gson - iSmanettone",
                "image_url": "http:\/\/ismanettoneblog.altervista.org\/blog\/wp-content\/uploads\/2013\/11\/java-logo.jpg",
                "image_width": 407,
                "image_height": 250,
                "ts": 1454365898,
                "from_url": "http:\/\/ismanettoneblog.altervista.org\/blog\/json-e-java-come-si-semplifica-la-vita-con-gson\/",
                "image_bytes": 37158,
                "service_icon": "http:\/\/ismanettoneblog.altervista.org\/favicon.ico",
                "id": 1,
                "original_url": "http:\/\/ismanettoneblog.altervista.org\/blog\/json-e-java-come-si-semplifica-la-vita-con-gson\/"
            }
        ],
        "ts": "1524557710.000015"
    },
    {
        "type": "message",
        "user": "U9PNBSH0E",
        "text": "<https:\/\/stackoverflow.com\/questions\/1688099\/converting-json-data-to-java-object>",
        "attachments": [
            {
                "title": "Converting JSON data to Java object",
                "title_link": "https:\/\/stackoverflow.com\/questions\/1688099\/converting-json-data-to-java-object",
                "text": "I want to be able to access properties from a JSON string within my Java action method. The string is available by simply saying myJsonString = object.getJson(). Below is an example of what the str...",
                "fallback": "Converting JSON data to Java object",
                "thumb_url": "https:\/\/cdn.sstatic.net\/Sites\/stackoverflow\/img\/apple-touch-icon@2.png?v=73d79a89bded",
                "from_url": "https:\/\/stackoverflow.com\/questions\/1688099\/converting-json-data-to-java-object",
                "thumb_width": 316,
                "thumb_height": 316,
                "service_icon": "https:\/\/cdn.sstatic.net\/Sites\/stackoverflow\/img\/favicon.ico?v=4f32ecc8f43d",
                "service_name": "stackoverflow.com",
                "id": 1,
                "original_url": "https:\/\/stackoverflow.com\/questions\/1688099\/converting-json-data-to-java-object"
            }
        ],
        "ts": "1524558567.000231"
    },
    {
        "type": "message",
        "user": "U9NG44DUJ",
        "text": "<http:\/\/www.appuntisoftware.it\/json-lib-una-libreria-java-per-elaborare-dati-in-formato-json\/>",
        "attachments": [
            {
                "title": "Json-lib: una libreria Java per elaborare dati in formato JSON | AppuntiSoftware.it",
                "title_link": "http:\/\/www.appuntisoftware.it\/json-lib-una-libreria-java-per-elaborare-dati-in-formato-json\/",
                "text": "In questo articolo vedremo come trasformare dei tipi di dati Java (primitivi, array, classi, etc...) in formato JSON (JavaScript Object Notation) e viceversa,",
                "fallback": "Json-lib: una libreria Java per elaborare dati in formato JSON | AppuntiSoftware.it",
                "from_url": "http:\/\/www.appuntisoftware.it\/json-lib-una-libreria-java-per-elaborare-dati-in-formato-json\/",
                "service_icon": "http:\/\/www.appuntisoftware.it\/favicon.ico",
                "service_name": "appuntisoftware.it",
                "id": 1,
                "original_url": "http:\/\/www.appuntisoftware.it\/json-lib-una-libreria-java-per-elaborare-dati-in-formato-json\/"
            }
        ],
        "ts": "1524558805.000315"
    },
    {
        "type": "message",
        "user": "U9NS9S2NQ",
        "text": "<http:\/\/losviluppatore.it\/standard-java-api-per-json\/>",
        "attachments": [
            {
                "title": "Standard Java API per JSON | Lo Sviluppatore",
                "title_link": "http:\/\/losviluppatore.it\/standard-java-api-per-json\/",
                "text": "Un introduzione alla Standard Java API per JSON della nuova piattaforma JEE 7",
                "fallback": "Standard Java API per JSON | Lo Sviluppatore",
                "from_url": "http:\/\/losviluppatore.it\/standard-java-api-per-json\/",
                "service_icon": "http:\/\/losviluppatore.it\/wp-content\/uploads\/2015\/12\/lo_sviluppatore_fb2.png",
                "service_name": "losviluppatore.it",
                "id": 1,
                "original_url": "http:\/\/losviluppatore.it\/standard-java-api-per-json\/"
            }
        ],
        "ts": "1524558936.000338"
    },
    {
        "type": "message",
        "user": "U9NS9S2NQ",
        "text": "<@U9PNBSH0E>",
        "ts": "1524558986.000440"
    },
    {
        "type": "message",
        "user": "U9PNBSH0E",
        "text": ":alien:",
        "ts": "1524559292.000465"
    },
    {
        "type": "message",
        "user": "U9PNBSH0E",
        "text": "<https:\/\/github.com\/google\/gson>",
        "attachments": [
            {
                "fallback": "google\/gson",
                "text": "A Java serialization\/deserialization library to convert Java Objects into JSON and back",
                "title": "google\/gson",
                "footer": "<https:\/\/github.com\/google\/gson|google\/gson>",
                "id": 1,
                "footer_icon": "https:\/\/assets-cdn.github.com\/favicon.ico",
                "ts": 1426789280,
                "color": "24292f",
                "fields": [
                    {
                        "title": "Watchers",
                        "value": "676",
                        "short": true
                    },
                    {
                        "title": "Stars",
                        "value": "12354",
                        "short": true
                    },
                    {
                        "title": "Forks",
                        "value": "2604",
                        "short": true
                    },
                    {
                        "title": "Last updated",
                        "value": "an hour ago",
                        "short": true
                    }
                ],
                "mrkdwn_in": [
                    "text",
                    "fields"
                ],
                "bot_id": "BAAAZG2DS",
                "app_unfurl_url": "https:\/\/github.com\/google\/gson",
                "is_app_unfurl": true
            }
        ],
        "ts": "1524563048.000249"
    },
    {
        "type": "message",
        "user": "U9NG44DUJ",
        "text": "<http:\/\/json-lib.sourceforge.net\/apidocs\/net\/sf\/json\/JSONObject.html>",
        "ts": "1524564890.000190"
    },
    {
        "type": "message",
        "user": "U9NG44DUJ",
        "text": "<https:\/\/www.mkyong.com\/java\/json-simple-example-read-and-write-json\/>",
        "ts": "1524567452.000268"
    },
    {
        "type": "message",
        "user": "U9NG44DUJ",
        "text": "<https:\/\/github.com\/fangyidong\/json-simple>",
        "attachments": [
            {
                "fallback": "fangyidong\/json-simple",
                "text": "A simple Java toolkit for JSON. You can use json-simple to encode or decode JSON text.",
                "title": "fangyidong\/json-simple",
                "footer": "<https:\/\/github.com\/fangyidong\/json-simple|fangyidong\/json-simple>",
                "id": 1,
                "footer_icon": "https:\/\/assets-cdn.github.com\/favicon.ico",
                "ts": 1428885262,
                "color": "24292f",
                "fields": [
                    {
                        "title": "Watchers",
                        "value": "38",
                        "short": true
                    },
                    {
                        "title": "Stars",
                        "value": "390",
                        "short": true
                    },
                    {
                        "title": "Forks",
                        "value": "193",
                        "short": true
                    },
                    {
                        "title": "Last updated",
                        "value": "20 hours ago",
                        "short": true
                    }
                ],
                "mrkdwn_in": [
                    "text",
                    "fields"
                ],
                "bot_id": "BAAAZG2DS",
                "app_unfurl_url": "https:\/\/github.com\/fangyidong\/json-simple",
                "is_app_unfurl": true
            }
        ],
        "ts": "1524567492.000291"
    },
    {
        "type": "message",
        "subtype": "file_share",
        "text": "<@U9PNBSH0E> uploaded a file: <https:\/\/ingsw1718.slack.com\/files\/U9PNBSH0E\/FABDA0VPS\/-.txt|Untitled> and commented: Lettura",
        "file": {
            "id": "FABDA0VPS",
            "created": 1524572536,
            "timestamp": 1524572536,
            "name": "-.txt",
            "title": "Untitled",
            "mimetype": "text\/plain",
            "filetype": "text",
            "pretty_type": "Plain Text",
            "user": "U9PNBSH0E",
            "editable": true,
            "size": 1324,
            "mode": "snippet",
            "is_external": false,
            "external_type": "",
            "is_public": true,
            "public_url_shared": false,
            "display_as_bot": false,
            "username": "",
            "url_private": "https:\/\/files.slack.com\/files-pri\/T9BAB138B-FABDA0VPS\/-.txt?t=xoxe-317351037283-365207707586-364511306800-333c6acf63d6b69e07fd249ca7d3d9ee",
            "url_private_download": "https:\/\/files.slack.com\/files-pri\/T9BAB138B-FABDA0VPS\/download\/-.txt?t=xoxe-317351037283-365207707586-364511306800-333c6acf63d6b69e07fd249ca7d3d9ee",
            "permalink": "https:\/\/ingsw1718.slack.com\/files\/U9PNBSH0E\/FABDA0VPS\/-.txt",
            "permalink_public": "https:\/\/slack-files.com\/T9BAB138B-FABDA0VPS-75bb16c9a7",
            "edit_link": "https:\/\/ingsw1718.slack.com\/files\/U9PNBSH0E\/FABDA0VPS\/-.txt\/edit",
            "preview": "import org.json.simple.JSONArray;\r\nimport org.json.simple.JSONObject;\r\nimport org.json.simple.parser.JSONParser;\r\nimport org.json.simple.parser.ParseException;\r\n\r",
            "preview_highlight": "<div class=\"CodeMirror cm-s-default CodeMirrorServer\" oncopy=\"if(event.clipboardData){event.clipboardData.setData('text\/plain',window.getSelection().toString().replace(\/\\u200b\/g,''));event.preventDefault();event.stopPropagation();}\">\n<div class=\"CodeMirror-code\">\n<div><pre>import org.json.simple.JSONArray;<\/pre><\/div>\n<div><pre>import org.json.simple.JSONObject;<\/pre><\/div>\n<div><pre>import org.json.simple.parser.JSONParser;<\/pre><\/div>\n<div><pre>import org.json.simple.parser.ParseException;<\/pre><\/div>\n<div><pre><\/pre><\/div>\n<div><pre><\/pre><\/div>\n<\/div>\n<\/div>\n",
            "lines": 47,
            "lines_more": 42,
            "preview_is_truncated": true,
            "channels": [],
            "groups": [],
            "ims": [],
            "comments_count": 1,
            "initial_comment": {
                "id": "FcABT1A0CC",
                "created": 1524572536,
                "timestamp": 1524572536,
                "user": "U9PNBSH0E",
                "is_intro": true,
                "comment": "Lettura"
            }
        },
        "user": "U9PNBSH0E",
        "upload": true,
        "display_as_bot": false,
        "username": "fabiolagioia1997",
        "bot_id": null,
        "ts": "1524572537.000318"
    },
    {
        "type": "message",
        "user": "U9PNBSH0E",
        "text": "<http:\/\/www.java2s.com\/Code\/Jar\/j\/Downloadjsonsimple11jar.htm> qui trovate il link per scaricare json.simple",
        "attachments": [
            {
                "title": "Download json-simple-1.1.jar : json simple « j « Jar File Download",
                "title_link": "http:\/\/www.java2s.com\/Code\/Jar\/j\/Downloadjsonsimple11jar.htm",
                "text": "Download json-simple-1.1.jar : json simple « j « Jar File Download",
                "fallback": "Download json-simple-1.1.jar : json simple « j « Jar File Download",
                "from_url": "http:\/\/www.java2s.com\/Code\/Jar\/j\/Downloadjsonsimple11jar.htm",
                "service_icon": "http:\/\/www.java2s.com\/favicon.ico",
                "service_name": "java2s.com",
                "id": 1,
                "original_url": "http:\/\/www.java2s.com\/Code\/Jar\/j\/Downloadjsonsimple11jar.htm"
            }
        ],
        "ts": "1524572581.000104"
    },
    {
        "type": "message",
        "user": "U9PNBSH0E",
        "text": "",
        "attachments": [
            {
                "fallback": "[April 24th, 2018 2:30 PM] filippo.lanubile: Nei criteri di accettazione delle user story, ho precisato la modalità di menzione del workspace come segue: \n_Verificare che sia possibile specificare il workspace con il nome completo del file zippato, con il percorso assoluto o relativo_",
                "ts": "1524573021.000478",
                "author_id": "U9BD7NMPC",
                "author_subname": "Filippo",
                "channel_id": "CAAHQ56P4",
                "channel_name": "github",
                "is_msg_unfurl": true,
                "text": "Nei criteri di accettazione delle user story, ho precisato la modalità di menzione del workspace come segue: \n_Verificare che sia possibile specificare il workspace con il nome completo del file zippato, con il percorso assoluto o relativo_",
                "author_name": "Filippo",
                "author_link": "https:\/\/ingsw1718.slack.com\/team\/U9BD7NMPC",
                "author_icon": "https:\/\/avatars.slack-edge.com\/2018-03-12\/328399380067_c21cc81494b19032a666_48.jpg",
                "mrkdwn_in": [
                    "text"
                ],
                "color": "D0D0D0",
                "from_url": "https:\/\/ingsw1718.slack.com\/archives\/CAAHQ56P4\/p1524573021000478",
                "is_share": true,
                "footer": "Posted in #github"
            }
        ],
        "ts": "1524580217.000029"
    },
    {
        "type": "message",
        "user": "U9PNBSH0E",
        "text": "",
        "attachments": [
            {
                "fallback": "[April 24th, 2018 2:35 PM] filippo.lanubile: <!channel> Quindi mi aspetto che il programma sia capace di leggere direttamente lo zip e si occupi di decomprimere al suo interno. Per questo ho aggiunto un task per cercare la libreria utile al compito. Ho anche specificato che il percorso può essere relativo o assoluto e che il nome del file zip deve essere completo.",
                "ts": "1524573308.000570",
                "author_id": "U9BD7NMPC",
                "author_subname": "Filippo",
                "channel_id": "CAAHQ56P4",
                "channel_name": "github",
                "is_msg_unfurl": true,
                "text": "<!channel> Quindi mi aspetto che il programma sia capace di leggere direttamente lo zip e si occupi di decomprimere al suo interno. Per questo ho aggiunto un task per cercare la libreria utile al compito. Ho anche specificato che il percorso può essere relativo o assoluto e che il nome del file zip deve essere completo.",
                "author_name": "Filippo",
                "author_link": "https:\/\/ingsw1718.slack.com\/team\/U9BD7NMPC",
                "author_icon": "https:\/\/avatars.slack-edge.com\/2018-03-12\/328399380067_c21cc81494b19032a666_48.jpg",
                "mrkdwn_in": [
                    "text"
                ],
                "color": "D0D0D0",
                "from_url": "https:\/\/ingsw1718.slack.com\/archives\/CAAHQ56P4\/p1524573308000570",
                "is_share": true,
                "footer": "Posted in #github"
            }
        ],
        "ts": "1524580251.000692"
    }
]