[
    {
        "type": "message",
        "user": "U9NJ3PL4D",
        "text": "Non facciamo più push sul master, siamo in consegna, ho già fatto i test su docker e sembra funzionare tutto, inoltre ho creato già un file txt con i comandi che chiede lanubile per le consegne, a pomeriggio scrivo sul canale consegne",
        "client_msg_id": "986231ea-fd0b-4d67-a354-8f532d3d17a9",
        "ts": "1526201036.000034"
    },
    {
        "type": "message",
        "user": "U9NJ3PL4D",
        "text": "Potete comunque continuare a lavorare sui vostri branch, l'importante è che non venga modificato il master",
        "client_msg_id": "ea06b8e9-a55c-40bf-9552-62194657e366",
        "ts": "1526201065.000016"
    },
    {
        "type": "message",
        "user": "U9P21SKA6",
        "text": "ragazzi potremmo scrivere il nome del nostro gruppo su consegne?",
        "ts": "1526219507.000051"
    },
    {
        "type": "message",
        "user": "U9NJ3PL4D",
        "text": "Stasera quando torno lo faccio io che ho i comandi docker",
        "client_msg_id": "7c94311b-a14c-4b45-9e00-b74274be1daf",
        "ts": "1526219817.000045"
    },
    {
        "type": "message",
        "user": "U9P21SKA6",
        "text": "va bene",
        "client_msg_id": "ed53b036-d065-41d5-be9e-1aa8ed41033e",
        "ts": "1526220173.000055"
    }
]