[
    {
        "type": "message",
        "subtype": "file_share",
        "text": "<@U9NJ3PL4D> uploaded a file: <https:\/\/ingsw1718.slack.com\/files\/U9NJ3PL4D\/FAPVC69LL\/commandline_java.zip|Commandline java.zip> and commented: all'interno del commandline-master.zip (archivio interno) trovate i file readme con le spiegazioni di come viene usata e qualche esempio (ovviamente è tutto in inglese)",
        "file": {
            "id": "FAPVC69LL",
            "created": 1526402165,
            "timestamp": 1526402165,
            "name": "Commandline java.zip",
            "title": "Commandline java.zip",
            "mimetype": "application\/zip",
            "filetype": "zip",
            "pretty_type": "Zip",
            "user": "U9NJ3PL4D",
            "editable": false,
            "size": 67441,
            "mode": "hosted",
            "is_external": false,
            "external_type": "",
            "is_public": true,
            "public_url_shared": false,
            "display_as_bot": false,
            "username": "",
            "url_private": "https:\/\/files.slack.com\/files-pri\/T9BAB138B-FAPVC69LL\/commandline_java.zip?t=xoxe-317351037283-365207707586-364511306800-333c6acf63d6b69e07fd249ca7d3d9ee",
            "url_private_download": "https:\/\/files.slack.com\/files-pri\/T9BAB138B-FAPVC69LL\/download\/commandline_java.zip?t=xoxe-317351037283-365207707586-364511306800-333c6acf63d6b69e07fd249ca7d3d9ee",
            "permalink": "https:\/\/ingsw1718.slack.com\/files\/U9NJ3PL4D\/FAPVC69LL\/commandline_java.zip",
            "permalink_public": "https:\/\/slack-files.com\/T9BAB138B-FAPVC69LL-105a963da1",
            "channels": [],
            "groups": [],
            "ims": [],
            "comments_count": 1,
            "initial_comment": {
                "id": "FcAPFJRUBS",
                "created": 1526402165,
                "timestamp": 1526402165,
                "user": "U9NJ3PL4D",
                "is_intro": true,
                "comment": "all'interno del commandline-master.zip (archivio interno) trovate i file readme con le spiegazioni di come viene usata e qualche esempio (ovviamente è tutto in inglese)"
            }
        },
        "user": "U9NJ3PL4D",
        "upload": true,
        "display_as_bot": false,
        "username": "giacinto1996",
        "bot_id": null,
        "ts": "1526402166.000366"
    },
    {
        "type": "message",
        "user": "U9P21SKA6",
        "text": ":slightly_smiling_face:",
        "client_msg_id": "f7c7e7bb-b89a-405b-aa5d-b7e12aa06941",
        "ts": "1526402209.000290"
    },
    {
        "type": "message",
        "user": "U9NJ3PL4D",
        "text": "e dentro c'è il jar per la libreria",
        "ts": "1526402274.000141"
    }
]