[
    {
        "type": "message",
        "subtype": "file_share",
        "text": "<@U9NJ3PL4D> uploaded a file: <https:\/\/ingsw1718.slack.com\/files\/U9NJ3PL4D\/FACEL9SF6\/readmembers.java|Readmembers.java> and commented: Vi allego la funzione che ha usato michele che ho commentato così è più facile capire tutto, questa usa la nuova libreria per .json",
        "file": {
            "id": "FACEL9SF6",
            "created": 1524640453,
            "timestamp": 1524640453,
            "name": "Readmembers.java",
            "title": "Readmembers.java",
            "mimetype": "text\/plain",
            "filetype": "java",
            "pretty_type": "Java",
            "user": "U9NJ3PL4D",
            "editable": true,
            "size": 1240,
            "mode": "snippet",
            "is_external": false,
            "external_type": "",
            "is_public": true,
            "public_url_shared": false,
            "display_as_bot": false,
            "username": "",
            "url_private": "https:\/\/files.slack.com\/files-pri\/T9BAB138B-FACEL9SF6\/readmembers.java?t=xoxe-317351037283-365207707586-364511306800-333c6acf63d6b69e07fd249ca7d3d9ee",
            "url_private_download": "https:\/\/files.slack.com\/files-pri\/T9BAB138B-FACEL9SF6\/download\/readmembers.java?t=xoxe-317351037283-365207707586-364511306800-333c6acf63d6b69e07fd249ca7d3d9ee",
            "permalink": "https:\/\/ingsw1718.slack.com\/files\/U9NJ3PL4D\/FACEL9SF6\/readmembers.java",
            "permalink_public": "https:\/\/slack-files.com\/T9BAB138B-FACEL9SF6-3ce246fdc2",
            "edit_link": "https:\/\/ingsw1718.slack.com\/files\/U9NJ3PL4D\/FACEL9SF6\/readmembers.java\/edit",
            "preview": "package it.uniba.main;\nimport java.io.*;\nimport org.json.simple.*;\nimport org.json.simple.parser.*; \n",
            "preview_highlight": "<div class=\"CodeMirror cm-s-default CodeMirrorServer\" oncopy=\"if(event.clipboardData){event.clipboardData.setData('text\/plain',window.getSelection().toString().replace(\/\\u200b\/g,''));event.preventDefault();event.stopPropagation();}\">\n<div class=\"CodeMirror-code\">\n<div><pre><span class=\"cm-keyword\">package<\/span> <span class=\"cm-def\">it<\/span>.<span class=\"cm-variable\">uniba<\/span>.<span class=\"cm-variable\">main<\/span>;<\/pre><\/div>\n<div><pre><span class=\"cm-keyword\">import<\/span> <span class=\"cm-variable\">java<\/span>.<span class=\"cm-variable\">io<\/span>.<span class=\"cm-operator\">*<\/span>;<\/pre><\/div>\n<div><pre><span class=\"cm-keyword\">import<\/span> <span class=\"cm-variable\">org<\/span>.<span class=\"cm-variable\">json<\/span>.<span class=\"cm-variable\">simple<\/span>.<span class=\"cm-operator\">*<\/span>;<\/pre><\/div>\n<div><pre><span class=\"cm-keyword\">import<\/span> <span class=\"cm-variable\">org<\/span>.<span class=\"cm-variable\">json<\/span>.<span class=\"cm-variable\">simple<\/span>.<span class=\"cm-variable\">parser<\/span>.<span class=\"cm-operator\">*<\/span>; <\/pre><\/div>\n<\/div>\n<\/div>\n",
            "lines": 42,
            "lines_more": 37,
            "preview_is_truncated": true,
            "channels": [],
            "groups": [],
            "ims": [],
            "comments_count": 1,
            "initial_comment": {
                "id": "FcACMBHE0J",
                "created": 1524640453,
                "timestamp": 1524640453,
                "user": "U9NJ3PL4D",
                "is_intro": true,
                "comment": "Vi allego la funzione che ha usato michele che ho commentato così è più facile capire tutto, questa usa la nuova libreria per .json"
            }
        },
        "user": "U9NJ3PL4D",
        "upload": true,
        "display_as_bot": false,
        "username": "giacinto1996",
        "bot_id": null,
        "ts": "1524640454.000306"
    },
    {
        "type": "message",
        "subtype": "pinned_item",
        "user": "U9NJ3PL4D",
        "item_type": "F",
        "text": "<@U9NJ3PL4D> pinned their Java <https:\/\/ingsw1718.slack.com\/files\/U9NJ3PL4D\/FACEL9SF6\/readmembers.java|Readmembers.java> to this channel.",
        "item": {
            "id": "FACEL9SF6",
            "created": 1524640453,
            "timestamp": 1524640453,
            "name": "Readmembers.java",
            "title": "Readmembers.java",
            "mimetype": "text\/plain",
            "filetype": "java",
            "pretty_type": "Java",
            "user": "U9NJ3PL4D",
            "editable": true,
            "size": 1240,
            "mode": "snippet",
            "is_external": false,
            "external_type": "",
            "is_public": true,
            "public_url_shared": false,
            "display_as_bot": false,
            "username": "",
            "url_private": "https:\/\/files.slack.com\/files-pri\/T9BAB138B-FACEL9SF6\/readmembers.java?t=xoxe-317351037283-365207707586-364511306800-333c6acf63d6b69e07fd249ca7d3d9ee",
            "url_private_download": "https:\/\/files.slack.com\/files-pri\/T9BAB138B-FACEL9SF6\/download\/readmembers.java?t=xoxe-317351037283-365207707586-364511306800-333c6acf63d6b69e07fd249ca7d3d9ee",
            "permalink": "https:\/\/ingsw1718.slack.com\/files\/U9NJ3PL4D\/FACEL9SF6\/readmembers.java",
            "permalink_public": "https:\/\/slack-files.com\/T9BAB138B-FACEL9SF6-3ce246fdc2",
            "edit_link": "https:\/\/ingsw1718.slack.com\/files\/U9NJ3PL4D\/FACEL9SF6\/readmembers.java\/edit",
            "preview": "package it.uniba.main;\nimport java.io.*;\nimport org.json.simple.*;\nimport org.json.simple.parser.*; \n",
            "preview_highlight": "<div class=\"CodeMirror cm-s-default CodeMirrorServer\" oncopy=\"if(event.clipboardData){event.clipboardData.setData('text\/plain',window.getSelection().toString().replace(\/\\u200b\/g,''));event.preventDefault();event.stopPropagation();}\">\n<div class=\"CodeMirror-code\">\n<div><pre><span class=\"cm-keyword\">package<\/span> <span class=\"cm-def\">it<\/span>.<span class=\"cm-variable\">uniba<\/span>.<span class=\"cm-variable\">main<\/span>;<\/pre><\/div>\n<div><pre><span class=\"cm-keyword\">import<\/span> <span class=\"cm-variable\">java<\/span>.<span class=\"cm-variable\">io<\/span>.<span class=\"cm-operator\">*<\/span>;<\/pre><\/div>\n<div><pre><span class=\"cm-keyword\">import<\/span> <span class=\"cm-variable\">org<\/span>.<span class=\"cm-variable\">json<\/span>.<span class=\"cm-variable\">simple<\/span>.<span class=\"cm-operator\">*<\/span>;<\/pre><\/div>\n<div><pre><span class=\"cm-keyword\">import<\/span> <span class=\"cm-variable\">org<\/span>.<span class=\"cm-variable\">json<\/span>.<span class=\"cm-variable\">simple<\/span>.<span class=\"cm-variable\">parser<\/span>.<span class=\"cm-operator\">*<\/span>; <\/pre><\/div>\n<\/div>\n<\/div>\n",
            "lines": 42,
            "lines_more": 37,
            "preview_is_truncated": true,
            "channels": [],
            "groups": [],
            "ims": [],
            "comments_count": 1,
            "initial_comment": {
                "id": "FcACMBHE0J",
                "created": 1524640453,
                "timestamp": 1524640453,
                "user": "U9NJ3PL4D",
                "is_intro": true,
                "comment": "Vi allego la funzione che ha usato michele che ho commentato così è più facile capire tutto, questa usa la nuova libreria per .json"
            }
        },
        "ts": "1524640468.000344"
    },
    {
        "type": "message",
        "subtype": "pinned_item",
        "user": "U9NJ3PL4D",
        "item_type": "F",
        "text": "<@U9NJ3PL4D> pinned their Java <https:\/\/ingsw1718.slack.com\/files\/U9NJ3PL4D\/FACJ0PSQ3\/data.java|Data.java> to this channel.",
        "item": {
            "id": "FACJ0PSQ3",
            "created": 1524638555,
            "timestamp": 1524638555,
            "name": "Data.java",
            "title": "Data.java",
            "mimetype": "text\/plain",
            "filetype": "java",
            "pretty_type": "Java",
            "user": "U9NJ3PL4D",
            "editable": true,
            "size": 2209,
            "mode": "snippet",
            "is_external": false,
            "external_type": "",
            "is_public": true,
            "public_url_shared": false,
            "display_as_bot": false,
            "username": "",
            "url_private": "https:\/\/files.slack.com\/files-pri\/T9BAB138B-FACJ0PSQ3\/data.java?t=xoxe-317351037283-365207707586-364511306800-333c6acf63d6b69e07fd249ca7d3d9ee",
            "url_private_download": "https:\/\/files.slack.com\/files-pri\/T9BAB138B-FACJ0PSQ3\/download\/data.java?t=xoxe-317351037283-365207707586-364511306800-333c6acf63d6b69e07fd249ca7d3d9ee",
            "permalink": "https:\/\/ingsw1718.slack.com\/files\/U9NJ3PL4D\/FACJ0PSQ3\/data.java",
            "permalink_public": "https:\/\/slack-files.com\/T9BAB138B-FACJ0PSQ3-b889c57c12",
            "edit_link": "https:\/\/ingsw1718.slack.com\/files\/U9NJ3PL4D\/FACJ0PSQ3\/data.java\/edit",
            "preview": "\/*\nBisogna strutturare in modo diverso la classe, avere classi separate come ReadMembers e ReadChannels significa avere oggetti separati che fanno solo una cosa,\ne non possiamo avere tanti oggetti quante sono le funzionalità richieste.\n\nHo pensato di scrivere le funzionalità come metodi della classe Data piuttosto di creare tante classi, quindi avremo una classe in linea di massima così composta:",
            "preview_highlight": "<div class=\"CodeMirror cm-s-default CodeMirrorServer\" oncopy=\"if(event.clipboardData){event.clipboardData.setData('text\/plain',window.getSelection().toString().replace(\/\\u200b\/g,''));event.preventDefault();event.stopPropagation();}\">\n<div class=\"CodeMirror-code\">\n<div><pre><span class=\"cm-comment\">\/*<\/span><\/pre><\/div>\n<div><pre><span class=\"cm-comment\">Bisogna strutturare in modo diverso la classe, avere classi separate come ReadMembers e ReadChannels significa avere oggetti separati che fanno solo una cosa,<\/span><\/pre><\/div>\n<div><pre><span class=\"cm-comment\">e non possiamo avere tanti oggetti quante sono le funzionalità richieste.<\/span><\/pre><\/div>\n<div><pre>&#8203;<\/pre><\/div>\n<div><pre><span class=\"cm-comment\">Ho pensato di scrivere le funzionalità come metodi della classe Data piuttosto di creare tante classi, quindi avremo una classe in linea di massima così composta:<\/span><\/pre><\/div>\n<\/div>\n<\/div>\n",
            "lines": 54,
            "lines_more": 49,
            "preview_is_truncated": true,
            "channels": [],
            "groups": [],
            "ims": [],
            "comments_count": 1,
            "initial_comment": {
                "id": "FcAC0H07CY",
                "created": 1524638555,
                "timestamp": 1524638555,
                "user": "U9NJ3PL4D",
                "is_intro": true,
                "comment": "Ragazzi leggetelo, ho creato delle direttive per risolvere le userstory, ci baseremo su questo file, ognuno programma il metodo relativo alla userstory che deve fare quindi <@U9P21SKA6> devi cancellare i branch che hai creato ieri perchè non vanno bene"
            }
        },
        "ts": "1524640500.000148"
    },
    {
        "type": "message",
        "user": "U9QSZKZ8B",
        "text": "Ragazzi scusate ma la libreria json non l' avevamo caricata con il progetto ?",
        "ts": "1524641837.000440"
    },
    {
        "type": "message",
        "user": "U9QSZKZ8B",
        "text": "niente più risolto",
        "ts": "1524641951.000136"
    },
    {
        "type": "message",
        "user": "U9NJ3PL4D",
        "text": "Michele ha trovato un'altra",
        "client_msg_id": "18898c50-0d6f-45cd-a1ad-7f788f1bac94",
        "ts": "1524641952.000444"
    },
    {
        "type": "message",
        "user": "U9NJ3PL4D",
        "text": "E l'ho caricata su github",
        "client_msg_id": "76cff393-62fe-494f-9e6f-ff3d4d8db6a3",
        "ts": "1524641966.000445"
    },
    {
        "type": "message",
        "user": "U9NJ3PL4D",
        "text": "Togliendo la vecchia",
        "client_msg_id": "c2f74e6a-5781-4940-85c8-c739de1e45aa",
        "ts": "1524641971.000281"
    },
    {
        "type": "message",
        "user": "U9QSZKZ8B",
        "text": "ok solo che non avevo aggiornato il progetto su eclipse e non la trovavo",
        "ts": "1524641999.000468"
    },
    {
        "type": "message",
        "user": "U9QSZKZ8B",
        "text": "qual'è la mia user story ?",
        "ts": "1524642112.000250"
    },
    {
        "type": "message",
        "user": "U9NJ3PL4D",
        "text": "Non le abbiamo assegnate per bene perché quelle di Michele vanno cancellate e rifatte",
        "client_msg_id": "868bd4a9-be62-4bf3-8069-cc0f7eff0e80",
        "ts": "1524642182.000010"
    },
    {
        "type": "message",
        "user": "U9NJ3PL4D",
        "text": "E le successive si basano sulle prime 2",
        "client_msg_id": "a6c796ec-d4c7-47fc-9811-0e787ae714ce",
        "ts": "1524642198.000062"
    },
    {
        "type": "message",
        "user": "U9QSZKZ8B",
        "text": "Ok",
        "ts": "1524642210.000014"
    },
    {
        "type": "message",
        "user": "U9NJ3PL4D",
        "text": "Vedi se github ti fa cancellare i branch di michele e rifalle a partire dal file che ho caricato stamattina",
        "client_msg_id": "3dc32739-0752-48d3-9cbb-952ecf66c7aa",
        "ts": "1524642252.000144"
    },
    {
        "type": "message",
        "user": "U9QSZKZ8B",
        "text": "Sembra che da github si possa fare ma non è forse meglio farlo direttamente da git ?",
        "ts": "1524642355.000047"
    },
    {
        "type": "message",
        "user": "U9NJ3PL4D",
        "text": "Ma dovrebbe farlo michele che ha i branch sul locale",
        "client_msg_id": "5df73ee5-f333-4a41-8a6f-1f923b98dcc1",
        "ts": "1524642387.000178"
    },
    {
        "type": "message",
        "user": "U9NJ3PL4D",
        "text": "Altrimenti entri nel suo branch e modifichi i file",
        "client_msg_id": "6a09a543-43c2-46ab-b8e5-306d14912878",
        "ts": "1524642425.000190"
    },
    {
        "type": "message",
        "user": "U9NJ3PL4D",
        "text": "E lavori su quello che sta",
        "client_msg_id": "51e14b89-1588-4699-9532-945dc187cc98",
        "ts": "1524642435.000053"
    },
    {
        "type": "message",
        "user": "U9P21SKA6",
        "text": "il metodo che ho scritto io che legge tutti i membri funziona",
        "ts": "1524643276.000292"
    },
    {
        "type": "message",
        "user": "U9P21SKA6",
        "text": "devo  cancellare i branch che ho fatto ieri? <@U9NJ3PL4D>",
        "ts": "1524643350.000178"
    },
    {
        "type": "message",
        "user": "U9QSZKZ8B",
        "text": "no lo sto usando io",
        "ts": "1524643568.000183"
    },
    {
        "type": "message",
        "user": "U9P21SKA6",
        "text": "okey",
        "ts": "1524643576.000219"
    },
    {
        "type": "message",
        "user": "U9P21SKA6",
        "text": "comunque non capisco perchè non va bene quello che feci ieri",
        "ts": "1524643599.000084"
    },
    {
        "type": "message",
        "user": "U9P21SKA6",
        "text": "quelle che visualizzano la lista dei members e channels ci sono",
        "attachments": [
            {
                "fallback": "[April 25th, 2018 8:47 AM] giacinto1996: però almeno leggete e capite il file che vi ho mandato, documentatevi un pò, pensate a delle implementazioni e appuntatele",
                "ts": "1524638822.000180",
                "author_id": "U9NJ3PL4D",
                "author_subname": "Giacinto Carlucci",
                "channel_id": "C9NCNQ21H",
                "channel_name": "perlis",
                "is_msg_unfurl": true,
                "text": "però almeno leggete e capite il file che vi ho mandato, documentatevi un pò, pensate a delle implementazioni e appuntatele",
                "author_name": "Giacinto Carlucci",
                "author_link": "https:\/\/ingsw1718.slack.com\/team\/U9NJ3PL4D",
                "author_icon": "https:\/\/avatars.slack-edge.com\/2018-03-12\/327889182272_dafc1aecfc26e14e43df_48.jpg",
                "mrkdwn_in": [
                    "text"
                ],
                "color": "D0D0D0",
                "from_url": "https:\/\/ingsw1718.slack.com\/archives\/C9NCNQ21H\/p1524638822000180",
                "is_share": true,
                "footer": "Posted in #perlis"
            }
        ],
        "ts": "1524643711.000136"
    },
    {
        "type": "message",
        "user": "U9NJ3PL4D",
        "text": "Ti rispondo su wa",
        "client_msg_id": "c60e24e0-2a61-47e2-9f67-86dfb6dbb6b0",
        "ts": "1524644380.000349"
    },
    {
        "type": "message",
        "user": "U9QSZKZ8B",
        "text": "<@U9P21SKA6> ma tu hai modificato il main ?",
        "ts": "1524645702.000023"
    },
    {
        "type": "message",
        "user": "U9P21SKA6",
        "text": "no",
        "ts": "1524645731.000667"
    },
    {
        "type": "message",
        "user": "U9NJ3PL4D",
        "text": "Poi si pensa al main raga, usatelo per fare le prove e ripulitelo quando fate il push, quando finiamo lo creiamo per bens",
        "client_msg_id": "88002536-ae9d-4917-9794-cdc27ac0f036",
        "ts": "1524645789.000073"
    },
    {
        "type": "message",
        "user": "U9QSZKZ8B",
        "text": "no volevo chiedere come ha testato la funzione che ha scritto ?",
        "ts": "1524645826.000199"
    },
    {
        "type": "message",
        "user": "U9P21SKA6",
        "text": "col main",
        "ts": "1524645839.000283"
    },
    {
        "type": "message",
        "user": "U9P21SKA6",
        "text": "ma poi l'ho cancellato",
        "ts": "1524645850.000055"
    },
    {
        "type": "message",
        "subtype": "file_share",
        "text": "<@U9P21SKA6> uploaded a file: <https:\/\/ingsw1718.slack.com\/files\/U9P21SKA6\/FAC33S1S4\/data.java|Data.java>",
        "file": {
            "id": "FAC33S1S4",
            "created": 1524649424,
            "timestamp": 1524649424,
            "name": "Data.java",
            "title": "Data.java",
            "mimetype": "text\/plain",
            "filetype": "java",
            "pretty_type": "Java",
            "user": "U9P21SKA6",
            "editable": true,
            "size": 1787,
            "mode": "snippet",
            "is_external": false,
            "external_type": "",
            "is_public": true,
            "public_url_shared": false,
            "display_as_bot": false,
            "username": "",
            "url_private": "https:\/\/files.slack.com\/files-pri\/T9BAB138B-FAC33S1S4\/data.java?t=xoxe-317351037283-365207707586-364511306800-333c6acf63d6b69e07fd249ca7d3d9ee",
            "url_private_download": "https:\/\/files.slack.com\/files-pri\/T9BAB138B-FAC33S1S4\/download\/data.java?t=xoxe-317351037283-365207707586-364511306800-333c6acf63d6b69e07fd249ca7d3d9ee",
            "permalink": "https:\/\/ingsw1718.slack.com\/files\/U9P21SKA6\/FAC33S1S4\/data.java",
            "permalink_public": "https:\/\/slack-files.com\/T9BAB138B-FAC33S1S4-0caffac226",
            "edit_link": "https:\/\/ingsw1718.slack.com\/files\/U9P21SKA6\/FAC33S1S4\/data.java\/edit",
            "preview": "package it.uniba.main;\r\nimport org.json.simple.*;\r\nimport org.json.simple.parser.*; \r\nimport java.io.*;\r\n\/*\r",
            "preview_highlight": "<div class=\"CodeMirror cm-s-default CodeMirrorServer\" oncopy=\"if(event.clipboardData){event.clipboardData.setData('text\/plain',window.getSelection().toString().replace(\/\\u200b\/g,''));event.preventDefault();event.stopPropagation();}\">\n<div class=\"CodeMirror-code\">\n<div><pre><span class=\"cm-keyword\">package<\/span> <span class=\"cm-def\">it<\/span>.<span class=\"cm-variable\">uniba<\/span>.<span class=\"cm-variable\">main<\/span>;<\/pre><\/div>\n<div><pre><span class=\"cm-keyword\">import<\/span> <span class=\"cm-variable\">org<\/span>.<span class=\"cm-variable\">json<\/span>.<span class=\"cm-variable\">simple<\/span>.<span class=\"cm-operator\">*<\/span>;<\/pre><\/div>\n<div><pre><span class=\"cm-keyword\">import<\/span> <span class=\"cm-variable\">org<\/span>.<span class=\"cm-variable\">json<\/span>.<span class=\"cm-variable\">simple<\/span>.<span class=\"cm-variable\">parser<\/span>.<span class=\"cm-operator\">*<\/span>; <\/pre><\/div>\n<div><pre><span class=\"cm-keyword\">import<\/span> <span class=\"cm-variable\">java<\/span>.<span class=\"cm-variable\">io<\/span>.<span class=\"cm-operator\">*<\/span>;<\/pre><\/div>\n<div><pre><span class=\"cm-comment\">\/*<\/span><\/pre><\/div>\n<\/div>\n<\/div>\n",
            "lines": 66,
            "lines_more": 61,
            "preview_is_truncated": true,
            "channels": [],
            "groups": [],
            "ims": [],
            "comments_count": 0
        },
        "user": "U9P21SKA6",
        "upload": true,
        "display_as_bot": false,
        "username": "michele.dinanni",
        "bot_id": null,
        "ts": "1524649425.000170"
    },
    {
        "type": "message",
        "user": "U9NJ3PL4D",
        "text": "Ma non è come l ho detto io... Vabbè domani parliamo tutti",
        "client_msg_id": "4da3613c-8b64-4ce5-8fcc-ab8120b7f9cd",
        "ts": "1524649942.000102"
    },
    {
        "type": "message",
        "user": "U9P21SKA6",
        "text": "io mi sono attenuto a quello che hai scritto",
        "ts": "1524650257.000446"
    },
    {
        "type": "message",
        "user": "U9NJ3PL4D",
        "text": "Perché hai creato due parser?",
        "client_msg_id": "62a4e1ab-2045-458b-8945-c3c6b5779842",
        "ts": "1524650742.000400"
    },
    {
        "type": "message",
        "user": "U9NJ3PL4D",
        "text": "A che servono?",
        "client_msg_id": "2f1079e3-897e-43fe-b2e9-44cfc1784d15",
        "ts": "1524650754.000079"
    },
    {
        "type": "message",
        "user": "U9P21SKA6",
        "text": "ognuno fa quello che deve fare",
        "ts": "1524650768.000452"
    },
    {
        "type": "message",
        "user": "U9P21SKA6",
        "text": "uno lavora sui members e l'altro sui channels",
        "ts": "1524650782.000162"
    },
    {
        "type": "message",
        "user": "U9NJ3PL4D",
        "text": "Ma non ha senso miche... Io avevo scritto tutt'altro, i parser non sono mica vettori in cui salvare",
        "client_msg_id": "1ab6d498-223a-4643-a916-379001d0f154",
        "ts": "1524650844.000361"
    },
    {
        "type": "message",
        "user": "U9P21SKA6",
        "text": "sistemo",
        "ts": "1524650869.000096"
    },
    {
        "type": "message",
        "user": "U9NJ3PL4D",
        "text": "Vabbè qua per messaggi non ci intenderemo mai, domani sistemiamo insieme",
        "client_msg_id": "a14e53f6-4aed-4e40-bdb6-9421fd441d07",
        "ts": "1524650888.000173"
    },
    {
        "type": "message",
        "user": "U9P21SKA6",
        "text": "si infatti",
        "ts": "1524650897.000352"
    },
    {
        "type": "message",
        "user": "U9NJ3PL4D",
        "text": "Posso venire pure prima della lezione e ci mettiamo in aula studio",
        "client_msg_id": "c25cf1d9-020b-4571-b079-6869aac0f7c4",
        "ts": "1524650903.000416"
    },
    {
        "type": "message",
        "user": "U9P21SKA6",
        "text": "domani vediamo",
        "ts": "1524650906.000034"
    },
    {
        "type": "message",
        "user": "U9P21SKA6",
        "text": "abbiamo didattica prima",
        "ts": "1524650914.000470"
    },
    {
        "type": "message",
        "user": "U9P21SKA6",
        "text": "al massimo restiamo dopo la lezione di ingegneria",
        "ts": "1524650930.000202"
    },
    {
        "type": "message",
        "user": "U9NJ3PL4D",
        "text": "Domani capiamo meglio allora",
        "client_msg_id": "84f67095-7e28-4aa7-85bf-33c6a1368a5e",
        "ts": "1524650943.000219"
    }
]