[
    {
        "type": "message",
        "user": "U9QSZKZ8B",
        "text": "Ragazzi io sto iniziando a lavorare per il secondo sprint. Per leggere i messaggi stavo pensando di creare una nuova classe message, voi che dite?",
        "client_msg_id": "52ecfdb1-3974-48ee-822f-4347d6b1c508",
        "ts": "1525517101.000038"
    },
    {
        "type": "message",
        "user": "U9P21SKA6",
        "text": "si mentions",
        "ts": "1525517128.000059"
    },
    {
        "type": "message",
        "user": "U9P21SKA6",
        "text": "io stavo lavorando sull algoritmo..bisogna aprire le cartelle del workspace e analizzare tutti i file",
        "ts": "1525517172.000047"
    },
    {
        "type": "message",
        "user": "U9QSZKZ8B",
        "text": "hai già creato un branch ?",
        "client_msg_id": "a2a8990b-1d8f-4349-9dc6-d5024da83b36",
        "ts": "1525517271.000055"
    },
    {
        "type": "message",
        "user": "U9P21SKA6",
        "text": "si in locale",
        "ts": "1525517278.000092"
    },
    {
        "type": "message",
        "user": "U9P21SKA6",
        "text": "ma non ho fatto push di niente",
        "ts": "1525517287.000105"
    },
    {
        "type": "message",
        "user": "U9QSZKZ8B",
        "text": "fai un commit e push cosi inizio a lavorare",
        "client_msg_id": "10fddffb-2457-46ba-a763-cfaee463a4bc",
        "ts": "1525517338.000011"
    },
    {
        "type": "message",
        "user": "U9P21SKA6",
        "text": "aspe",
        "ts": "1525517351.000086"
    },
    {
        "type": "message",
        "user": "U9P21SKA6",
        "text": "lui disse che voleva solo  1push",
        "ts": "1525517387.000075"
    },
    {
        "type": "message",
        "user": "U9P21SKA6",
        "text": "di quando funzionava tutto",
        "ts": "1525517396.000038"
    },
    {
        "type": "message",
        "user": "U9QSZKZ8B",
        "text": "Ho capito quindi come facciamo non possiamo lavorare ?",
        "client_msg_id": "342ac239-4c70-41f6-92a8-f835e6e82a60",
        "ts": "1525517431.000007"
    },
    {
        "type": "message",
        "user": "U9P21SKA6",
        "text": "crealo tu un branch  e lavora su quello",
        "ts": "1525517448.000014"
    },
    {
        "type": "message",
        "user": "U9P21SKA6",
        "text": "io cancello il mio",
        "ts": "1525517454.000015"
    },
    {
        "type": "message",
        "user": "U9P21SKA6",
        "text": "e faccio pull dal tuo",
        "ts": "1525517460.000025"
    },
    {
        "type": "message",
        "user": "U9NJ3PL4D",
        "text": "Vuole una PR",
        "client_msg_id": "3b3b611e-9cb0-424e-9aa5-c2a341725d24",
        "ts": "1525517471.000032"
    },
    {
        "type": "message",
        "user": "U9P21SKA6",
        "text": "perchè sono a metà",
        "ts": "1525517475.000032"
    },
    {
        "type": "message",
        "user": "U9NJ3PL4D",
        "text": "I push quanti ne vogliamo",
        "client_msg_id": "a532fc11-b46c-4cb3-9a99-b3a43c0f3f7a",
        "ts": "1525517481.000075"
    },
    {
        "type": "message",
        "user": "U9P21SKA6",
        "text": "allora lo favvio",
        "ts": "1525517491.000071"
    },
    {
        "type": "message",
        "user": "U9P21SKA6",
        "text": "faccio*",
        "ts": "1525517495.000013"
    },
    {
        "type": "message",
        "user": "U9QSZKZ8B",
        "text": "Non tantissimi comunque",
        "client_msg_id": "e4e9b1bb-ba52-4676-9eb8-6713beab5f58",
        "ts": "1525517496.000053"
    },
    {
        "type": "message",
        "user": "U9P21SKA6",
        "text": "e si",
        "ts": "1525517501.000050"
    },
    {
        "type": "message",
        "user": "U9P21SKA6",
        "text": "allora dammi due secondi che ti pusho",
        "ts": "1525517514.000058"
    },
    {
        "type": "message",
        "user": "U9P21SKA6",
        "text": "fatto",
        "ts": "1525517804.000030"
    },
    {
        "type": "message",
        "user": "U9P21SKA6",
        "text": "comunque nel main principale -members entra in conflitto con -mentions",
        "ts": "1525517892.000079"
    },
    {
        "type": "message",
        "user": "U9P21SKA6",
        "text": "sistemato .. ora apro un branch e aggiorno l help",
        "ts": "1525518395.000050"
    },
    {
        "type": "message",
        "user": "U9P21SKA6",
        "text": "e faccio una PR",
        "ts": "1525518404.000042"
    },
    {
        "type": "message",
        "user": "U9QSZKZ8B",
        "text": "Aspetta Michele non occuparti per ora dell' help",
        "client_msg_id": "1e197b4a-f4f6-4252-81f3-039460599981",
        "ts": "1525518475.000008"
    },
    {
        "type": "message",
        "user": "U9P21SKA6",
        "text": "okk",
        "ts": "1525518488.000120"
    },
    {
        "type": "message",
        "user": "U9P21SKA6",
        "text": "comunque non è semplicissimo quello che sta da fare",
        "ts": "1525518537.000046"
    }
]