[
    {
        "type": "message",
        "user": "U9P21SKA6",
        "text": "<@U9NJ3PL4D> ho provato a fare un pull dal master",
        "ts": "1525606433.000069"
    },
    {
        "type": "message",
        "user": "U9P21SKA6",
        "text": "lo mando in esecuzione ma non funziona",
        "ts": "1525606445.000089"
    },
    {
        "type": "message",
        "user": "U9QSZKZ8B",
        "text": "Hai visto run configuration?",
        "client_msg_id": "ee0362f7-8769-4257-92b7-d5b22cad36ef",
        "ts": "1525606476.000048"
    },
    {
        "type": "message",
        "user": "U9P21SKA6",
        "text": "si",
        "ts": "1525606481.000078"
    },
    {
        "type": "message",
        "user": "U9P21SKA6",
        "text": "&lt;terminated&gt; è l'output",
        "ts": "1525606497.000027"
    },
    {
        "type": "message",
        "user": "U9NJ3PL4D",
        "text": "È impossibile miche, l'ultimo push in master che ho fatto é lo stesso che abbiamo dato al prof, funzionava, hai messo gli arguments tra virgolette?",
        "client_msg_id": "1dafb2ed-5132-43fd-b0ef-d2d76e084f4c",
        "ts": "1525606585.000041"
    },
    {
        "type": "message",
        "user": "U9P21SKA6",
        "text": "si",
        "ts": "1525606591.000054"
    },
    {
        "type": "message",
        "user": "U9NJ3PL4D",
        "text": "Scrivimi un esempio di come li dai gli arguments",
        "client_msg_id": "2bbb7545-cee0-4c6b-9a67-3eea9e52dfd9",
        "ts": "1525606615.000032"
    },
    {
        "type": "message",
        "user": "U9P21SKA6",
        "text": "non è che sono quelli enhancement che hai fatto?",
        "ts": "1525606621.000062"
    },
    {
        "type": "message",
        "user": "U9P21SKA6",
        "text": "e che poi abbiamo mergiato?",
        "ts": "1525606628.000074"
    },
    {
        "type": "message",
        "user": "U9NJ3PL4D",
        "text": "Nono",
        "client_msg_id": "3d6f347b-f81f-4248-baf0-32cb5a089a18",
        "ts": "1525606631.000031"
    },
    {
        "type": "message",
        "user": "U9NJ3PL4D",
        "text": "Era solo la gestione delle eccezioni",
        "client_msg_id": "1797fa08-6c67-41da-9e80-4fad8c1e51c7",
        "ts": "1525606645.000014"
    },
    {
        "type": "message",
        "user": "U9P21SKA6",
        "text": "\"res\/ingsw1718.zip\" \"-members\"",
        "ts": "1525606650.000006"
    },
    {
        "type": "message",
        "user": "U9NJ3PL4D",
        "text": "E devi scrivere prima di tutto - z",
        "client_msg_id": "af5df02a-e853-4b92-985f-8796180bb652",
        "ts": "1525606670.000029"
    },
    {
        "type": "message",
        "user": "U9NJ3PL4D",
        "text": "Gli stai dando un percorso ma non gli stai dicendo che deve fare l'unzip",
        "client_msg_id": "1e9d2699-9a68-4c17-a54d-f6712948c84d",
        "ts": "1525606696.000041"
    },
    {
        "type": "message",
        "user": "U9P21SKA6",
        "text": "dimmi tu l'argument",
        "ts": "1525606698.000031"
    },
    {
        "type": "message",
        "user": "U9P21SKA6",
        "text": "sono rimasto a quell input io",
        "ts": "1525606716.000071"
    },
    {
        "type": "message",
        "user": "U9NJ3PL4D",
        "text": "Semplicemente devi aggiungere un altro argomento all'inizio che è -z",
        "client_msg_id": "b35939d4-6dfc-4bd6-bc3f-5e0d55fca116",
        "ts": "1525606726.000065"
    },
    {
        "type": "message",
        "user": "U9P21SKA6",
        "text": "\"-z res\/ingsw1718.zip\" \"-members\"?",
        "ts": "1525606739.000051"
    },
    {
        "type": "message",
        "user": "U9NJ3PL4D",
        "text": "No, z è un'altro argomento, separato",
        "client_msg_id": "b5af52a3-9a17-4446-8c49-e4a7559badfc",
        "ts": "1525606754.000030"
    },
    {
        "type": "message",
        "user": "U9P21SKA6",
        "text": "okey",
        "ts": "1525606760.000077"
    },
    {
        "type": "message",
        "user": "U9P21SKA6",
        "text": "\"-z \" \"res\/ingsw1718.zip\" \"-members\"?",
        "ts": "1525606784.000040"
    },
    {
        "type": "message",
        "user": "U9NJ3PL4D",
        "text": "Si",
        "client_msg_id": "3224d7d2-a7b1-4a05-8164-83a5b80f71df",
        "ts": "1525606807.000052"
    },
    {
        "type": "message",
        "user": "U9P21SKA6",
        "text": "e non va lo stesso",
        "ts": "1525606813.000034"
    },
    {
        "type": "message",
        "user": "U9P21SKA6",
        "text": "ora è andato",
        "ts": "1525606870.000099"
    },
    {
        "type": "message",
        "user": "U9P21SKA6",
        "text": "non bisognava mettere le virgolette a -z",
        "ts": "1525606882.000099"
    },
    {
        "type": "message",
        "user": "U9P21SKA6",
        "text": "quindi i comandi da dare sono -z \"res8ingsw1718.zip\" \"&lt;operazione&gt;\"",
        "ts": "1525606906.000030"
    },
    {
        "type": "message",
        "user": "U9P21SKA6",
        "text": "per il fututo",
        "ts": "1525606911.000051"
    },
    {
        "type": "message",
        "user": "U9P21SKA6",
        "text": "*futuro",
        "ts": "1525606914.000072"
    },
    {
        "type": "message",
        "user": "U9NJ3PL4D",
        "text": "Mah... Non ha senso, indipendentemente dal comando tutti sono tra virgolette, a me ha sempre funzionato",
        "client_msg_id": "0e809001-8968-4a9a-964b-29249a599bcd",
        "ts": "1525606943.000005"
    },
    {
        "type": "message",
        "user": "U9P21SKA6",
        "text": "boh",
        "ts": "1525606957.000009"
    },
    {
        "type": "message",
        "user": "U9NJ3PL4D",
        "text": "Non lo so, a me funziona con le virgolette, forse è una cosa tua di eclipse... Dopo controllo anche io",
        "client_msg_id": "7c2fce3f-bfb3-463b-8cf2-61940d44faab",
        "ts": "1525606994.000052"
    },
    {
        "type": "message",
        "user": "U9P21SKA6",
        "text": "ora va anche con le virgolette",
        "ts": "1525607024.000062"
    },
    {
        "type": "message",
        "user": "U9P21SKA6",
        "text": "io non capisco eclipse :face_with_rolling_eyes:",
        "ts": "1525607038.000062"
    },
    {
        "type": "message",
        "user": "U9NJ3PL4D",
        "text": "Ahahahahahaha",
        "client_msg_id": "95478588-a111-483b-8eb1-04b052c108fc",
        "ts": "1525607622.000036"
    }
]