[
    {
        "type": "message",
        "subtype": "file_share",
        "text": "<@U9PP54E4D> uploaded a file: <https:\/\/ingsw1718.slack.com\/files\/U9PP54E4D\/FA9P9Q8AG\/image_uploaded_from_ios.jpg|Ritchie>",
        "file": {
            "id": "FA9P9Q8AG",
            "created": 1524171168,
            "timestamp": 1524171168,
            "name": "Image uploaded from iOS.jpg",
            "title": "Ritchie",
            "mimetype": "image\/jpeg",
            "filetype": "jpg",
            "pretty_type": "JPEG",
            "user": "U9PP54E4D",
            "editable": false,
            "size": 282176,
            "mode": "hosted",
            "is_external": false,
            "external_type": "",
            "is_public": true,
            "public_url_shared": false,
            "display_as_bot": false,
            "username": "",
            "url_private": "https:\/\/files.slack.com\/files-pri\/T9BAB138B-FA9P9Q8AG\/image_uploaded_from_ios.jpg?t=xoxe-317351037283-349956658208-350423399492-cdb4ff182314343f41741a9e491e8d97",
            "url_private_download": "https:\/\/files.slack.com\/files-pri\/T9BAB138B-FA9P9Q8AG\/download\/image_uploaded_from_ios.jpg?t=xoxe-317351037283-349956658208-350423399492-cdb4ff182314343f41741a9e491e8d97",
            "thumb_64": "https:\/\/files.slack.com\/files-tmb\/T9BAB138B-FA9P9Q8AG-3ad9c6702f\/image_uploaded_from_ios_64.jpg?t=xoxe-317351037283-349956658208-350423399492-cdb4ff182314343f41741a9e491e8d97",
            "thumb_80": "https:\/\/files.slack.com\/files-tmb\/T9BAB138B-FA9P9Q8AG-3ad9c6702f\/image_uploaded_from_ios_80.jpg?t=xoxe-317351037283-349956658208-350423399492-cdb4ff182314343f41741a9e491e8d97",
            "thumb_360": "https:\/\/files.slack.com\/files-tmb\/T9BAB138B-FA9P9Q8AG-3ad9c6702f\/image_uploaded_from_ios_360.jpg?t=xoxe-317351037283-349956658208-350423399492-cdb4ff182314343f41741a9e491e8d97",
            "thumb_360_w": 327,
            "thumb_360_h": 360,
            "thumb_480": "https:\/\/files.slack.com\/files-tmb\/T9BAB138B-FA9P9Q8AG-3ad9c6702f\/image_uploaded_from_ios_480.jpg?t=xoxe-317351037283-349956658208-350423399492-cdb4ff182314343f41741a9e491e8d97",
            "thumb_480_w": 435,
            "thumb_480_h": 480,
            "thumb_160": "https:\/\/files.slack.com\/files-tmb\/T9BAB138B-FA9P9Q8AG-3ad9c6702f\/image_uploaded_from_ios_160.jpg?t=xoxe-317351037283-349956658208-350423399492-cdb4ff182314343f41741a9e491e8d97",
            "thumb_720": "https:\/\/files.slack.com\/files-tmb\/T9BAB138B-FA9P9Q8AG-3ad9c6702f\/image_uploaded_from_ios_720.jpg?t=xoxe-317351037283-349956658208-350423399492-cdb4ff182314343f41741a9e491e8d97",
            "thumb_720_w": 653,
            "thumb_720_h": 720,
            "thumb_800": "https:\/\/files.slack.com\/files-tmb\/T9BAB138B-FA9P9Q8AG-3ad9c6702f\/image_uploaded_from_ios_800.jpg?t=xoxe-317351037283-349956658208-350423399492-cdb4ff182314343f41741a9e491e8d97",
            "thumb_800_w": 726,
            "thumb_800_h": 800,
            "image_exif_rotation": 1,
            "original_w": 742,
            "original_h": 818,
            "permalink": "https:\/\/ingsw1718.slack.com\/files\/U9PP54E4D\/FA9P9Q8AG\/image_uploaded_from_ios.jpg",
            "permalink_public": "https:\/\/slack-files.com\/T9BAB138B-FA9P9Q8AG-2cdcf7725b",
            "channels": [],
            "groups": [],
            "ims": [],
            "comments_count": 0
        },
        "user": "U9PP54E4D",
        "upload": true,
        "display_as_bot": false,
        "username": "rocdebellis",
        "bot_id": null,
        "upload_reply_to": "5C64C8D4-7518-4A0F-97F4-7DA4740DE776",
        "ts": "1524171168.000689"
    }
]