[
    {
        "type": "message",
        "user": "U9P3D2S8Z",
        "text": "Raga venite a lezione?",
        "client_msg_id": "ca063dc9-5a1d-4502-832e-150869ead234",
        "ts": "1524732318.000285"
    },
    {
        "type": "message",
        "user": "U9P373ASV",
        "text": "Si",
        "client_msg_id": "3161fae2-02e1-410d-bb02-c0ddd8b7f9dd",
        "ts": "1524732426.000499"
    },
    {
        "type": "message",
        "user": "U9P3D2S8Z",
        "text": "Quanti siete?",
        "client_msg_id": "821242e0-9011-417f-9ea7-d17d4ef86b66",
        "ts": "1524733317.000521"
    },
    {
        "type": "message",
        "user": "U9P373ASV",
        "text": "4",
        "client_msg_id": "e61900de-01f7-474e-aba9-7f4e7b672f75",
        "ts": "1524733448.000114"
    },
    {
        "type": "message",
        "user": "U9P3D2S8Z",
        "text": "A sti cazzi, sono riuscito solo a prendere due posti",
        "client_msg_id": "3b61c858-cf4e-434e-a84c-323533d2f191",
        "ts": "1524734898.000498"
    },
    {
        "type": "message",
        "subtype": "file_share",
        "text": "<@U9NQ1QL72> uploaded a file: <https:\/\/ingsw1718.slack.com\/files\/U9NQ1QL72\/FAEETKR2A\/json-simple-1.1.jar|json-simple-1.1.jar> and commented: api per json",
        "file": {
            "id": "FAEETKR2A",
            "created": 1524735843,
            "timestamp": 1524735843,
            "name": "json-simple-1.1.jar",
            "title": "json-simple-1.1.jar",
            "mimetype": "application\/zip",
            "filetype": "zip",
            "pretty_type": "Zip",
            "user": "U9NQ1QL72",
            "editable": false,
            "size": 16046,
            "mode": "hosted",
            "is_external": false,
            "external_type": "",
            "is_public": true,
            "public_url_shared": false,
            "display_as_bot": false,
            "username": "",
            "url_private": "https:\/\/files.slack.com\/files-pri\/T9BAB138B-FAEETKR2A\/json-simple-1.1.jar?t=xoxe-317351037283-365207707586-364511306800-333c6acf63d6b69e07fd249ca7d3d9ee",
            "url_private_download": "https:\/\/files.slack.com\/files-pri\/T9BAB138B-FAEETKR2A\/download\/json-simple-1.1.jar?t=xoxe-317351037283-365207707586-364511306800-333c6acf63d6b69e07fd249ca7d3d9ee",
            "permalink": "https:\/\/ingsw1718.slack.com\/files\/U9NQ1QL72\/FAEETKR2A\/json-simple-1.1.jar",
            "permalink_public": "https:\/\/slack-files.com\/T9BAB138B-FAEETKR2A-e13067f114",
            "channels": [],
            "groups": [],
            "ims": [],
            "comments_count": 1,
            "initial_comment": {
                "id": "FcADEZ8R3M",
                "created": 1524735843,
                "timestamp": 1524735843,
                "user": "U9NQ1QL72",
                "is_intro": true,
                "comment": "api per json"
            }
        },
        "user": "U9NQ1QL72",
        "upload": true,
        "display_as_bot": false,
        "username": "iaia.daniele97",
        "bot_id": null,
        "ts": "1524735844.000414"
    },
    {
        "type": "message",
        "user": "U9P373ASV",
        "text": "<https:\/\/www.mkyong.com\/java\/json-simple-example-read-and-write-json\/>",
        "ts": "1524749306.000727"
    }
]