[
    {
        "type": "message",
        "user": "U9P3D2S8Z",
        "text": "Raga quando ci vediamo per vedere un po cosa fare?",
        "ts": "1525604581.000005"
    },
    {
        "type": "message",
        "user": "U9P33EZ5F",
        "text": "Dopodomani????",
        "client_msg_id": "6e75ff8f-8020-480c-be16-53eb68cb08ac",
        "ts": "1525605934.000015"
    },
    {
        "type": "message",
        "user": "U9P373ASV",
        "text": "Anche oggi pomeriggio",
        "client_msg_id": "1ac9a1ff-8374-46c6-8749-bd9e29b44d5f",
        "ts": "1525605967.000056"
    },
    {
        "type": "message",
        "user": "U9P33EZ5F",
        "text": "Ah vabbè io non ci sono.",
        "client_msg_id": "d532d0d7-783e-411d-94a0-aba951078802",
        "ts": "1525605989.000005"
    },
    {
        "type": "message",
        "user": "U9P3D2S8Z",
        "text": "Per me questo pomeriggio andrebbe bene",
        "ts": "1525607565.000030"
    },
    {
        "type": "message",
        "user": "U9P3D2S8Z",
        "text": "se la consegna è mercoledì come l'ultima volta non abbiamo molto tempo",
        "ts": "1525607593.000039"
    },
    {
        "type": "message",
        "user": "U9PJQ7YP6",
        "text": "Alè 10 giorni a partire da giovedì che lo ha assegnato",
        "client_msg_id": "29a34008-a1c5-4a70-9029-9d7f4fac48d0",
        "ts": "1525607693.000046"
    },
    {
        "type": "message",
        "user": "U9PJQ7YP6",
        "text": "Quindi lunedì prossimo",
        "client_msg_id": "5f0ec0ab-bdb6-4804-9118-fd4245480c82",
        "ts": "1525607749.000029"
    },
    {
        "type": "message",
        "user": "U9P3D2S8Z",
        "text": "Pardon",
        "ts": "1525607758.000026"
    },
    {
        "type": "message",
        "user": "U9PJQ7YP6",
        "text": "Tranquillo",
        "client_msg_id": "3e6a7315-1f47-4d50-9392-7aef53da7118",
        "ts": "1525607763.000036"
    },
    {
        "type": "message",
        "user": "U9PJQ7YP6",
        "text": "In ogni caso oggi pomeriggio ci vediamo",
        "client_msg_id": "4f780137-6ba4-44d9-95ae-f103811e0b3c",
        "ts": "1525607772.000060"
    },
    {
        "type": "message",
        "user": "U9P3D2S8Z",
        "text": "Mi metto ansia da solo",
        "ts": "1525607800.000100"
    },
    {
        "type": "message",
        "user": "U9NQ1QL72",
        "text": "dopo mangiato andiamo da gianmarco",
        "ts": "1525607912.000030"
    },
    {
        "type": "message",
        "user": "U9NQ1QL72",
        "text": "cosi iniziamo",
        "ts": "1525607916.000058"
    },
    {
        "type": "message",
        "user": "U9P373ASV",
        "text": "Ale ,noi stiamo andando mo da Gianmarco",
        "client_msg_id": "59a7854c-0fe5-4376-9be5-74da3515068f",
        "ts": "1525616921.000011"
    },
    {
        "type": "message",
        "user": "U9P373ASV",
        "text": "Quando vuoi raggiungici",
        "client_msg_id": "4e5d02fe-c214-49ad-83aa-988c17efe146",
        "ts": "1525616928.000007"
    },
    {
        "type": "message",
        "user": "U9P3D2S8Z",
        "text": "Oooook",
        "client_msg_id": "62c88167-255d-4c4a-a2c7-2b664e47d334",
        "ts": "1525618679.000083"
    },
    {
        "type": "message",
        "user": "U9P3D2S8Z",
        "text": "<https:\/\/stackoverflow.com\/questions\/19329502\/zip4j-how-to-extract-a-directory>",
        "attachments": [
            {
                "service_name": "Stack Overflow",
                "title": "zip4j How to extract a directory",
                "title_link": "https:\/\/stackoverflow.com\/questions\/19329502\/zip4j-how-to-extract-a-directory",
                "text": "I need to extract a directory from a zip using zip4j. I could find each file in the directory and extract it. How do I list the files inside the directory ? Or, is there a utility to extract the",
                "fallback": "Stack Overflow: zip4j How to extract a directory",
                "thumb_url": "https:\/\/cdn.sstatic.net\/Sites\/stackoverflow\/img\/apple-touch-icon@2.png?v=73d79a89bded",
                "from_url": "https:\/\/stackoverflow.com\/questions\/19329502\/zip4j-how-to-extract-a-directory",
                "thumb_width": 316,
                "thumb_height": 316,
                "service_icon": "https:\/\/cdn.sstatic.net\/Sites\/stackoverflow\/img\/favicon.ico?v=4f32ecc8f43d",
                "id": 1,
                "original_url": "https:\/\/stackoverflow.com\/questions\/19329502\/zip4j-how-to-extract-a-directory"
            }
        ],
        "ts": "1525622148.000067"
    },
    {
        "type": "message",
        "user": "U9P3D2S8Z",
        "text": "<http:\/\/www.javaproficiency.com\/2015\/02\/read-all-files-from-any-directoryfolder.html>",
        "attachments": [
            {
                "title": "Read All Files From Any Directory(Folder)",
                "title_link": "http:\/\/www.javaproficiency.com\/2015\/02\/read-all-files-from-any-directoryfolder.html",
                "text": "Read a given directory(Folder). Filer its file and folder(directory). and also show name of files and name of folder import java.io.File; ...",
                "fallback": "Read All Files From Any Directory(Folder)",
                "from_url": "http:\/\/www.javaproficiency.com\/2015\/02\/read-all-files-from-any-directoryfolder.html",
                "service_icon": "http:\/\/www.javaproficiency.com\/favicon.ico",
                "service_name": "javaproficiency.com",
                "id": 1,
                "original_url": "http:\/\/www.javaproficiency.com\/2015\/02\/read-all-files-from-any-directoryfolder.html"
            },
            {
                "from_url": "http:\/\/www.javaproficiency.com\/2015\/02\/read-all-files-from-any-directoryfolder.html",
                "fallback": "Warning—Suspected phishing page. - This page may be a forgery or imitation of another website, designed to trick users into sharing personal or financial information. Entering any personal information on this page may result in identity theft or other abuse. You can find out more about phishing from <https:\/\/www.antiphishing.org|www.antiphishing.org>",
                "author_name": "Advisory provided by Google",
                "author_link": "https:\/\/developers.google.com\/safe-browsing\/v3\/advisory",
                "author_icon": "https:\/\/a.slack-edge.com\/f6cda\/img\/google_safebrowsing_icon.png",
                "title": "Warning—Suspected phishing page.",
                "text": "This page may be a forgery or imitation of another website, designed to trick users into sharing personal or financial information. Entering any personal information on this page may result in identity theft or other abuse. You can find out more about phishing from <https:\/\/www.antiphishing.org|www.antiphishing.org>"
            }
        ],
        "ts": "1525622295.000050"
    }
]