[
    {
        "type": "message",
        "user": "U9P3D2S8Z",
        "text": "Raga dobbiamo rivedere qualcosa prima della consegna?",
        "ts": "1526143208.000118"
    },
    {
        "type": "message",
        "user": "U9NQ1QL72",
        "text": "Domani ci vediamo io e colucci e controlliamo le ultime cose",
        "client_msg_id": "9f016aad-d489-420e-a32b-8ffbf2a036fa",
        "ts": "1526149107.000100"
    },
    {
        "type": "message",
        "user": "U9P373ASV",
        "text": "Ma sti tizi che problemi hanno?",
        "client_msg_id": "a7ddc7bb-246c-4467-afcd-9dbbb88e97c0",
        "ts": "1526150594.000079"
    },
    {
        "type": "message",
        "user": "U9P33EZ5F",
        "text": "Chi?",
        "client_msg_id": "62a991cc-10aa-47c4-b760-5f388fe8eeaf",
        "ts": "1526151189.000083"
    },
    {
        "type": "message",
        "user": "U9P373ASV",
        "text": "Quelli su general",
        "client_msg_id": "a09a50c2-cd6b-4c3e-bfa2-2a6bfb317f10",
        "ts": "1526151637.000042"
    }
]