[
    {
        "type": "message",
        "user": "U9P3D2S8Z",
        "text": "raga ci troviamo questo pome?",
        "ts": "1525777253.000296"
    },
    {
        "type": "message",
        "user": "U9P373ASV",
        "text": "Si",
        "client_msg_id": "79dbd202-fbcf-4bf5-ba9a-17dead5dd742",
        "ts": "1525777442.000345"
    },
    {
        "type": "message",
        "user": "U9P33EZ5F",
        "text": "A casa di chi?",
        "client_msg_id": "187361ab-81d9-49ec-91d7-ec504e19e6d4",
        "ts": "1525777865.000212"
    },
    {
        "type": "message",
        "user": "U9P3D2S8Z",
        "text": "Se non Gianmarco non può possiamo stare a casa mia",
        "client_msg_id": "49d0e5b8-f8a5-447e-89d1-f1db294c28e5",
        "ts": "1525786478.000192"
    },
    {
        "type": "message",
        "user": "U9P3D2S8Z",
        "text": "Ma staremmo un po' stretti",
        "client_msg_id": "8e416090-8bc7-4caa-84d2-3c6012ef7621",
        "ts": "1525786495.000651"
    },
    {
        "type": "message",
        "user": "U9P33EZ5F",
        "text": "Aspè che sono morti tutti insieme all' improvviso",
        "client_msg_id": "8f11c63d-cb05-4f62-9c2c-9f9abfe3dc63",
        "ts": "1525786510.000095"
    },
    {
        "type": "message",
        "user": "U9P373ASV",
        "text": "Stiamo da noi",
        "client_msg_id": "646361e0-144c-4d2d-b872-a78b0a928a56",
        "ts": "1525787952.000059"
    },
    {
        "type": "message",
        "user": "U9P373ASV",
        "text": "Abbiamo appena lavato",
        "client_msg_id": "79820181-1126-4586-b98d-44f36652d5be",
        "ts": "1525787965.000065"
    },
    {
        "type": "message",
        "user": "U9P373ASV",
        "text": "Quindi pulitevi le scarpe",
        "client_msg_id": "dc1706bc-c4fb-4197-8940-291c9adb9bb3",
        "ts": "1525787975.000569"
    },
    {
        "type": "message",
        "user": "U9P3D2S8Z",
        "text": "Da voi dov'è?",
        "client_msg_id": "8c6a8845-58fd-4853-bc58-778a2e1edc04",
        "ts": "1525788138.000269"
    },
    {
        "type": "message",
        "user": "U9P373ASV",
        "text": "Presente dov'è stacco?",
        "client_msg_id": "fc76b4d4-f0bc-4d7b-b074-377133a3614c",
        "ts": "1525788182.000840"
    },
    {
        "type": "message",
        "user": "U9P3D2S8Z",
        "text": "Uhm no",
        "client_msg_id": "ac577b97-e3ac-4f52-9125-64e5f8fda48c",
        "ts": "1525788226.000362"
    },
    {
        "type": "message",
        "user": "U9P373ASV",
        "text": "Viale antonio meucci 19c",
        "client_msg_id": "b330474d-03ae-4380-b03f-63d26fbdbcb3",
        "ts": "1525788269.000584"
    },
    {
        "type": "message",
        "user": "U9P3D2S8Z",
        "text": "Okay",
        "client_msg_id": "efc4df60-eb3c-4c81-a0c9-008808f7e0a6",
        "ts": "1525788789.000288"
    }
]