[
    {
        "type": "message",
        "user": "U9P3D2S8Z",
        "text": "Se Mr Filippo non commenta non ha nessuna valenza quello che hanno scritto",
        "ts": "1526216611.000053"
    },
    {
        "type": "message",
        "user": "U9P373ASV",
        "text": "Si ma per evitare omonimia,era ovvio utilizzare l'id al posto del real name,quindi non capisco perché stanno facendo tutti sti problemi",
        "client_msg_id": "0558a3e2-ca70-475d-80e6-0ea173e8be77",
        "ts": "1526216864.000066"
    },
    {
        "type": "message",
        "user": "U9P373ASV",
        "text": "Addirittura alcuni,per controllare che non siano la stessa persona,controllano che i loro name,real name siano diversi",
        "client_msg_id": "6564a4e7-b749-4dd6-be1a-d2b1dc5636f8",
        "ts": "1526216911.000035"
    },
    {
        "type": "message",
        "user": "U9P373ASV",
        "text": "Non capendo che bastava un controllo sugli id",
        "client_msg_id": "568cebd6-e272-4238-a684-a12af3e00dc0",
        "ts": "1526216922.000037"
    },
    {
        "type": "message",
        "user": "U9P373ASV",
        "text": "Per questo io dico che certe persone hanno problemi",
        "client_msg_id": "4c4545fd-8ec9-4911-8545-97c40620bb02",
        "ts": "1526216942.000060"
    },
    {
        "type": "message",
        "user": "U9P3D2S8Z",
        "text": "Alessa vedila da sto punto di vista, se stanno a questi livelli il nostro progetto non è poi tanto male :grin:",
        "client_msg_id": "f5707e9e-40e6-4bb0-be8f-239997d95753",
        "ts": "1526227264.000128"
    },
    {
        "type": "message",
        "user": "U9NQ1QL72",
        "text": "<@U9P3D2S8Z> puoi fare il merge della pull request che ho fatto",
        "ts": "1526228608.000134"
    },
    {
        "type": "message",
        "user": "U9NQ1QL72",
        "text": "?",
        "ts": "1526228618.000030"
    },
    {
        "type": "message",
        "user": "U9NQ1QL72",
        "text": "o chiunque puo",
        "ts": "1526228631.000009"
    },
    {
        "type": "message",
        "user": "U9P33EZ5F",
        "text": "Fatto",
        "client_msg_id": "80bb8089-4c52-4271-affb-9ed914bc4883",
        "ts": "1526229214.000054"
    }
]