[
    {
        "type": "message",
        "user": "U9NV9614K",
        "text": "*In qualità di utente voglio visualizzare la lista dei @mention che partono da uno User*\nCriteri di accettazione:\n   Verificare che sia possibile specificare lo User da cui partono i @mention\n   Verificare che per ogni @mention sia visualizzata una riga con la coppia (From, To) dove From è lo User specificato nel comando e To è lo User menzionato.\n   Verificare che le coppie (From, To) non siano ripetute\n   Verificare che le coppie (From, To) corrispondenti a un @mention siano tutte presenti\n   Verificare che siano visualizzate solo coppie (From, To) corrispondenti a un @mention\n   Verificare che sia possibile specificare il Channel e, nel caso sia specificato, la lista sia ristretta ai soli @mention del Channel\n\n*In qualità di utente voglio visualizzare la lista dei @mention che arrivano a uno User #31* (edited)\nCriteri di accettazione:\n\n   Verificare che sia possibile specificare lo User a cui arrivano i @mention\n   Verificare che per ogni @mention sia visualizzata una riga con la coppia (From, To) dove è lo User che scrive il messaggio con il @mention e To è lo User menzionato e specificato nel comando.\n   Verificare che le coppie (From, To) non siano ripetute\n   Verificare che le coppie (From, To) corrispondenti a un @mention siano tutte presenti\n   Verificare che siano visualizzate solo coppie (From, To) corrispondenti a un @mention\n   Verificare che sia possibile specificare il Channel e, nel caso sia specificato, la lista sia ristretta ai soli @mention del Channel",
        "ts": "1525509240.000030"
    },
    {
        "type": "message",
        "user": "U9NV9614K",
        "text": "#29 In qualità di utente voglio visualizzare la lista dei @mention\n*Criteri di accettazione:*\n\n• Verificare che per ogni @mention sia visualizzata una riga con la coppia *(From, To)* dove _From_ è lo User che scrive il messaggio con il @mention e _To_ è lo User menzionato.\n• Verificare che le coppie *(From, To)* non siano ripetute\n• Verificare che le coppie *(From, To)* corrispondenti a un @mention siano tutte presenti\n• Verificare che siano visualizzate solo coppie *(From, To)* corrispondenti a un @mention\n• Verificare che sia possibile specificare il Channel e, nel caso sia specificato, la lista sia ristretta ai soli @mention del Channel\nLabels\nuser story",
        "ts": "1525509257.000049"
    },
    {
        "type": "message",
        "user": "U9P60ACP7",
        "text": "*In qualità di studente voglio passare lo sprint 2*\n- verificare di studiare anche i giorni rossi sul calendario\n- verificare di non pensare ad altro nella propria vita\n- verificare che i banchi di farmacia siano liberi",
        "client_msg_id": "c7be4edf-f845-4015-bd7f-f2e6aa90d7ae",
        "edited": {
            "user": "U9P60ACP7",
            "ts": "1525509486.000000"
        },
        "ts": "1525509432.000001",
        "reactions": [
            {
                "name": "rolling_on_the_floor_laughing",
                "users": [
                    "U9NV9614K",
                    "U9P0DMXGD"
                ],
                "count": 2
            }
        ]
    },
    {
        "type": "message",
        "user": "U9P0DMXGD",
        "text": "cuoricini sto scrivendo gli issue su github",
        "ts": "1525509495.000007"
    },
    {
        "type": "message",
        "user": "U9P0DMXGD",
        "text": "ok finito andate a controllare se volete,  ah una cosa che facciamo chiudiamo lo sprint 1 su github?",
        "ts": "1525510364.000049"
    },
    {
        "type": "message",
        "user": "U9P60ACP7",
        "text": "Sisi chiudiamolo",
        "client_msg_id": "81466f85-2a24-4abb-b734-f9e617a1dd8a",
        "ts": "1525511399.000054"
    },
    {
        "type": "message",
        "user": "U9P0DMXGD",
        "text": "francè sei d'accordo?",
        "ts": "1525511426.000059"
    },
    {
        "type": "message",
        "user": "U9NV9614K",
        "text": "Lanubile ha scritto di chiudere lo sprint 1 solo dopo aver creato gli issue bug, che però noi non abbiamo (se non ricordo male)",
        "ts": "1525514656.000085"
    },
    {
        "type": "message",
        "user": "U9P0DMXGD",
        "text": "Andando per logica possiamo chiuderlo",
        "ts": "1525514686.000024"
    },
    {
        "type": "message",
        "user": "U9NV9614K",
        "text": "No aspe, dobbiamo modificare il codice per Gradle",
        "ts": "1525514695.000100"
    },
    {
        "type": "message",
        "user": "U9NV9614K",
        "text": "tutti i suggerimenti, o sbaglio?",
        "ts": "1525514710.000018"
    },
    {
        "type": "message",
        "user": "U9P0DMXGD",
        "text": "senti francè non so quanto possa essere necessario fare tutte quelle modifiche, comunque dai lunedì decidiamo",
        "ts": "1525514763.000089"
    },
    {
        "type": "message",
        "user": "U9NV9614K",
        "text": "se non lo ritenete necessario potete chiudere eh! lo stavo solo ricordando",
        "ts": "1525514807.000076"
    },
    {
        "type": "message",
        "user": "U9P0DMXGD",
        "text": "Allora facciamo così. Lunedì dedichiamo 15 minuti per questa questione che non è prioritaria e decidiamo il da farsi.",
        "ts": "1525514887.000075"
    },
    {
        "type": "message",
        "user": "U9NV9614K",
        "text": "ok ok",
        "ts": "1525514902.000065"
    },
    {
        "type": "message",
        "user": "U9P60ACP7",
        "text": "Oke",
        "client_msg_id": "f4c3d38c-43ed-48e9-9bc3-4878f0b72e24",
        "ts": "1525516024.000058"
    },
    {
        "type": "message",
        "subtype": "file_share",
        "text": "<@U9P0DMXGD> uploaded a file: <https:\/\/ingsw1718.slack.com\/files\/U9P0DMXGD\/FAK2Z8PFX\/awa_eh.java|awa eh>",
        "file": {
            "id": "FAK2Z8PFX",
            "created": 1525536081,
            "timestamp": 1525536081,
            "name": "awa_eh.java",
            "title": "awa eh",
            "mimetype": "text\/plain",
            "filetype": "java",
            "pretty_type": "Java",
            "user": "U9P0DMXGD",
            "editable": true,
            "size": 3084,
            "mode": "snippet",
            "is_external": false,
            "external_type": "",
            "is_public": true,
            "public_url_shared": false,
            "display_as_bot": false,
            "username": "",
            "url_private": "https:\/\/files.slack.com\/files-pri\/T9BAB138B-FAK2Z8PFX\/awa_eh.java?t=xoxe-317351037283-365207707586-364511306800-333c6acf63d6b69e07fd249ca7d3d9ee",
            "url_private_download": "https:\/\/files.slack.com\/files-pri\/T9BAB138B-FAK2Z8PFX\/download\/awa_eh.java?t=xoxe-317351037283-365207707586-364511306800-333c6acf63d6b69e07fd249ca7d3d9ee",
            "permalink": "https:\/\/ingsw1718.slack.com\/files\/U9P0DMXGD\/FAK2Z8PFX\/awa_eh.java",
            "permalink_public": "https:\/\/slack-files.com\/T9BAB138B-FAK2Z8PFX-5e98065977",
            "edit_link": "https:\/\/ingsw1718.slack.com\/files\/U9P0DMXGD\/FAK2Z8PFX\/awa_eh.java\/edit",
            "preview": "import java.io.FileNotFoundException;\r\nimport java.io.IOException;\r\nimport java.io.InputStreamReader;\r\nimport java.util.Iterator;\r\nimport java.util.zip.ZipEntry;\r",
            "preview_highlight": "<div class=\"CodeMirror cm-s-default CodeMirrorServer\" oncopy=\"if(event.clipboardData){event.clipboardData.setData('text\/plain',window.getSelection().toString().replace(\/\\u200b\/g,''));event.preventDefault();event.stopPropagation();}\">\n<div class=\"CodeMirror-code\">\n<div><pre><span class=\"cm-keyword\">import<\/span> <span class=\"cm-variable\">java<\/span>.<span class=\"cm-variable\">io<\/span>.<span class=\"cm-variable\">FileNotFoundException<\/span>;<\/pre><\/div>\n<div><pre><span class=\"cm-keyword\">import<\/span> <span class=\"cm-variable\">java<\/span>.<span class=\"cm-variable\">io<\/span>.<span class=\"cm-variable\">IOException<\/span>;<\/pre><\/div>\n<div><pre><span class=\"cm-keyword\">import<\/span> <span class=\"cm-variable\">java<\/span>.<span class=\"cm-variable\">io<\/span>.<span class=\"cm-variable\">InputStreamReader<\/span>;<\/pre><\/div>\n<div><pre><span class=\"cm-keyword\">import<\/span> <span class=\"cm-variable\">java<\/span>.<span class=\"cm-variable\">util<\/span>.<span class=\"cm-variable\">Iterator<\/span>;<\/pre><\/div>\n<div><pre><span class=\"cm-keyword\">import<\/span> <span class=\"cm-variable\">java<\/span>.<span class=\"cm-variable\">util<\/span>.<span class=\"cm-variable\">zip<\/span>.<span class=\"cm-variable\">ZipEntry<\/span>;<\/pre><\/div>\n<\/div>\n<\/div>\n",
            "lines": 107,
            "lines_more": 102,
            "preview_is_truncated": true,
            "channels": [],
            "groups": [],
            "ims": [],
            "comments_count": 0
        },
        "user": "U9P0DMXGD",
        "upload": true,
        "display_as_bot": false,
        "username": "r.bellarosa1",
        "bot_id": null,
        "ts": "1525536082.000063"
    },
    {
        "type": "message",
        "user": "U9P60ACP7",
        "text": "Sarebbe?",
        "client_msg_id": "e267dfa3-2754-406c-aad4-21622412cd2c",
        "thread_ts": "1525536162.000015",
        "reply_count": 1,
        "replies": [
            {
                "user": "U9P0DMXGD",
                "ts": "1525684673.000363"
            }
        ],
        "unread_count": 1,
        "ts": "1525536162.000015"
    },
    {
        "type": "message",
        "user": "U9P0DMXGD",
        "text": "Niente Dav Francesco ha provato a leggere i messaggi da file json mentre io i mention però va in loop il programma",
        "client_msg_id": "f91d86f4-a6d0-40e9-ac30-57c8ac7720c4",
        "thread_ts": "1525536316.000020",
        "reply_count": 1,
        "replies": [
            {
                "user": "U9P0DMXGD",
                "ts": "1525684577.000303"
            }
        ],
        "unread_count": 1,
        "ts": "1525536316.000020"
    }
]