[
    {
        "type": "message",
        "subtype": "file_share",
        "text": "<@U9NV9614K> uploaded a file: <https:\/\/ingsw1718.slack.com\/files\/U9NV9614K\/FAJPC1VMF\/-.txt|Untitled>",
        "file": {
            "id": "FAJPC1VMF",
            "created": 1525681341,
            "timestamp": 1525681341,
            "name": "-.txt",
            "title": "Untitled",
            "mimetype": "text\/plain",
            "filetype": "text",
            "pretty_type": "Plain Text",
            "user": "U9NV9614K",
            "editable": true,
            "size": 1600,
            "mode": "snippet",
            "is_external": false,
            "external_type": "",
            "is_public": true,
            "public_url_shared": false,
            "display_as_bot": false,
            "username": "",
            "url_private": "https:\/\/files.slack.com\/files-pri\/T9BAB138B-FAJPC1VMF\/-.txt?t=xoxe-317351037283-365207707586-364511306800-333c6acf63d6b69e07fd249ca7d3d9ee",
            "url_private_download": "https:\/\/files.slack.com\/files-pri\/T9BAB138B-FAJPC1VMF\/download\/-.txt?t=xoxe-317351037283-365207707586-364511306800-333c6acf63d6b69e07fd249ca7d3d9ee",
            "permalink": "https:\/\/ingsw1718.slack.com\/files\/U9NV9614K\/FAJPC1VMF\/-.txt",
            "permalink_public": "https:\/\/slack-files.com\/T9BAB138B-FAJPC1VMF-8b7b3c44c0",
            "edit_link": "https:\/\/ingsw1718.slack.com\/files\/U9NV9614K\/FAJPC1VMF\/-.txt\/edit",
            "preview": "try {\r\n\t\t\tZipFile ws = new ZipFile(path);\r\n\t\t\tEnumeration<? extends ZipEntry> entries = ws.entries();\r\n\t\t\twhile(entries.hasMoreElements()) {\r\n\t\t\t\tZipEntry entry = entries.nextElement();\r",
            "preview_highlight": "<div class=\"CodeMirror cm-s-default CodeMirrorServer\" oncopy=\"if(event.clipboardData){event.clipboardData.setData('text\/plain',window.getSelection().toString().replace(\/\\u200b\/g,''));event.preventDefault();event.stopPropagation();}\">\n<div class=\"CodeMirror-code\">\n<div><pre>try {<\/pre><\/div>\n<div><pre>            ZipFile ws = new ZipFile(path);<\/pre><\/div>\n<div><pre>            Enumeration&lt;? extends ZipEntry&gt; entries = ws.entries();<\/pre><\/div>\n<div><pre>            while(entries.hasMoreElements()) {<\/pre><\/div>\n<div><pre>                ZipEntry entry = entries.nextElement();<\/pre><\/div>\n<div><pre><\/pre><\/div>\n<\/div>\n<\/div>\n",
            "lines": 44,
            "lines_more": 39,
            "preview_is_truncated": true,
            "channels": [],
            "groups": [],
            "ims": [],
            "comments_count": 0
        },
        "user": "U9NV9614K",
        "upload": true,
        "display_as_bot": false,
        "username": "francilomuscio",
        "bot_id": null,
        "ts": "1525681341.000494"
    },
    {
        "type": "message",
        "user": "U9P0DMXGD",
        "text": "aweee",
        "thread_ts": "1525536316.000020",
        "parent_user_id": "U9P0DMXGD",
        "ts": "1525684577.000303"
    },
    {
        "text": "ciao",
        "thread_ts": "1525536162.000015",
        "type": "message",
        "subtype": "thread_broadcast",
        "user": "U9P0DMXGD",
        "root": {
            "type": "message",
            "user": "U9P60ACP7",
            "text": "Sarebbe?",
            "client_msg_id": "e267dfa3-2754-406c-aad4-21622412cd2c",
            "thread_ts": "1525536162.000015",
            "reply_count": 1,
            "replies": [
                {
                    "user": "U9P0DMXGD",
                    "ts": "1525684673.000363"
                }
            ],
            "unread_count": 1,
            "ts": "1525536162.000015"
        },
        "ts": "1525684673.000363"
    },
    {
        "type": "message",
        "user": "U9NV9614K",
        "text": "ciao <@U9P0DMXGD>",
        "ts": "1525684929.000263"
    },
    {
        "type": "message",
        "subtype": "pinned_item",
        "user": "U9NV9614K",
        "item_type": "C",
        "attachments": [
            {
                "fallback": "[May 7th, 2018 2:22 AM] francilomuscio: ciao <@U9P0DMXGD>",
                "ts": "1525684929.000263",
                "author_id": "U9NV9614K",
                "author_subname": "Francesco Lomuscio",
                "channel_id": "C9NCZSP88",
                "channel_name": "backus",
                "is_msg_unfurl": true,
                "text": "ciao <@U9P0DMXGD>",
                "author_name": "Francesco Lomuscio",
                "author_link": "https:\/\/ingsw1718.slack.com\/team\/U9NV9614K",
                "author_icon": "https:\/\/avatars.slack-edge.com\/2018-03-13\/328816651393_1b4bbb2e9079bf6a53a0_48.jpg",
                "mrkdwn_in": [
                    "text"
                ],
                "from_hidden_wksp": false
            }
        ],
        "text": "<@U9NV9614K> pinned a message to this channel.",
        "ts": "1525684941.000136"
    },
    {
        "type": "message",
        "user": "U9NV9614K",
        "text": "prova",
        "ts": "1525684954.000429"
    },
    {
        "type": "message",
        "user": "U9NV9614K",
        "text": "@ciao",
        "ts": "1525687170.000355"
    }
]