[
    {
        "type": "message",
        "subtype": "file_share",
        "text": "<@U9NV9614K> uploaded a file: <https:\/\/ingsw1718.slack.com\/files\/U9NV9614K\/FAMNJH6T1\/privato2.zip|privato2.zip>",
        "file": {
            "id": "FAMNJH6T1",
            "created": 1525851629,
            "timestamp": 1525851629,
            "name": "privato2.zip",
            "title": "privato2.zip",
            "mimetype": "application\/zip",
            "filetype": "zip",
            "pretty_type": "Zip",
            "user": "U9NV9614K",
            "editable": false,
            "size": 5940,
            "mode": "hosted",
            "is_external": false,
            "external_type": "",
            "is_public": true,
            "public_url_shared": false,
            "display_as_bot": false,
            "username": "",
            "url_private": "https:\/\/files.slack.com\/files-pri\/T9BAB138B-FAMNJH6T1\/privato2.zip?t=xoxe-317351037283-365207707586-364511306800-333c6acf63d6b69e07fd249ca7d3d9ee",
            "url_private_download": "https:\/\/files.slack.com\/files-pri\/T9BAB138B-FAMNJH6T1\/download\/privato2.zip?t=xoxe-317351037283-365207707586-364511306800-333c6acf63d6b69e07fd249ca7d3d9ee",
            "permalink": "https:\/\/ingsw1718.slack.com\/files\/U9NV9614K\/FAMNJH6T1\/privato2.zip",
            "permalink_public": "https:\/\/slack-files.com\/T9BAB138B-FAMNJH6T1-e9543f7143",
            "channels": [],
            "groups": [],
            "ims": [],
            "comments_count": 0
        },
        "user": "U9NV9614K",
        "upload": true,
        "display_as_bot": false,
        "username": "francilomuscio",
        "bot_id": null,
        "ts": "1525851630.000107"
    },
    {
        "type": "message",
        "user": "U9NV9614K",
        "text": "\"\/build\/classes\n\/build\/distributions\n\/build\/jacoco\n\/build\/libs\n\/build\/scripts\n\/build\/test-results\"",
        "ts": "1525935054.000156"
    },
    {
        "type": "message",
        "subtype": "file_share",
        "text": "<@U9NV9614K> uploaded a file: <https:\/\/ingsw1718.slack.com\/files\/U9NV9614K\/FAMG5E5T7\/-.txt|Untitled>",
        "file": {
            "id": "FAMG5E5T7",
            "created": 1525935471,
            "timestamp": 1525935471,
            "name": "-.txt",
            "title": "Untitled",
            "mimetype": "text\/plain",
            "filetype": "text",
            "pretty_type": "Plain Text",
            "user": "U9NV9614K",
            "editable": true,
            "size": 105,
            "mode": "snippet",
            "is_external": false,
            "external_type": "",
            "is_public": true,
            "public_url_shared": false,
            "display_as_bot": false,
            "username": "",
            "url_private": "https:\/\/files.slack.com\/files-pri\/T9BAB138B-FAMG5E5T7\/-.txt?t=xoxe-317351037283-365207707586-364511306800-333c6acf63d6b69e07fd249ca7d3d9ee",
            "url_private_download": "https:\/\/files.slack.com\/files-pri\/T9BAB138B-FAMG5E5T7\/download\/-.txt?t=xoxe-317351037283-365207707586-364511306800-333c6acf63d6b69e07fd249ca7d3d9ee",
            "permalink": "https:\/\/ingsw1718.slack.com\/files\/U9NV9614K\/FAMG5E5T7\/-.txt",
            "permalink_public": "https:\/\/slack-files.com\/T9BAB138B-FAMG5E5T7-28b48c77c3",
            "edit_link": "https:\/\/ingsw1718.slack.com\/files\/U9NV9614K\/FAMG5E5T7\/-.txt\/edit",
            "preview": "tasks.withType(FindBugs) {\r\n    reports {\r\n        xml.enabled false\r\n        html.enabled true\r\n    }\r",
            "preview_highlight": "<div class=\"CodeMirror cm-s-default CodeMirrorServer\" oncopy=\"if(event.clipboardData){event.clipboardData.setData('text\/plain',window.getSelection().toString().replace(\/\\u200b\/g,''));event.preventDefault();event.stopPropagation();}\">\n<div class=\"CodeMirror-code\">\n<div><pre>tasks.withType(FindBugs) {<\/pre><\/div>\n<div><pre>    reports {<\/pre><\/div>\n<div><pre>        xml.enabled false<\/pre><\/div>\n<div><pre>        html.enabled true<\/pre><\/div>\n<div><pre>    }<\/pre><\/div>\n<div><pre><\/pre><\/div>\n<\/div>\n<\/div>\n",
            "lines": 6,
            "lines_more": 1,
            "preview_is_truncated": false,
            "channels": [],
            "groups": [],
            "ims": [],
            "comments_count": 0
        },
        "user": "U9NV9614K",
        "upload": true,
        "display_as_bot": false,
        "username": "francilomuscio",
        "bot_id": null,
        "ts": "1525935471.000221"
    }
]