[
    {
        "type": "message",
        "subtype": "file_share",
        "text": "<@U9P0DMXGD> uploaded a file: <https:\/\/ingsw1718.slack.com\/files\/U9P0DMXGD\/FAP6RS3DY\/users.json|users.json>",
        "file": {
            "id": "FAP6RS3DY",
            "created": 1526293037,
            "timestamp": 1526293037,
            "name": "users.json",
            "title": "users.json",
            "mimetype": "text\/plain",
            "filetype": "javascript",
            "pretty_type": "JavaScript\/JSON",
            "user": "U9P0DMXGD",
            "editable": true,
            "size": 326180,
            "mode": "snippet",
            "is_external": false,
            "external_type": "",
            "is_public": true,
            "public_url_shared": false,
            "display_as_bot": false,
            "username": "",
            "url_private": "https:\/\/files.slack.com\/files-pri\/T9BAB138B-FAP6RS3DY\/users.json?t=xoxe-317351037283-365207707586-364511306800-333c6acf63d6b69e07fd249ca7d3d9ee",
            "url_private_download": "https:\/\/files.slack.com\/files-pri\/T9BAB138B-FAP6RS3DY\/download\/users.json?t=xoxe-317351037283-365207707586-364511306800-333c6acf63d6b69e07fd249ca7d3d9ee",
            "permalink": "https:\/\/ingsw1718.slack.com\/files\/U9P0DMXGD\/FAP6RS3DY\/users.json",
            "permalink_public": "https:\/\/slack-files.com\/T9BAB138B-FAP6RS3DY-d5d1fb4f07",
            "edit_link": "https:\/\/ingsw1718.slack.com\/files\/U9P0DMXGD\/FAP6RS3DY\/users.json\/edit",
            "preview": "[\n    {\n        \"id\": \"U9PNMN1HC\",\n        \"team_id\": \"T9BAB138B\",\n        \"name\": \"a.brunetta\",",
            "preview_highlight": "<div class=\"CodeMirror cm-s-default CodeMirrorServer\" oncopy=\"if(event.clipboardData){event.clipboardData.setData('text\/plain',window.getSelection().toString().replace(\/\\u200b\/g,''));event.preventDefault();event.stopPropagation();}\">\n<div class=\"CodeMirror-code\">\n<div><pre>[<\/pre><\/div>\n<div><pre>    {<\/pre><\/div>\n<div><pre>        &quot;id&quot;: &quot;U9PNMN1HC&quot;,<\/pre><\/div>\n<div><pre>        &quot;team_id&quot;: &quot;T9BAB138B&quot;,<\/pre><\/div>\n<div><pre>        &quot;name&quot;: &quot;a.brunetta&quot;,<\/pre><\/div>\n<\/div>\n<\/div>\n",
            "lines": 6940,
            "lines_more": 6935,
            "preview_is_truncated": true,
            "channels": [],
            "groups": [],
            "ims": [],
            "comments_count": 0
        },
        "user": "U9P0DMXGD",
        "upload": true,
        "display_as_bot": false,
        "username": "r.bellarosa1",
        "bot_id": null,
        "ts": "1526293038.000037"
    },
    {
        "type": "message",
        "user": "U9NV9614K",
        "text": "<http:\/\/checkstyle.sourceforge.net\/config.html#TreeWalker>",
        "ts": "1526303857.000360"
    },
    {
        "type": "message",
        "subtype": "file_share",
        "text": "<@U9P60ACP7> uploaded a file: <https:\/\/ingsw1718.slack.com\/files\/U9P60ACP7\/FAPC19XCJ\/mentions_pesati.txt|mentions pesati.txt>",
        "file": {
            "id": "FAPC19XCJ",
            "created": 1526310211,
            "timestamp": 1526310211,
            "name": "mentions pesati.txt",
            "title": "mentions pesati.txt",
            "mimetype": "text\/plain",
            "filetype": "text",
            "pretty_type": "Plain Text",
            "user": "U9P60ACP7",
            "editable": true,
            "size": 6279,
            "mode": "snippet",
            "is_external": false,
            "external_type": "",
            "is_public": true,
            "public_url_shared": false,
            "display_as_bot": false,
            "username": "",
            "url_private": "https:\/\/files.slack.com\/files-pri\/T9BAB138B-FAPC19XCJ\/mentions_pesati.txt?t=xoxe-317351037283-365207707586-364511306800-333c6acf63d6b69e07fd249ca7d3d9ee",
            "url_private_download": "https:\/\/files.slack.com\/files-pri\/T9BAB138B-FAPC19XCJ\/download\/mentions_pesati.txt?t=xoxe-317351037283-365207707586-364511306800-333c6acf63d6b69e07fd249ca7d3d9ee",
            "permalink": "https:\/\/ingsw1718.slack.com\/files\/U9P60ACP7\/FAPC19XCJ\/mentions_pesati.txt",
            "permalink_public": "https:\/\/slack-files.com\/T9BAB138B-FAPC19XCJ-6a42c3c01e",
            "edit_link": "https:\/\/ingsw1718.slack.com\/files\/U9P60ACP7\/FAPC19XCJ\/mentions_pesati.txt\/edit",
            "preview": "(Fabio Calefato, Lanubile, 1)\r\n(Alex Arda, Lanubile, 1)\r\n(nicole.novielli, Marco Cafaro, 1)\r\n(Vito Intini, Lanubile, 1)\r\n(Federica Di Terlizzi, Lanubile, 2)\r",
            "preview_highlight": "<div class=\"CodeMirror cm-s-default CodeMirrorServer\" oncopy=\"if(event.clipboardData){event.clipboardData.setData('text\/plain',window.getSelection().toString().replace(\/\\u200b\/g,''));event.preventDefault();event.stopPropagation();}\">\n<div class=\"CodeMirror-code\">\n<div><pre>(Fabio Calefato, Lanubile, 1)<\/pre><\/div>\n<div><pre>(Alex Arda, Lanubile, 1)<\/pre><\/div>\n<div><pre>(nicole.novielli, Marco Cafaro, 1)<\/pre><\/div>\n<div><pre>(Vito Intini, Lanubile, 1)<\/pre><\/div>\n<div><pre>(Federica Di Terlizzi, Lanubile, 2)<\/pre><\/div>\n<div><pre><\/pre><\/div>\n<\/div>\n<\/div>\n",
            "lines": 183,
            "lines_more": 178,
            "preview_is_truncated": true,
            "channels": [],
            "groups": [],
            "ims": [],
            "comments_count": 0
        },
        "user": "U9P60ACP7",
        "upload": true,
        "display_as_bot": false,
        "username": "dongiovannidavide",
        "bot_id": null,
        "ts": "1526310212.000283"
    }
]