[
    {
        "type": "message",
        "subtype": "file_share",
        "text": "<@U9NV9614K> uploaded a file: <https:\/\/ingsw1718.slack.com\/files\/U9NV9614K\/FAFMQLGNR\/screenshot__1_.png|esempio menu di help>",
        "file": {
            "id": "FAFMQLGNR",
            "created": 1525075439,
            "timestamp": 1525075439,
            "name": "Screenshot (1).png",
            "title": "esempio menu di help",
            "mimetype": "image\/png",
            "filetype": "png",
            "pretty_type": "PNG",
            "user": "U9NV9614K",
            "editable": false,
            "size": 176721,
            "mode": "hosted",
            "is_external": false,
            "external_type": "",
            "is_public": true,
            "public_url_shared": false,
            "display_as_bot": false,
            "username": "",
            "url_private": "https:\/\/files.slack.com\/files-pri\/T9BAB138B-FAFMQLGNR\/screenshot__1_.png?t=xoxe-317351037283-365207707586-364511306800-333c6acf63d6b69e07fd249ca7d3d9ee",
            "url_private_download": "https:\/\/files.slack.com\/files-pri\/T9BAB138B-FAFMQLGNR\/download\/screenshot__1_.png?t=xoxe-317351037283-365207707586-364511306800-333c6acf63d6b69e07fd249ca7d3d9ee",
            "thumb_64": "https:\/\/files.slack.com\/files-tmb\/T9BAB138B-FAFMQLGNR-dedb3d929e\/screenshot__1__64.png?t=xoxe-317351037283-365207707586-364511306800-333c6acf63d6b69e07fd249ca7d3d9ee",
            "thumb_80": "https:\/\/files.slack.com\/files-tmb\/T9BAB138B-FAFMQLGNR-dedb3d929e\/screenshot__1__80.png?t=xoxe-317351037283-365207707586-364511306800-333c6acf63d6b69e07fd249ca7d3d9ee",
            "thumb_360": "https:\/\/files.slack.com\/files-tmb\/T9BAB138B-FAFMQLGNR-dedb3d929e\/screenshot__1__360.png?t=xoxe-317351037283-365207707586-364511306800-333c6acf63d6b69e07fd249ca7d3d9ee",
            "thumb_360_w": 360,
            "thumb_360_h": 202,
            "thumb_480": "https:\/\/files.slack.com\/files-tmb\/T9BAB138B-FAFMQLGNR-dedb3d929e\/screenshot__1__480.png?t=xoxe-317351037283-365207707586-364511306800-333c6acf63d6b69e07fd249ca7d3d9ee",
            "thumb_480_w": 480,
            "thumb_480_h": 270,
            "thumb_160": "https:\/\/files.slack.com\/files-tmb\/T9BAB138B-FAFMQLGNR-dedb3d929e\/screenshot__1__160.png?t=xoxe-317351037283-365207707586-364511306800-333c6acf63d6b69e07fd249ca7d3d9ee",
            "thumb_720": "https:\/\/files.slack.com\/files-tmb\/T9BAB138B-FAFMQLGNR-dedb3d929e\/screenshot__1__720.png?t=xoxe-317351037283-365207707586-364511306800-333c6acf63d6b69e07fd249ca7d3d9ee",
            "thumb_720_w": 720,
            "thumb_720_h": 405,
            "thumb_800": "https:\/\/files.slack.com\/files-tmb\/T9BAB138B-FAFMQLGNR-dedb3d929e\/screenshot__1__800.png?t=xoxe-317351037283-365207707586-364511306800-333c6acf63d6b69e07fd249ca7d3d9ee",
            "thumb_800_w": 800,
            "thumb_800_h": 450,
            "thumb_960": "https:\/\/files.slack.com\/files-tmb\/T9BAB138B-FAFMQLGNR-dedb3d929e\/screenshot__1__960.png?t=xoxe-317351037283-365207707586-364511306800-333c6acf63d6b69e07fd249ca7d3d9ee",
            "thumb_960_w": 960,
            "thumb_960_h": 540,
            "thumb_1024": "https:\/\/files.slack.com\/files-tmb\/T9BAB138B-FAFMQLGNR-dedb3d929e\/screenshot__1__1024.png?t=xoxe-317351037283-365207707586-364511306800-333c6acf63d6b69e07fd249ca7d3d9ee",
            "thumb_1024_w": 1024,
            "thumb_1024_h": 576,
            "image_exif_rotation": 1,
            "original_w": 1366,
            "original_h": 768,
            "permalink": "https:\/\/ingsw1718.slack.com\/files\/U9NV9614K\/FAFMQLGNR\/screenshot__1_.png",
            "permalink_public": "https:\/\/slack-files.com\/T9BAB138B-FAFMQLGNR-6d50770f14",
            "channels": [],
            "groups": [],
            "ims": [],
            "comments_count": 0
        },
        "user": "U9NV9614K",
        "upload": true,
        "display_as_bot": false,
        "username": "francilomuscio",
        "bot_id": null,
        "ts": "1525075442.000025"
    },
    {
        "type": "message",
        "user": "U9P0DMXGD",
        "text": "Ok perfetto",
        "client_msg_id": "f75d835e-028a-494c-861f-87577c6f9e80",
        "ts": "1525075494.000038"
    },
    {
        "type": "message",
        "subtype": "file_share",
        "text": "<@U9NV9614K> uploaded a file: <https:\/\/ingsw1718.slack.com\/files\/U9NV9614K\/FAFHW7U3C\/screenshot__2_.png|esempio_2>",
        "file": {
            "id": "FAFHW7U3C",
            "created": 1525076250,
            "timestamp": 1525076250,
            "name": "Screenshot (2).png",
            "title": "esempio_2",
            "mimetype": "image\/png",
            "filetype": "png",
            "pretty_type": "PNG",
            "user": "U9NV9614K",
            "editable": false,
            "size": 192828,
            "mode": "hosted",
            "is_external": false,
            "external_type": "",
            "is_public": true,
            "public_url_shared": false,
            "display_as_bot": false,
            "username": "",
            "url_private": "https:\/\/files.slack.com\/files-pri\/T9BAB138B-FAFHW7U3C\/screenshot__2_.png?t=xoxe-317351037283-365207707586-364511306800-333c6acf63d6b69e07fd249ca7d3d9ee",
            "url_private_download": "https:\/\/files.slack.com\/files-pri\/T9BAB138B-FAFHW7U3C\/download\/screenshot__2_.png?t=xoxe-317351037283-365207707586-364511306800-333c6acf63d6b69e07fd249ca7d3d9ee",
            "thumb_64": "https:\/\/files.slack.com\/files-tmb\/T9BAB138B-FAFHW7U3C-d62df5fe2c\/screenshot__2__64.png?t=xoxe-317351037283-365207707586-364511306800-333c6acf63d6b69e07fd249ca7d3d9ee",
            "thumb_80": "https:\/\/files.slack.com\/files-tmb\/T9BAB138B-FAFHW7U3C-d62df5fe2c\/screenshot__2__80.png?t=xoxe-317351037283-365207707586-364511306800-333c6acf63d6b69e07fd249ca7d3d9ee",
            "thumb_360": "https:\/\/files.slack.com\/files-tmb\/T9BAB138B-FAFHW7U3C-d62df5fe2c\/screenshot__2__360.png?t=xoxe-317351037283-365207707586-364511306800-333c6acf63d6b69e07fd249ca7d3d9ee",
            "thumb_360_w": 360,
            "thumb_360_h": 202,
            "thumb_480": "https:\/\/files.slack.com\/files-tmb\/T9BAB138B-FAFHW7U3C-d62df5fe2c\/screenshot__2__480.png?t=xoxe-317351037283-365207707586-364511306800-333c6acf63d6b69e07fd249ca7d3d9ee",
            "thumb_480_w": 480,
            "thumb_480_h": 270,
            "thumb_160": "https:\/\/files.slack.com\/files-tmb\/T9BAB138B-FAFHW7U3C-d62df5fe2c\/screenshot__2__160.png?t=xoxe-317351037283-365207707586-364511306800-333c6acf63d6b69e07fd249ca7d3d9ee",
            "thumb_720": "https:\/\/files.slack.com\/files-tmb\/T9BAB138B-FAFHW7U3C-d62df5fe2c\/screenshot__2__720.png?t=xoxe-317351037283-365207707586-364511306800-333c6acf63d6b69e07fd249ca7d3d9ee",
            "thumb_720_w": 720,
            "thumb_720_h": 405,
            "thumb_800": "https:\/\/files.slack.com\/files-tmb\/T9BAB138B-FAFHW7U3C-d62df5fe2c\/screenshot__2__800.png?t=xoxe-317351037283-365207707586-364511306800-333c6acf63d6b69e07fd249ca7d3d9ee",
            "thumb_800_w": 800,
            "thumb_800_h": 450,
            "thumb_960": "https:\/\/files.slack.com\/files-tmb\/T9BAB138B-FAFHW7U3C-d62df5fe2c\/screenshot__2__960.png?t=xoxe-317351037283-365207707586-364511306800-333c6acf63d6b69e07fd249ca7d3d9ee",
            "thumb_960_w": 960,
            "thumb_960_h": 540,
            "thumb_1024": "https:\/\/files.slack.com\/files-tmb\/T9BAB138B-FAFHW7U3C-d62df5fe2c\/screenshot__2__1024.png?t=xoxe-317351037283-365207707586-364511306800-333c6acf63d6b69e07fd249ca7d3d9ee",
            "thumb_1024_w": 1024,
            "thumb_1024_h": 576,
            "image_exif_rotation": 1,
            "original_w": 1366,
            "original_h": 768,
            "permalink": "https:\/\/ingsw1718.slack.com\/files\/U9NV9614K\/FAFHW7U3C\/screenshot__2_.png",
            "permalink_public": "https:\/\/slack-files.com\/T9BAB138B-FAFHW7U3C-50bf7fb335",
            "channels": [],
            "groups": [],
            "ims": [],
            "comments_count": 0
        },
        "user": "U9NV9614K",
        "upload": true,
        "display_as_bot": false,
        "username": "francilomuscio",
        "bot_id": null,
        "ts": "1525076254.000009"
    },
    {
        "type": "message",
        "user": "U9P0DMXGD",
        "text": "Ok",
        "client_msg_id": "fff71228-dd08-4d69-9ad4-f62dd6af501f",
        "ts": "1525076320.000051"
    },
    {
        "type": "message",
        "user": "U9P60ACP7",
        "text": "Ok meglio",
        "client_msg_id": "67f29388-d91f-4cdc-ac44-8ceb3c13ae88",
        "ts": "1525076341.000032"
    },
    {
        "type": "message",
        "user": "U9NV9614K",
        "text": "applico queste modifiche quindi?",
        "ts": "1525076360.000324"
    },
    {
        "type": "message",
        "user": "U9P60ACP7",
        "text": "Si per me sta bene",
        "client_msg_id": "cef58bbc-8429-4181-9b3f-1314c6b19db1",
        "ts": "1525076450.000396"
    },
    {
        "type": "message",
        "user": "U9P0DMXGD",
        "text": "Per me pure",
        "client_msg_id": "4a66dcca-672f-48a2-b533-57a6c185dbb5",
        "ts": "1525076483.000052"
    },
    {
        "type": "message",
        "user": "U9P0DMXGD",
        "text": "Che facciamo raga consegnamo?",
        "ts": "1525079485.000336"
    },
    {
        "type": "message",
        "user": "U9P60ACP7",
        "text": "No aspettiamo non si sa mai",
        "client_msg_id": "662998fc-0a9b-49ca-ae3d-99b57f4d57ae",
        "ts": "1525080263.000111"
    }
]