[
    {
        "type": "message",
        "subtype": "file_share",
        "text": "<@U9N8K4Z24> uploaded a file: <https:\/\/ingsw1718.slack.com\/files\/U9N8K4Z24\/FAJB5A81Y\/src.rar|src.rar>",
        "file": {
            "id": "FAJB5A81Y",
            "created": 1525431570,
            "timestamp": 1525431570,
            "name": "src.rar",
            "title": "src.rar",
            "mimetype": "application\/octet-stream",
            "filetype": "binary",
            "pretty_type": "Binary",
            "user": "U9N8K4Z24",
            "editable": false,
            "size": 9886,
            "mode": "hosted",
            "is_external": false,
            "external_type": "",
            "is_public": true,
            "public_url_shared": false,
            "display_as_bot": false,
            "username": "",
            "url_private": "https:\/\/files.slack.com\/files-pri\/T9BAB138B-FAJB5A81Y\/src.rar?t=xoxe-317351037283-365207707586-364511306800-333c6acf63d6b69e07fd249ca7d3d9ee",
            "url_private_download": "https:\/\/files.slack.com\/files-pri\/T9BAB138B-FAJB5A81Y\/download\/src.rar?t=xoxe-317351037283-365207707586-364511306800-333c6acf63d6b69e07fd249ca7d3d9ee",
            "permalink": "https:\/\/ingsw1718.slack.com\/files\/U9N8K4Z24\/FAJB5A81Y\/src.rar",
            "permalink_public": "https:\/\/slack-files.com\/T9BAB138B-FAJB5A81Y-ce8b70669b",
            "channels": [],
            "groups": [],
            "ims": [],
            "comments_count": 0
        },
        "user": "U9N8K4Z24",
        "upload": true,
        "display_as_bot": false,
        "username": "giuseppe.doria",
        "bot_id": null,
        "ts": "1525431571.000233"
    }
]