[
    {
        "type": "message",
        "subtype": "file_share",
        "text": "<@U9Q9B1ELX> uploaded a file: <https:\/\/ingsw1718.slack.com\/files\/U9Q9B1ELX\/FAG08JS5B\/howtoreadjson.txt|HowToReadJson>",
        "file": {
            "id": "FAG08JS5B",
            "created": 1525103293,
            "timestamp": 1525103293,
            "name": "HowToReadJson.txt",
            "title": "HowToReadJson",
            "mimetype": "text\/plain",
            "filetype": "text",
            "pretty_type": "Plain Text",
            "user": "U9Q9B1ELX",
            "editable": true,
            "size": 1449,
            "mode": "snippet",
            "is_external": false,
            "external_type": "",
            "is_public": true,
            "public_url_shared": false,
            "display_as_bot": false,
            "username": "",
            "url_private": "https:\/\/files.slack.com\/files-pri\/T9BAB138B-FAG08JS5B\/howtoreadjson.txt?t=xoxe-317351037283-365207707586-364511306800-333c6acf63d6b69e07fd249ca7d3d9ee",
            "url_private_download": "https:\/\/files.slack.com\/files-pri\/T9BAB138B-FAG08JS5B\/download\/howtoreadjson.txt?t=xoxe-317351037283-365207707586-364511306800-333c6acf63d6b69e07fd249ca7d3d9ee",
            "permalink": "https:\/\/ingsw1718.slack.com\/files\/U9Q9B1ELX\/FAG08JS5B\/howtoreadjson.txt",
            "permalink_public": "https:\/\/slack-files.com\/T9BAB138B-FAG08JS5B-725ecffb40",
            "edit_link": "https:\/\/ingsw1718.slack.com\/files\/U9Q9B1ELX\/FAG08JS5B\/howtoreadjson.txt\/edit",
            "preview": "import java.io.FileNotFoundException;\r\nimport java.io.FileReader;\r\nimport java.io.IOException;\r\nimport org.json.simple.JSONArray;\r\nimport org.json.simple.JSONObject;\r",
            "preview_highlight": "<div class=\"CodeMirror cm-s-default CodeMirrorServer\" oncopy=\"if(event.clipboardData){event.clipboardData.setData('text\/plain',window.getSelection().toString().replace(\/\\u200b\/g,''));event.preventDefault();event.stopPropagation();}\">\n<div class=\"CodeMirror-code\">\n<div><pre>import java.io.FileNotFoundException;<\/pre><\/div>\n<div><pre>import java.io.FileReader;<\/pre><\/div>\n<div><pre>import java.io.IOException;<\/pre><\/div>\n<div><pre>import org.json.simple.JSONArray;<\/pre><\/div>\n<div><pre>import org.json.simple.JSONObject;<\/pre><\/div>\n<div><pre><\/pre><\/div>\n<\/div>\n<\/div>\n",
            "lines": 59,
            "lines_more": 54,
            "preview_is_truncated": true,
            "channels": [],
            "groups": [],
            "ims": [],
            "comments_count": 0
        },
        "user": "U9Q9B1ELX",
        "upload": true,
        "display_as_bot": false,
        "username": "tommasodecillis1",
        "bot_id": null,
        "ts": "1525103293.000619"
    },
    {
        "type": "message",
        "user": "U9Q9B1ELX",
        "text": "vito dacci un occhiata questa è la base da cui partire",
        "ts": "1525103321.000597"
    },
    {
        "type": "message",
        "user": "U9Q9B1ELX",
        "text": "se riesci da questa a leggere i members raggruppati per canale",
        "ts": "1525103348.000249"
    },
    {
        "type": "message",
        "user": "U9N8K4Z24",
        "text": "Non la issue1 Vi che ho quasi finito",
        "ts": "1525103643.000367"
    },
    {
        "type": "message",
        "subtype": "file_share",
        "text": "<@U9Q9B1ELX> uploaded a file: <https:\/\/ingsw1718.slack.com\/files\/U9Q9B1ELX\/FAFS3G350\/appmain.txt|appMain>",
        "file": {
            "id": "FAFS3G350",
            "created": 1525104349,
            "timestamp": 1525104349,
            "name": "appMain.txt",
            "title": "appMain",
            "mimetype": "text\/plain",
            "filetype": "text",
            "pretty_type": "Plain Text",
            "user": "U9Q9B1ELX",
            "editable": true,
            "size": 1072,
            "mode": "snippet",
            "is_external": false,
            "external_type": "",
            "is_public": true,
            "public_url_shared": false,
            "display_as_bot": false,
            "username": "",
            "url_private": "https:\/\/files.slack.com\/files-pri\/T9BAB138B-FAFS3G350\/appmain.txt?t=xoxe-317351037283-365207707586-364511306800-333c6acf63d6b69e07fd249ca7d3d9ee",
            "url_private_download": "https:\/\/files.slack.com\/files-pri\/T9BAB138B-FAFS3G350\/download\/appmain.txt?t=xoxe-317351037283-365207707586-364511306800-333c6acf63d6b69e07fd249ca7d3d9ee",
            "permalink": "https:\/\/ingsw1718.slack.com\/files\/U9Q9B1ELX\/FAFS3G350\/appmain.txt",
            "permalink_public": "https:\/\/slack-files.com\/T9BAB138B-FAFS3G350-a3665ddf59",
            "edit_link": "https:\/\/ingsw1718.slack.com\/files\/U9Q9B1ELX\/FAFS3G350\/appmain.txt\/edit",
            "preview": "import java.util.Scanner;\r\nimport it.uniba.example.db.*;\r\n\r\npublic final class AppMain {\r\n\tprivate static Scanner in;\r",
            "preview_highlight": "<div class=\"CodeMirror cm-s-default CodeMirrorServer\" oncopy=\"if(event.clipboardData){event.clipboardData.setData('text\/plain',window.getSelection().toString().replace(\/\\u200b\/g,''));event.preventDefault();event.stopPropagation();}\">\n<div class=\"CodeMirror-code\">\n<div><pre>import java.util.Scanner;<\/pre><\/div>\n<div><pre>import it.uniba.example.db.*;<\/pre><\/div>\n<div><pre><\/pre><\/div>\n<div><pre>public final class AppMain {<\/pre><\/div>\n<div><pre>    private static Scanner in;<\/pre><\/div>\n<div><pre><\/pre><\/div>\n<\/div>\n<\/div>\n",
            "lines": 52,
            "lines_more": 47,
            "preview_is_truncated": true,
            "channels": [],
            "groups": [],
            "ims": [],
            "comments_count": 0
        },
        "user": "U9Q9B1ELX",
        "upload": true,
        "display_as_bot": false,
        "username": "tommasodecillis1",
        "bot_id": null,
        "ts": "1525104349.000585"
    }
]