[
    {
        "type": "message",
        "subtype": "file_share",
        "text": "<@U9Q9B1ELX> uploaded a file: <https:\/\/ingsw1718.slack.com\/files\/U9Q9B1ELX\/FAS28STF1\/src.zip|src.zip> and commented: …",
        "file": {
            "id": "FAS28STF1",
            "created": 1526491873,
            "timestamp": 1526491873,
            "name": "src.zip",
            "title": "src.zip",
            "mimetype": "application\/zip",
            "filetype": "zip",
            "pretty_type": "Zip",
            "user": "U9Q9B1ELX",
            "editable": false,
            "size": 14375,
            "mode": "hosted",
            "is_external": false,
            "external_type": "",
            "is_public": true,
            "public_url_shared": false,
            "display_as_bot": false,
            "username": "",
            "url_private": "https:\/\/files.slack.com\/files-pri\/T9BAB138B-FAS28STF1\/src.zip?t=xoxe-317351037283-365207707586-364511306800-333c6acf63d6b69e07fd249ca7d3d9ee",
            "url_private_download": "https:\/\/files.slack.com\/files-pri\/T9BAB138B-FAS28STF1\/download\/src.zip?t=xoxe-317351037283-365207707586-364511306800-333c6acf63d6b69e07fd249ca7d3d9ee",
            "permalink": "https:\/\/ingsw1718.slack.com\/files\/U9Q9B1ELX\/FAS28STF1\/src.zip",
            "permalink_public": "https:\/\/slack-files.com\/T9BAB138B-FAS28STF1-2415428648",
            "channels": [],
            "groups": [],
            "ims": [],
            "comments_count": 1,
            "initial_comment": {
                "id": "FcAQTBRUAX",
                "created": 1526491873,
                "timestamp": 1526491873,
                "user": "U9Q9B1ELX",
                "is_intro": true,
                "comment": "…"
            }
        },
        "user": "U9Q9B1ELX",
        "upload": true,
        "display_as_bot": false,
        "username": "tommasodecillis1",
        "bot_id": null,
        "ts": "1526491874.000148"
    }
]