[
    {
        "type": "message",
        "subtype": "file_share",
        "text": "<@U9NFLSSBW> uploaded a file: <https:\/\/ingsw1718.slack.com\/files\/U9NFLSSBW\/FAPPARM9U\/-.txt|Untitled> and commented: DATA",
        "file": {
            "id": "FAPPARM9U",
            "created": 1526200215,
            "timestamp": 1526200215,
            "name": "-.txt",
            "title": "Untitled",
            "mimetype": "text\/plain",
            "filetype": "text",
            "pretty_type": "Plain Text",
            "user": "U9NFLSSBW",
            "editable": true,
            "size": 10055,
            "mode": "snippet",
            "is_external": false,
            "external_type": "",
            "is_public": true,
            "public_url_shared": false,
            "display_as_bot": false,
            "username": "",
            "url_private": "https:\/\/files.slack.com\/files-pri\/T9BAB138B-FAPPARM9U\/-.txt?t=xoxe-317351037283-365207707586-364511306800-333c6acf63d6b69e07fd249ca7d3d9ee",
            "url_private_download": "https:\/\/files.slack.com\/files-pri\/T9BAB138B-FAPPARM9U\/download\/-.txt?t=xoxe-317351037283-365207707586-364511306800-333c6acf63d6b69e07fd249ca7d3d9ee",
            "permalink": "https:\/\/ingsw1718.slack.com\/files\/U9NFLSSBW\/FAPPARM9U\/-.txt",
            "permalink_public": "https:\/\/slack-files.com\/T9BAB138B-FAPPARM9U-ff2ff4c678",
            "edit_link": "https:\/\/ingsw1718.slack.com\/files\/U9NFLSSBW\/FAPPARM9U\/-.txt\/edit",
            "preview": "\r\npackage data;\r\n\r\nimport java.util.Random;\r\nimport java.util.*;\r",
            "preview_highlight": "<div class=\"CodeMirror cm-s-default CodeMirrorServer\" oncopy=\"if(event.clipboardData){event.clipboardData.setData('text\/plain',window.getSelection().toString().replace(\/\\u200b\/g,''));event.preventDefault();event.stopPropagation();}\">\n<div class=\"CodeMirror-code\">\n<div><pre><\/pre><\/div>\n<div><pre>package data;<\/pre><\/div>\n<div><pre><\/pre><\/div>\n<div><pre>import java.util.Random;<\/pre><\/div>\n<div><pre>import java.util.*;<\/pre><\/div>\n<div><pre><\/pre><\/div>\n<\/div>\n<\/div>\n",
            "lines": 399,
            "lines_more": 394,
            "preview_is_truncated": true,
            "channels": [],
            "groups": [],
            "ims": [],
            "comments_count": 1,
            "initial_comment": {
                "id": "FcAPPARN94",
                "created": 1526200215,
                "timestamp": 1526200215,
                "user": "U9NFLSSBW",
                "is_intro": true,
                "comment": "DATA"
            }
        },
        "user": "U9NFLSSBW",
        "upload": true,
        "display_as_bot": false,
        "username": "invito98",
        "bot_id": null,
        "ts": "1526200215.000068"
    },
    {
        "type": "message",
        "subtype": "file_share",
        "text": "<@U9NFLSSBW> uploaded a file: <https:\/\/ingsw1718.slack.com\/files\/U9NFLSSBW\/FAN5ZHVC0\/-.txt|Untitled> and commented: CONTINUOUS ITEM",
        "file": {
            "id": "FAN5ZHVC0",
            "created": 1526200260,
            "timestamp": 1526200260,
            "name": "-.txt",
            "title": "Untitled",
            "mimetype": "text\/plain",
            "filetype": "text",
            "pretty_type": "Plain Text",
            "user": "U9NFLSSBW",
            "editable": true,
            "size": 452,
            "mode": "snippet",
            "is_external": false,
            "external_type": "",
            "is_public": true,
            "public_url_shared": false,
            "display_as_bot": false,
            "username": "",
            "url_private": "https:\/\/files.slack.com\/files-pri\/T9BAB138B-FAN5ZHVC0\/-.txt?t=xoxe-317351037283-365207707586-364511306800-333c6acf63d6b69e07fd249ca7d3d9ee",
            "url_private_download": "https:\/\/files.slack.com\/files-pri\/T9BAB138B-FAN5ZHVC0\/download\/-.txt?t=xoxe-317351037283-365207707586-364511306800-333c6acf63d6b69e07fd249ca7d3d9ee",
            "permalink": "https:\/\/ingsw1718.slack.com\/files\/U9NFLSSBW\/FAN5ZHVC0\/-.txt",
            "permalink_public": "https:\/\/slack-files.com\/T9BAB138B-FAN5ZHVC0-4dab18509a",
            "edit_link": "https:\/\/ingsw1718.slack.com\/files\/U9NFLSSBW\/FAN5ZHVC0\/-.txt\/edit",
            "preview": "package data;\r\n\r\nimport java.lang.Math.*;\r\n\r\nclass ContinuousItem extends Item\r",
            "preview_highlight": "<div class=\"CodeMirror cm-s-default CodeMirrorServer\" oncopy=\"if(event.clipboardData){event.clipboardData.setData('text\/plain',window.getSelection().toString().replace(\/\\u200b\/g,''));event.preventDefault();event.stopPropagation();}\">\n<div class=\"CodeMirror-code\">\n<div><pre>package data;<\/pre><\/div>\n<div><pre><\/pre><\/div>\n<div><pre>import java.lang.Math.*;<\/pre><\/div>\n<div><pre><\/pre><\/div>\n<div><pre>class ContinuousItem extends Item<\/pre><\/div>\n<div><pre><\/pre><\/div>\n<\/div>\n<\/div>\n",
            "lines": 23,
            "lines_more": 18,
            "preview_is_truncated": false,
            "channels": [],
            "groups": [],
            "ims": [],
            "comments_count": 1,
            "initial_comment": {
                "id": "FcAN5ZHW1W",
                "created": 1526200260,
                "timestamp": 1526200260,
                "user": "U9NFLSSBW",
                "is_intro": true,
                "comment": "CONTINUOUS ITEM"
            }
        },
        "user": "U9NFLSSBW",
        "upload": true,
        "display_as_bot": false,
        "username": "invito98",
        "bot_id": null,
        "ts": "1526200261.000027"
    }
]