[
    {
        "type": "message",
        "subtype": "file_share",
        "text": "<@U9Q9B1ELX> uploaded a file: <https:\/\/ingsw1718.slack.com\/files\/U9Q9B1ELX\/FAFB15X6E\/json_read.txt|Json read>",
        "file": {
            "id": "FAFB15X6E",
            "created": 1525009185,
            "timestamp": 1525009185,
            "name": "Json_read.txt",
            "title": "Json read",
            "mimetype": "text\/plain",
            "filetype": "text",
            "pretty_type": "Plain Text",
            "user": "U9Q9B1ELX",
            "editable": true,
            "size": 1859,
            "mode": "snippet",
            "is_external": false,
            "external_type": "",
            "is_public": true,
            "public_url_shared": false,
            "display_as_bot": false,
            "username": "",
            "url_private": "https:\/\/files.slack.com\/files-pri\/T9BAB138B-FAFB15X6E\/json_read.txt?t=xoxe-317351037283-365207707586-364511306800-333c6acf63d6b69e07fd249ca7d3d9ee",
            "url_private_download": "https:\/\/files.slack.com\/files-pri\/T9BAB138B-FAFB15X6E\/download\/json_read.txt?t=xoxe-317351037283-365207707586-364511306800-333c6acf63d6b69e07fd249ca7d3d9ee",
            "permalink": "https:\/\/ingsw1718.slack.com\/files\/U9Q9B1ELX\/FAFB15X6E\/json_read.txt",
            "permalink_public": "https:\/\/slack-files.com\/T9BAB138B-FAFB15X6E-6227566674",
            "edit_link": "https:\/\/ingsw1718.slack.com\/files\/U9Q9B1ELX\/FAFB15X6E\/json_read.txt\/edit",
            "preview": "import java.io.FileNotFoundException;\r\nimport java.io.FileReader;\r\nimport java.io.PrintWriter;\r\nimport java.util.Scanner;\r\nimport java.io.IOException;\r",
            "preview_highlight": "<div class=\"CodeMirror cm-s-default CodeMirrorServer\" oncopy=\"if(event.clipboardData){event.clipboardData.setData('text\/plain',window.getSelection().toString().replace(\/\\u200b\/g,''));event.preventDefault();event.stopPropagation();}\">\n<div class=\"CodeMirror-code\">\n<div><pre>import java.io.FileNotFoundException;<\/pre><\/div>\n<div><pre>import java.io.FileReader;<\/pre><\/div>\n<div><pre>import java.io.PrintWriter;<\/pre><\/div>\n<div><pre>import java.util.Scanner;<\/pre><\/div>\n<div><pre>import java.io.IOException;<\/pre><\/div>\n<div><pre><\/pre><\/div>\n<\/div>\n<\/div>\n",
            "lines": 75,
            "lines_more": 70,
            "preview_is_truncated": true,
            "channels": [],
            "groups": [],
            "ims": [],
            "comments_count": 0
        },
        "user": "U9Q9B1ELX",
        "upload": true,
        "display_as_bot": false,
        "username": "tommasodecillis1",
        "bot_id": null,
        "ts": "1525009186.000027"
    }
]