[
    {
        "type": "message",
        "subtype": "file_share",
        "text": "<@U9N8K4Z24> uploaded a file: <https:\/\/ingsw1718.slack.com\/files\/U9N8K4Z24\/FAG9EJL66\/scompattare_file.txt|Scompattare File>",
        "file": {
            "id": "FAG9EJL66",
            "created": 1525169993,
            "timestamp": 1525169993,
            "name": "Scompattare_File.txt",
            "title": "Scompattare File",
            "mimetype": "text\/plain",
            "filetype": "text",
            "pretty_type": "Plain Text",
            "user": "U9N8K4Z24",
            "editable": true,
            "size": 2529,
            "mode": "snippet",
            "is_external": false,
            "external_type": "",
            "is_public": true,
            "public_url_shared": false,
            "display_as_bot": false,
            "username": "",
            "url_private": "https:\/\/files.slack.com\/files-pri\/T9BAB138B-FAG9EJL66\/scompattare_file.txt?t=xoxe-317351037283-365207707586-364511306800-333c6acf63d6b69e07fd249ca7d3d9ee",
            "url_private_download": "https:\/\/files.slack.com\/files-pri\/T9BAB138B-FAG9EJL66\/download\/scompattare_file.txt?t=xoxe-317351037283-365207707586-364511306800-333c6acf63d6b69e07fd249ca7d3d9ee",
            "permalink": "https:\/\/ingsw1718.slack.com\/files\/U9N8K4Z24\/FAG9EJL66\/scompattare_file.txt",
            "permalink_public": "https:\/\/slack-files.com\/T9BAB138B-FAG9EJL66-050073ae9e",
            "edit_link": "https:\/\/ingsw1718.slack.com\/files\/U9N8K4Z24\/FAG9EJL66\/scompattare_file.txt\/edit",
            "preview": "package it.uniba.example.db;\r\n\r\nimport java.io.File;\r\nimport net.lingala.zip4j.model.ZipParameters;\r\nimport net.lingala.zip4j.util.Zip4jConstants;\r",
            "preview_highlight": "<div class=\"CodeMirror cm-s-default CodeMirrorServer\" oncopy=\"if(event.clipboardData){event.clipboardData.setData('text\/plain',window.getSelection().toString().replace(\/\\u200b\/g,''));event.preventDefault();event.stopPropagation();}\">\n<div class=\"CodeMirror-code\">\n<div><pre>package it.uniba.example.db;<\/pre><\/div>\n<div><pre><\/pre><\/div>\n<div><pre>import java.io.File;<\/pre><\/div>\n<div><pre>import net.lingala.zip4j.model.ZipParameters;<\/pre><\/div>\n<div><pre>import net.lingala.zip4j.util.Zip4jConstants;<\/pre><\/div>\n<div><pre><\/pre><\/div>\n<\/div>\n<\/div>\n",
            "lines": 70,
            "lines_more": 65,
            "preview_is_truncated": true,
            "channels": [],
            "groups": [],
            "ims": [],
            "comments_count": 0
        },
        "user": "U9N8K4Z24",
        "upload": true,
        "display_as_bot": false,
        "username": "giuseppe.doria",
        "bot_id": null,
        "ts": "1525169993.000165"
    },
    {
        "type": "message",
        "user": "U9N8K4Z24",
        "text": "Forse ci siamo, ho trovato questo",
        "ts": "1525170005.000118"
    },
    {
        "type": "message",
        "user": "U9N8K4Z24",
        "text": "Provatelo",
        "ts": "1525170009.000144"
    },
    {
        "type": "message",
        "user": "U9N8K4Z24",
        "text": "Accanto alle variabili nel main ho scritto come lo ho impostate io",
        "ts": "1525170028.000098"
    },
    {
        "type": "message",
        "user": "U9N8K4Z24",
        "text": "Ma non sono corrette perché mi crea un altro file .zip",
        "ts": "1525170042.000180"
    },
    {
        "type": "message",
        "user": "U9N8K4Z24",
        "text": "Provate voi",
        "ts": "1525170045.000178"
    }
]