[
    {
        "type": "message",
        "user": "U9P18U17X",
        "text": "raga ho una prima bozza della lista di members (con lettura da zip e json) vi invio un video con tutte le combinazioni di esecuzione",
        "ts": "1524669462.000974"
    },
    {
        "type": "message",
        "subtype": "file_share",
        "text": "<@U9P18U17X> uploaded a file: <https:\/\/ingsw1718.slack.com\/files\/U9P18U17X\/FAD0GU5T4\/2018.04.25-17.14.mp4|issue#1 bozza.mp4>",
        "file": {
            "id": "FAD0GU5T4",
            "created": 1524669526,
            "timestamp": 1524669526,
            "name": "2018.04.25-17.14.mp4",
            "title": "issue#1 bozza.mp4",
            "mimetype": "video\/mp4",
            "filetype": "mp4",
            "pretty_type": "MPEG 4 Video",
            "user": "U9P18U17X",
            "editable": false,
            "size": 8048606,
            "mode": "hosted",
            "is_external": false,
            "external_type": "",
            "is_public": true,
            "public_url_shared": false,
            "display_as_bot": false,
            "username": "",
            "url_private": "https:\/\/files.slack.com\/files-pri\/T9BAB138B-FAD0GU5T4\/2018.04.25-17.14.mp4?t=xoxe-317351037283-365207707586-364511306800-333c6acf63d6b69e07fd249ca7d3d9ee",
            "url_private_download": "https:\/\/files.slack.com\/files-pri\/T9BAB138B-FAD0GU5T4\/download\/2018.04.25-17.14.mp4?t=xoxe-317351037283-365207707586-364511306800-333c6acf63d6b69e07fd249ca7d3d9ee",
            "permalink": "https:\/\/ingsw1718.slack.com\/files\/U9P18U17X\/FAD0GU5T4\/2018.04.25-17.14.mp4",
            "permalink_public": "https:\/\/slack-files.com\/T9BAB138B-FAD0GU5T4-f9e8c28328",
            "channels": [],
            "groups": [],
            "ims": [],
            "comments_count": 0
        },
        "user": "U9P18U17X",
        "upload": true,
        "display_as_bot": false,
        "username": "m.amato17",
        "bot_id": null,
        "ts": "1524669527.000855"
    },
    {
        "type": "message",
        "user": "U9P18U17X",
        "text": "ditemi che ne pensate",
        "ts": "1524669619.001002"
    }
]