[
    {
        "type": "message",
        "user": "U9PAU9362",
        "text": "<https:\/\/medium.com\/@gchudnov\/copying-data-between-docker-containers-26890935da3f> guardate questo per docker",
        "attachments": [
            {
                "service_name": "Medium",
                "title": "Copying data between Docker containers – Grigorii Chudnov – Medium",
                "title_link": "https:\/\/medium.com\/@gchudnov\/copying-data-between-docker-containers-26890935da3f",
                "text": "Copy files and folders into the container or between containers in Docker",
                "fallback": "Medium: Copying data between Docker containers – Grigorii Chudnov – Medium",
                "image_url": "https:\/\/cdn-images-1.medium.com\/max\/1200\/1*MmfDfH5p79osi9KjuLcogA.jpeg",
                "fields": [
                    {
                        "title": "Reading time",
                        "value": "3 min read",
                        "short": true
                    }
                ],
                "ts": 1425426640,
                "from_url": "https:\/\/medium.com\/@gchudnov\/copying-data-between-docker-containers-26890935da3f",
                "image_width": 374,
                "image_height": 250,
                "image_bytes": 152866,
                "service_icon": "https:\/\/cdn-images-1.medium.com\/fit\/c\/304\/304\/1*8I-HPL0bfoIzGied-dzOvA.png",
                "id": 1,
                "original_url": "https:\/\/medium.com\/@gchudnov\/copying-data-between-docker-containers-26890935da3f"
            }
        ],
        "edited": {
            "user": "U9PAU9362",
            "ts": "1525013367.000000"
        },
        "ts": "1525013344.000065"
    },
    {
        "type": "message",
        "subtype": "file_share",
        "text": "<@U9RF0QCFJ> uploaded a file: <https:\/\/ingsw1718.slack.com\/files\/U9RF0QCFJ\/FAF50K4JY\/sprint_tracciato.docx|sprint tracciato.docx> and commented: File contenente lo stato dello sprint 1",
        "file": {
            "id": "FAF50K4JY",
            "created": 1525016256,
            "timestamp": 1525016256,
            "name": "sprint tracciato.docx",
            "title": "sprint tracciato.docx",
            "mimetype": "application\/vnd.openxmlformats-officedocument.wordprocessingml.document",
            "filetype": "docx",
            "pretty_type": "Word Document",
            "user": "U9RF0QCFJ",
            "editable": false,
            "size": 14229,
            "mode": "hosted",
            "is_external": false,
            "external_type": "",
            "is_public": true,
            "public_url_shared": false,
            "display_as_bot": false,
            "username": "",
            "url_private": "https:\/\/files.slack.com\/files-pri\/T9BAB138B-FAF50K4JY\/sprint_tracciato.docx?t=xoxe-317351037283-365207707586-364511306800-333c6acf63d6b69e07fd249ca7d3d9ee",
            "url_private_download": "https:\/\/files.slack.com\/files-pri\/T9BAB138B-FAF50K4JY\/download\/sprint_tracciato.docx?t=xoxe-317351037283-365207707586-364511306800-333c6acf63d6b69e07fd249ca7d3d9ee",
            "permalink": "https:\/\/ingsw1718.slack.com\/files\/U9RF0QCFJ\/FAF50K4JY\/sprint_tracciato.docx",
            "permalink_public": "https:\/\/slack-files.com\/T9BAB138B-FAF50K4JY-79afd56d8d",
            "channels": [],
            "groups": [],
            "ims": [],
            "comments_count": 1,
            "initial_comment": {
                "id": "FcAFFRLR7F",
                "created": 1525016256,
                "timestamp": 1525016256,
                "user": "U9RF0QCFJ",
                "is_intro": true,
                "comment": "File contenente lo stato dello sprint 1"
            }
        },
        "user": "U9RF0QCFJ",
        "upload": true,
        "display_as_bot": false,
        "username": "catia_c88",
        "bot_id": null,
        "ts": "1525016257.000057"
    }
]