[
    {
        "type": "message",
        "user": "U9PAU9362",
        "text": "<@U9JS0QR60> <@U9MUU9N57> <@U9RTC8JSE> <@U9RF0QCFJ> controllate il codice e il relativo output",
        "ts": "1525705729.000795"
    },
    {
        "type": "message",
        "user": "U9PAU9362",
        "text": "sono dei file di general, delle date 2018-04-09, 2018-04-10 e 2018-04-11",
        "ts": "1525705881.000772"
    },
    {
        "type": "message",
        "user": "U9JS0QR60",
        "text": "controllato, l'output è corretto",
        "ts": "1525706798.000542"
    }
]