[
    {
        "type": "message",
        "subtype": "file_share",
        "text": "<@U9RF0QCFJ> uploaded a file: <https:\/\/ingsw1718.slack.com\/files\/U9RF0QCFJ\/FAG5D81R9\/help.txt|HELP.txt> and commented: File Comandi Help, dove help visualizza i comandi di tutte le funzionalità ed help1 suggerisce all'utente di chiamare l'help",
        "file": {
            "id": "FAG5D81R9",
            "created": 1525162099,
            "timestamp": 1525162099,
            "name": "HELP.txt",
            "title": "HELP.txt",
            "mimetype": "text\/plain",
            "filetype": "text",
            "pretty_type": "Plain Text",
            "user": "U9RF0QCFJ",
            "editable": true,
            "size": 963,
            "mode": "snippet",
            "is_external": false,
            "external_type": "",
            "is_public": true,
            "public_url_shared": false,
            "display_as_bot": false,
            "username": "",
            "url_private": "https:\/\/files.slack.com\/files-pri\/T9BAB138B-FAG5D81R9\/help.txt?t=xoxe-317351037283-365207707586-364511306800-333c6acf63d6b69e07fd249ca7d3d9ee",
            "url_private_download": "https:\/\/files.slack.com\/files-pri\/T9BAB138B-FAG5D81R9\/download\/help.txt?t=xoxe-317351037283-365207707586-364511306800-333c6acf63d6b69e07fd249ca7d3d9ee",
            "permalink": "https:\/\/ingsw1718.slack.com\/files\/U9RF0QCFJ\/FAG5D81R9\/help.txt",
            "permalink_public": "https:\/\/slack-files.com\/T9BAB138B-FAG5D81R9-c9b361e3b5",
            "edit_link": "https:\/\/ingsw1718.slack.com\/files\/U9RF0QCFJ\/FAG5D81R9\/help.txt\/edit",
            "preview": "\/*#26 In qualità di utente voglio poter avere informazioni di help\n• verificare che l'help possa essere richiesto digitando il nome del programma senza parametri aggiuntivi (_sna4slack_)\n• verificare che l'help sia suggerito se un comando digitato non è valido\n• verificare l'help sia mostrato su standard output\n• verificare che siano presenti i comandi per tutte le funzionalità*\/",
            "preview_highlight": "<div class=\"CodeMirror cm-s-default CodeMirrorServer\" oncopy=\"if(event.clipboardData){event.clipboardData.setData('text\/plain',window.getSelection().toString().replace(\/\\u200b\/g,''));event.preventDefault();event.stopPropagation();}\">\n<div class=\"CodeMirror-code\">\n<div><pre>\/*#26 In qualità di utente voglio poter avere informazioni di help<\/pre><\/div>\n<div><pre>• verificare che l'help possa essere richiesto digitando il nome del programma senza parametri aggiuntivi (_sna4slack_)<\/pre><\/div>\n<div><pre>• verificare che l'help sia suggerito se un comando digitato non è valido<\/pre><\/div>\n<div><pre>• verificare l'help sia mostrato su standard output<\/pre><\/div>\n<div><pre>• verificare che siano presenti i comandi per tutte le funzionalità*\/<\/pre><\/div>\n<\/div>\n<\/div>\n",
            "lines": 22,
            "lines_more": 17,
            "preview_is_truncated": false,
            "channels": [],
            "groups": [],
            "ims": [],
            "comments_count": 1,
            "initial_comment": {
                "id": "FcAG1M57NG",
                "created": 1525162099,
                "timestamp": 1525162099,
                "user": "U9RF0QCFJ",
                "is_intro": true,
                "comment": "File Comandi Help, dove help visualizza i comandi di tutte le funzionalità ed help1 suggerisce all'utente di chiamare l'help"
            }
        },
        "user": "U9RF0QCFJ",
        "upload": true,
        "display_as_bot": false,
        "username": "catia_c88",
        "bot_id": null,
        "ts": "1525162099.000243"
    },
    {
        "type": "message",
        "user": "U9JS0QR60",
        "text": "-git pull &lt;nome-branch&gt;\n-git pull origin &lt;nome-branch&gt;",
        "ts": "1525169024.000038"
    }
]