[
    {
        "type": "message",
        "user": "U9PAU9362",
        "text": "<https:\/\/medium.com\/@jayanga\/how-to-configure-checkstyle-and-findbugs-plugins-to-intellij-idea-for-wso2-products-c5f4bbe9673a>",
        "attachments": [
            {
                "service_name": "Medium",
                "title": "How to configure CheckStyle and Findbugs plugins to IntelliJ IDEA for WSO2 products",
                "title_link": "https:\/\/medium.com\/@jayanga\/how-to-configure-checkstyle-and-findbugs-plugins-to-intellij-idea-for-wso2-products-c5f4bbe9673a",
                "text": "From WSO2 POM version 4 onward, CheckStyle and Findbugs maven plugins are enabled by default. So the code won’t compile if there are any…",
                "fallback": "Medium: How to configure CheckStyle and Findbugs plugins to IntelliJ IDEA for WSO2 products",
                "image_url": "https:\/\/cdn-images-1.medium.com\/max\/1200\/1*v8ugMY0o1I9_SBzhZMO4Ww.png",
                "fields": [
                    {
                        "title": "Reading time",
                        "value": "3 min read",
                        "short": true
                    }
                ],
                "ts": 1480445641,
                "from_url": "https:\/\/medium.com\/@jayanga\/how-to-configure-checkstyle-and-findbugs-plugins-to-intellij-idea-for-wso2-products-c5f4bbe9673a",
                "image_width": 382,
                "image_height": 250,
                "image_bytes": 123594,
                "service_icon": "https:\/\/cdn-images-1.medium.com\/fit\/c\/304\/304\/1*8I-HPL0bfoIzGied-dzOvA.png",
                "id": 1,
                "original_url": "https:\/\/medium.com\/@jayanga\/how-to-configure-checkstyle-and-findbugs-plugins-to-intellij-idea-for-wso2-products-c5f4bbe9673a"
            }
        ],
        "ts": "1526251823.000034"
    },
    {
        "type": "message",
        "subtype": "file_share",
        "text": "<@U9MUU9N57> shared a file: <https:\/\/ingsw1718.slack.com\/files\/U9MUU9N57\/FAP0NP9GA\/liskov.txt|liskov> and commented: <#C9NK7QADT|liskov>",
        "file": {
            "id": "FAP0NP9GA",
            "created": 1526251209,
            "timestamp": 1526251209,
            "name": "liskov.txt",
            "title": "liskov",
            "mimetype": "text\/plain",
            "filetype": "text",
            "pretty_type": "Plain Text",
            "user": "U9MUU9N57",
            "editable": true,
            "size": 1118,
            "mode": "snippet",
            "is_external": false,
            "external_type": "",
            "is_public": true,
            "public_url_shared": false,
            "display_as_bot": false,
            "username": "",
            "url_private": "https:\/\/files.slack.com\/files-pri\/T9BAB138B-FAP0NP9GA\/liskov.txt?t=xoxe-317351037283-365207707586-364511306800-333c6acf63d6b69e07fd249ca7d3d9ee",
            "url_private_download": "https:\/\/files.slack.com\/files-pri\/T9BAB138B-FAP0NP9GA\/download\/liskov.txt?t=xoxe-317351037283-365207707586-364511306800-333c6acf63d6b69e07fd249ca7d3d9ee",
            "permalink": "https:\/\/ingsw1718.slack.com\/files\/U9MUU9N57\/FAP0NP9GA\/liskov.txt",
            "permalink_public": "https:\/\/slack-files.com\/T9BAB138B-FAP0NP9GA-19fb1e8524",
            "edit_link": "https:\/\/ingsw1718.slack.com\/files\/U9MUU9N57\/FAP0NP9GA\/liskov.txt\/edit",
            "preview": "In qualità di utente voglio visualizzare la lista dei @mention\r\n  docker run -v \/:\/ns softenginfuniba\/liskov \"mentions\" \"ns\/path\/workspace.zip\"\r\n\r\nIn qualità di utente voglio visualizzare la lista dei @mention in un canale specifico\r\n  docker run -v \/:\/ns softenginfuniba\/liskov \"mentions\" \"ns\/path\/workspace.zip\" \"channel\"\r",
            "preview_highlight": "<div class=\"CodeMirror cm-s-default CodeMirrorServer\" oncopy=\"if(event.clipboardData){event.clipboardData.setData('text\/plain',window.getSelection().toString().replace(\/\\u200b\/g,''));event.preventDefault();event.stopPropagation();}\">\n<div class=\"CodeMirror-code\">\n<div><pre>In qualità di utente voglio visualizzare la lista dei @mention<\/pre><\/div>\n<div><pre>  docker run -v \/:\/ns softenginfuniba\/liskov &quot;mentions&quot; &quot;ns\/path\/workspace.zip&quot;<\/pre><\/div>\n<div><pre><\/pre><\/div>\n<div><pre>In qualità di utente voglio visualizzare la lista dei @mention in un canale specifico<\/pre><\/div>\n<div><pre>  docker run -v \/:\/ns softenginfuniba\/liskov &quot;mentions&quot; &quot;ns\/path\/workspace.zip&quot; &quot;channel&quot;<\/pre><\/div>\n<div><pre><\/pre><\/div>\n<\/div>\n<\/div>\n",
            "lines": 18,
            "lines_more": 13,
            "preview_is_truncated": true,
            "channels": [],
            "groups": [],
            "ims": [],
            "comments_count": 1,
            "initial_comment": {
                "id": "FcANPDBVJQ",
                "created": 1526251209,
                "timestamp": 1526251209,
                "user": "U9MUU9N57",
                "is_intro": true,
                "comment": "<#C9NK7QADT|liskov>"
            }
        },
        "user": "U9MUU9N57",
        "upload": false,
        "display_as_bot": false,
        "username": "a.dagnello2",
        "bot_id": null,
        "ts": "1526252633.000028"
    }
]