[
    {
        "type": "message",
        "user": "U9NJ3PL4D",
        "text": "perlis\nComandi Linux:\n-In qualità di utente voglio visualizzare la lista dei Member:\ndocker run -v \/:\/ns -it softenginfuniba\/perlis -z ns\/path\/to\/file.zip -m\n\n-In qualità di utente voglio visualizzare la lista dei Channel:\ndocker run -v \/:\/ns -it softenginfuniba\/perlis -z ns\/path\/to\/file.zip -c\n\n-In qualità di utente voglio visualizzare la lista dei Member raggruppati per Channel:\ndocker run -v \/:\/ns -it softenginfuniba\/perlis -z ns\/path\/to\/file.zip -mc\n\n-In qualità di utente voglio visualizzare la lista dei Member di un Channel:\ndocker run -v \/:\/ns -it softenginfuniba\/perlis -z ns\/path\/to\/file.zip -m &lt;nomechannel&gt;\n\n-In qualità di utente voglio poter avere informazioni di help:\ndocker run -v \/:\/ns -it softenginfuniba\/perlis -help",
        "client_msg_id": "8823bc50-8115-419b-8a25-97969cc5c303",
        "edited": {
            "user": "U9NJ3PL4D",
            "ts": "1525295787.000000"
        },
        "ts": "1525245769.000207"
    },
    {
        "type": "message",
        "user": "U9NAWRB2Q",
        "text": "codd",
        "ts": "1525252295.000287"
    },
    {
        "type": "message",
        "user": "U9NQ8RQ67",
        "text": "<#C9PNPP91U|reddy>",
        "ts": "1525260610.000411"
    },
    {
        "type": "message",
        "user": "U9P0DMXGD",
        "text": "backus",
        "ts": "1525265529.000081"
    },
    {
        "type": "message",
        "user": "U9Q9CDE0P",
        "text": "ritchie",
        "client_msg_id": "7325598c-7109-40d3-9f7e-cc0b9ab0f63a",
        "ts": "1525274222.000172",
        "reactions": [
            {
                "name": "100",
                "users": [
                    "U9PP54E4D"
                ],
                "count": 1
            }
        ]
    },
    {
        "type": "message",
        "user": "U9P33EZ5F",
        "text": "tarjan",
        "ts": "1525290095.000501"
    },
    {
        "type": "message",
        "subtype": "file_share",
        "text": "<@U9P33EZ5F> uploaded a file: <https:\/\/ingsw1718.slack.com\/files\/U9P33EZ5F\/FAGJYP4CQ\/tarjan.m|tarjan>",
        "file": {
            "id": "FAGJYP4CQ",
            "created": 1525290505,
            "timestamp": 1525290505,
            "name": "tarjan.m",
            "title": "tarjan",
            "mimetype": "text\/plain",
            "filetype": "matlab",
            "pretty_type": "MATLAB",
            "user": "U9P33EZ5F",
            "editable": true,
            "size": 835,
            "mode": "snippet",
            "is_external": false,
            "external_type": "",
            "is_public": true,
            "public_url_shared": false,
            "display_as_bot": false,
            "username": "",
            "url_private": "https:\/\/files.slack.com\/files-pri\/T9BAB138B-FAGJYP4CQ\/tarjan.m?t=xoxe-317351037283-365207707586-364511306800-333c6acf63d6b69e07fd249ca7d3d9ee",
            "url_private_download": "https:\/\/files.slack.com\/files-pri\/T9BAB138B-FAGJYP4CQ\/download\/tarjan.m?t=xoxe-317351037283-365207707586-364511306800-333c6acf63d6b69e07fd249ca7d3d9ee",
            "permalink": "https:\/\/ingsw1718.slack.com\/files\/U9P33EZ5F\/FAGJYP4CQ\/tarjan.m",
            "permalink_public": "https:\/\/slack-files.com\/T9BAB138B-FAGJYP4CQ-6059214460",
            "edit_link": "https:\/\/ingsw1718.slack.com\/files\/U9P33EZ5F\/FAGJYP4CQ\/tarjan.m\/edit",
            "preview": "In qualità di utente voglio poter avere informazioni di help:\r\ndocker run -v \/c:\/ns softenginfuniba\/tarjan  ns\/(path per il file)\/ingsw1718.zip help\r\n\r\nIn qualità di utente voglio visualizzare la lista dei Member di un Channel:\r\ndocker run -v \/c:\/ns softenginfuniba\/tarjan  ns\/(path per il file)\/ingsw1718.zip m_onechannel (nome canale)\r",
            "preview_highlight": "<div class=\"CodeMirror cm-s-default CodeMirrorServer\" oncopy=\"if(event.clipboardData){event.clipboardData.setData('text\/plain',window.getSelection().toString().replace(\/\\u200b\/g,''));event.preventDefault();event.stopPropagation();}\">\n<div class=\"CodeMirror-code\">\n<div><pre><span class=\"cm-variable\">In<\/span> <span class=\"cm-variable\">qualità<\/span> <span class=\"cm-variable\">di<\/span> <span class=\"cm-variable\">utente<\/span> <span class=\"cm-variable\">voglio<\/span> <span class=\"cm-variable\">poter<\/span> <span class=\"cm-variable\">avere<\/span> <span class=\"cm-variable\">informazioni<\/span> <span class=\"cm-variable\">di<\/span> <span class=\"cm-variable\">help<\/span>:<\/pre><\/div>\n<div><pre><span class=\"cm-variable\">docker<\/span> <span class=\"cm-variable\">run<\/span> <span class=\"cm-operator\">-<\/span><span class=\"cm-variable\">v<\/span> <span class=\"cm-operator\">\/<\/span><span class=\"cm-variable\">c<\/span>:<span class=\"cm-operator\">\/<\/span><span class=\"cm-variable\">ns<\/span> <span class=\"cm-variable\">softenginfuniba<\/span><span class=\"cm-operator\">\/<\/span><span class=\"cm-variable\">tarjan<\/span>  <span class=\"cm-variable\">ns<\/span><span class=\"cm-operator\">\/<\/span>(<span class=\"cm-variable\">path<\/span> <span class=\"cm-variable\">per<\/span> <span class=\"cm-variable\">il<\/span> <span class=\"cm-variable\">file<\/span>)<span class=\"cm-operator\">\/<\/span><span class=\"cm-variable\">ingsw1718<\/span><span class=\"cm-error\">.<\/span><span class=\"cm-variable\">zip<\/span> <span class=\"cm-variable\">help<\/span><\/pre><\/div>\n<div><pre>&#8203;<\/pre><\/div>\n<div><pre><span class=\"cm-variable\">In<\/span> <span class=\"cm-variable\">qualità<\/span> <span class=\"cm-variable\">di<\/span> <span class=\"cm-variable\">utente<\/span> <span class=\"cm-variable\">voglio<\/span> <span class=\"cm-variable\">visualizzare<\/span> <span class=\"cm-variable\">la<\/span> <span class=\"cm-variable\">lista<\/span> <span class=\"cm-variable\">dei<\/span> <span class=\"cm-variable\">Member<\/span> <span class=\"cm-variable\">di<\/span> <span class=\"cm-variable\">un<\/span> <span class=\"cm-variable\">Channel<\/span>:<\/pre><\/div>\n<div><pre><span class=\"cm-variable\">docker<\/span> <span class=\"cm-variable\">run<\/span> <span class=\"cm-operator\">-<\/span><span class=\"cm-variable\">v<\/span> <span class=\"cm-operator\">\/<\/span><span class=\"cm-variable\">c<\/span>:<span class=\"cm-operator\">\/<\/span><span class=\"cm-variable\">ns<\/span> <span class=\"cm-variable\">softenginfuniba<\/span><span class=\"cm-operator\">\/<\/span><span class=\"cm-variable\">tarjan<\/span>  <span class=\"cm-variable\">ns<\/span><span class=\"cm-operator\">\/<\/span>(<span class=\"cm-variable\">path<\/span> <span class=\"cm-variable\">per<\/span> <span class=\"cm-variable\">il<\/span> <span class=\"cm-variable\">file<\/span>)<span class=\"cm-operator\">\/<\/span><span class=\"cm-variable\">ingsw1718<\/span><span class=\"cm-error\">.<\/span><span class=\"cm-variable\">zip<\/span> <span class=\"cm-variable\">m_onechannel<\/span> (<span class=\"cm-variable\">nome<\/span> <span class=\"cm-variable\">canale<\/span>)<\/pre><\/div>\n<\/div>\n<\/div>\n",
            "lines": 15,
            "lines_more": 10,
            "preview_is_truncated": false,
            "channels": [],
            "groups": [],
            "ims": [],
            "comments_count": 0
        },
        "user": "U9P33EZ5F",
        "upload": true,
        "display_as_bot": false,
        "username": "francescadtms",
        "bot_id": null,
        "ts": "1525290505.000517"
    },
    {
        "type": "message",
        "subtype": "file_share",
        "text": "<@U9P0DMXGD> uploaded a file: <https:\/\/ingsw1718.slack.com\/files\/U9P0DMXGD\/FAH3LTDAQ\/backus.txt|backus>",
        "file": {
            "id": "FAH3LTDAQ",
            "created": 1525291322,
            "timestamp": 1525291322,
            "name": "backus.txt",
            "title": "backus",
            "mimetype": "text\/plain",
            "filetype": "text",
            "pretty_type": "Plain Text",
            "user": "U9P0DMXGD",
            "editable": true,
            "size": 989,
            "mode": "snippet",
            "is_external": false,
            "external_type": "",
            "is_public": true,
            "public_url_shared": false,
            "display_as_bot": false,
            "username": "",
            "url_private": "https:\/\/files.slack.com\/files-pri\/T9BAB138B-FAH3LTDAQ\/backus.txt?t=xoxe-317351037283-365207707586-364511306800-333c6acf63d6b69e07fd249ca7d3d9ee",
            "url_private_download": "https:\/\/files.slack.com\/files-pri\/T9BAB138B-FAH3LTDAQ\/download\/backus.txt?t=xoxe-317351037283-365207707586-364511306800-333c6acf63d6b69e07fd249ca7d3d9ee",
            "permalink": "https:\/\/ingsw1718.slack.com\/files\/U9P0DMXGD\/FAH3LTDAQ\/backus.txt",
            "permalink_public": "https:\/\/slack-files.com\/T9BAB138B-FAH3LTDAQ-5609159226",
            "edit_link": "https:\/\/ingsw1718.slack.com\/files\/U9P0DMXGD\/FAH3LTDAQ\/backus.txt\/edit",
            "preview": "In qualità di utente voglio avere informazioni di help #1:\r\n$ docker run -v \/c\/Users\/Billy\/Desktop:\/n softenginfuniba\/backus sna4slack\r\n$ docker run -v \/c\/Users\/Billy\/Desktop:\/n softenginfuniba\/backus help\r\n\r\nIn qualità di utente voglio visualizzare la lista dei Member #5:\r",
            "preview_highlight": "<div class=\"CodeMirror cm-s-default CodeMirrorServer\" oncopy=\"if(event.clipboardData){event.clipboardData.setData('text\/plain',window.getSelection().toString().replace(\/\\u200b\/g,''));event.preventDefault();event.stopPropagation();}\">\n<div class=\"CodeMirror-code\">\n<div><pre>In qualità di utente voglio avere informazioni di help #1:<\/pre><\/div>\n<div><pre>$ docker run -v \/c\/Users\/Billy\/Desktop:\/n softenginfuniba\/backus sna4slack<\/pre><\/div>\n<div><pre>$ docker run -v \/c\/Users\/Billy\/Desktop:\/n softenginfuniba\/backus help<\/pre><\/div>\n<div><pre><\/pre><\/div>\n<div><pre>In qualità di utente voglio visualizzare la lista dei Member #5:<\/pre><\/div>\n<div><pre><\/pre><\/div>\n<\/div>\n<\/div>\n",
            "lines": 15,
            "lines_more": 10,
            "preview_is_truncated": false,
            "channels": [],
            "groups": [],
            "ims": [],
            "comments_count": 0
        },
        "user": "U9P0DMXGD",
        "upload": true,
        "display_as_bot": false,
        "username": "r.bellarosa1",
        "bot_id": null,
        "ts": "1525291323.000407"
    },
    {
        "type": "message",
        "subtype": "file_share",
        "text": "<@U9PAU9362> uploaded a file: <https:\/\/ingsw1718.slack.com\/files\/U9PAU9362\/FAGKH5N0Y\/liskov.txt|liskov>",
        "file": {
            "id": "FAGKH5N0Y",
            "created": 1525292175,
            "timestamp": 1525292175,
            "name": "liskov.txt",
            "title": "liskov",
            "mimetype": "text\/plain",
            "filetype": "text",
            "pretty_type": "Plain Text",
            "user": "U9PAU9362",
            "editable": true,
            "size": 1335,
            "mode": "snippet",
            "is_external": false,
            "external_type": "",
            "is_public": true,
            "public_url_shared": false,
            "display_as_bot": false,
            "username": "",
            "url_private": "https:\/\/files.slack.com\/files-pri\/T9BAB138B-FAGKH5N0Y\/liskov.txt?t=xoxe-317351037283-365207707586-364511306800-333c6acf63d6b69e07fd249ca7d3d9ee",
            "url_private_download": "https:\/\/files.slack.com\/files-pri\/T9BAB138B-FAGKH5N0Y\/download\/liskov.txt?t=xoxe-317351037283-365207707586-364511306800-333c6acf63d6b69e07fd249ca7d3d9ee",
            "permalink": "https:\/\/ingsw1718.slack.com\/files\/U9PAU9362\/FAGKH5N0Y\/liskov.txt",
            "permalink_public": "https:\/\/slack-files.com\/T9BAB138B-FAGKH5N0Y-fc25938c1a",
            "edit_link": "https:\/\/ingsw1718.slack.com\/files\/U9PAU9362\/FAGKH5N0Y\/liskov.txt\/edit",
            "preview": "In qualità di utente voglio visualizzare la lista dei Member:\r\n\tWindows:\r\n\tdocker run -v \/c:\/ns softenginfuniba\/liskov \"members\" \"\/ns\/<path>\/ingsw1718.zip\"\r\n\tUbuntu:\r\n\tdocker run -v \/:\/ns softenginfuniba\/liskov  \"members\" \"\/ns\/<path>\/ingsw1718.zip\"\r",
            "preview_highlight": "<div class=\"CodeMirror cm-s-default CodeMirrorServer\" oncopy=\"if(event.clipboardData){event.clipboardData.setData('text\/plain',window.getSelection().toString().replace(\/\\u200b\/g,''));event.preventDefault();event.stopPropagation();}\">\n<div class=\"CodeMirror-code\">\n<div><pre>In qualità di utente voglio visualizzare la lista dei Member:<\/pre><\/div>\n<div><pre>    Windows:<\/pre><\/div>\n<div><pre>    docker run -v \/c:\/ns softenginfuniba\/liskov &quot;members&quot; &quot;\/ns\/&lt;path&gt;\/ingsw1718.zip&quot;<\/pre><\/div>\n<div><pre>    Ubuntu:<\/pre><\/div>\n<div><pre>    docker run -v \/:\/ns softenginfuniba\/liskov  &quot;members&quot; &quot;\/ns\/&lt;path&gt;\/ingsw1718.zip&quot;<\/pre><\/div>\n<div><pre><\/pre><\/div>\n<\/div>\n<\/div>\n",
            "lines": 33,
            "lines_more": 28,
            "preview_is_truncated": true,
            "channels": [],
            "groups": [],
            "ims": [],
            "comments_count": 0
        },
        "user": "U9PAU9362",
        "upload": true,
        "display_as_bot": false,
        "username": "giovanni.lanotte",
        "bot_id": null,
        "ts": "1525292175.000654"
    },
    {
        "type": "message",
        "subtype": "file_share",
        "text": "<@U9NAK1VB5> uploaded a file: <https:\/\/ingsw1718.slack.com\/files\/U9NAK1VB5\/FAHEU2U69\/_hamming.txt|#hamming>",
        "file": {
            "id": "FAHEU2U69",
            "created": 1525292835,
            "timestamp": 1525292835,
            "name": "_hamming.txt",
            "title": "#hamming",
            "mimetype": "text\/plain",
            "filetype": "text",
            "pretty_type": "Plain Text",
            "user": "U9NAK1VB5",
            "editable": true,
            "size": 891,
            "mode": "snippet",
            "is_external": false,
            "external_type": "",
            "is_public": true,
            "public_url_shared": false,
            "display_as_bot": false,
            "username": "",
            "url_private": "https:\/\/files.slack.com\/files-pri\/T9BAB138B-FAHEU2U69\/_hamming.txt?t=xoxe-317351037283-365207707586-364511306800-333c6acf63d6b69e07fd249ca7d3d9ee",
            "url_private_download": "https:\/\/files.slack.com\/files-pri\/T9BAB138B-FAHEU2U69\/download\/_hamming.txt?t=xoxe-317351037283-365207707586-364511306800-333c6acf63d6b69e07fd249ca7d3d9ee",
            "permalink": "https:\/\/ingsw1718.slack.com\/files\/U9NAK1VB5\/FAHEU2U69\/_hamming.txt",
            "permalink_public": "https:\/\/slack-files.com\/T9BAB138B-FAHEU2U69-0bd92e8a73",
            "edit_link": "https:\/\/ingsw1718.slack.com\/files\/U9NAK1VB5\/FAHEU2U69\/_hamming.txt\/edit",
            "preview": "User story #1\r\ndocker run -v \/c:\/ns softenginfuniba\/hamming  -m -z ns\/<path to .zip file>\r\ndocker run -v \/c:\/ns softenginfuniba\/hamming  --members -z ns\/<path to .zip file>\r\nUser story #2\r\ndocker run -v \/c:\/ns softenginfuniba\/hamming  -c -z ns\/<path to .zip file>\r",
            "preview_highlight": "<div class=\"CodeMirror cm-s-default CodeMirrorServer\" oncopy=\"if(event.clipboardData){event.clipboardData.setData('text\/plain',window.getSelection().toString().replace(\/\\u200b\/g,''));event.preventDefault();event.stopPropagation();}\">\n<div class=\"CodeMirror-code\">\n<div><pre>User story #1<\/pre><\/div>\n<div><pre>docker run -v \/c:\/ns softenginfuniba\/hamming  -m -z ns\/&lt;path to .zip file&gt;<\/pre><\/div>\n<div><pre>docker run -v \/c:\/ns softenginfuniba\/hamming  --members -z ns\/&lt;path to .zip file&gt;<\/pre><\/div>\n<div><pre>User story #2<\/pre><\/div>\n<div><pre>docker run -v \/c:\/ns softenginfuniba\/hamming  -c -z ns\/&lt;path to .zip file&gt;<\/pre><\/div>\n<div><pre><\/pre><\/div>\n<\/div>\n<\/div>\n",
            "lines": 16,
            "lines_more": 11,
            "preview_is_truncated": false,
            "channels": [],
            "groups": [],
            "ims": [],
            "comments_count": 0
        },
        "user": "U9NAK1VB5",
        "upload": true,
        "display_as_bot": false,
        "username": "roberto.giovine",
        "bot_id": null,
        "ts": "1525292835.000631"
    },
    {
        "type": "message",
        "subtype": "file_share",
        "text": "<@U9N9XTY8H> uploaded a file: <https:\/\/ingsw1718.slack.com\/files\/U9N9XTY8H\/FAHAZ5YV8\/nygaard.txt|nygaard>",
        "file": {
            "id": "FAHAZ5YV8",
            "created": 1525293381,
            "timestamp": 1525293381,
            "name": "nygaard.txt",
            "title": "nygaard",
            "mimetype": "text\/plain",
            "filetype": "text",
            "pretty_type": "Plain Text",
            "user": "U9N9XTY8H",
            "editable": true,
            "size": 837,
            "mode": "snippet",
            "is_external": false,
            "external_type": "",
            "is_public": true,
            "public_url_shared": false,
            "display_as_bot": false,
            "username": "",
            "url_private": "https:\/\/files.slack.com\/files-pri\/T9BAB138B-FAHAZ5YV8\/nygaard.txt?t=xoxe-317351037283-365207707586-364511306800-333c6acf63d6b69e07fd249ca7d3d9ee",
            "url_private_download": "https:\/\/files.slack.com\/files-pri\/T9BAB138B-FAHAZ5YV8\/download\/nygaard.txt?t=xoxe-317351037283-365207707586-364511306800-333c6acf63d6b69e07fd249ca7d3d9ee",
            "permalink": "https:\/\/ingsw1718.slack.com\/files\/U9N9XTY8H\/FAHAZ5YV8\/nygaard.txt",
            "permalink_public": "https:\/\/slack-files.com\/T9BAB138B-FAHAZ5YV8-bd4211c70c",
            "edit_link": "https:\/\/ingsw1718.slack.com\/files\/U9N9XTY8H\/FAHAZ5YV8\/nygaard.txt\/edit",
            "preview": "In qualità di utente voglio poter avere informazioni di help:\r\ndocker run --rm softenginfuniba\/nygaard help\r\nOppure, senza parametri:\r\ndocker run --rm softenginfuniba\/nygaard \r\n\r",
            "preview_highlight": "<div class=\"CodeMirror cm-s-default CodeMirrorServer\" oncopy=\"if(event.clipboardData){event.clipboardData.setData('text\/plain',window.getSelection().toString().replace(\/\\u200b\/g,''));event.preventDefault();event.stopPropagation();}\">\n<div class=\"CodeMirror-code\">\n<div><pre>In qualità di utente voglio poter avere informazioni di help:<\/pre><\/div>\n<div><pre>docker run --rm softenginfuniba\/nygaard help<\/pre><\/div>\n<div><pre>Oppure, senza parametri:<\/pre><\/div>\n<div><pre>docker run --rm softenginfuniba\/nygaard <\/pre><\/div>\n<div><pre><\/pre><\/div>\n<div><pre><\/pre><\/div>\n<\/div>\n<\/div>\n",
            "lines": 16,
            "lines_more": 11,
            "preview_is_truncated": false,
            "channels": [],
            "groups": [],
            "ims": [],
            "comments_count": 0
        },
        "user": "U9N9XTY8H",
        "upload": true,
        "display_as_bot": false,
        "username": "ottavio.lischio42",
        "bot_id": null,
        "ts": "1525293382.000074"
    },
    {
        "type": "message",
        "subtype": "file_share",
        "text": "<@U9Q9CDE0P> uploaded a file: <https:\/\/ingsw1718.slack.com\/files\/U9Q9CDE0P\/FAJCGDT6K\/ritchie.txt|ritchie>",
        "file": {
            "id": "FAJCGDT6K",
            "created": 1525293643,
            "timestamp": 1525293643,
            "name": "ritchie.txt",
            "title": "ritchie",
            "mimetype": "text\/plain",
            "filetype": "text",
            "pretty_type": "Plain Text",
            "user": "U9Q9CDE0P",
            "editable": true,
            "size": 923,
            "mode": "snippet",
            "is_external": false,
            "external_type": "",
            "is_public": true,
            "public_url_shared": false,
            "display_as_bot": false,
            "username": "",
            "url_private": "https:\/\/files.slack.com\/files-pri\/T9BAB138B-FAJCGDT6K\/ritchie.txt?t=xoxe-317351037283-365207707586-364511306800-333c6acf63d6b69e07fd249ca7d3d9ee",
            "url_private_download": "https:\/\/files.slack.com\/files-pri\/T9BAB138B-FAJCGDT6K\/download\/ritchie.txt?t=xoxe-317351037283-365207707586-364511306800-333c6acf63d6b69e07fd249ca7d3d9ee",
            "permalink": "https:\/\/ingsw1718.slack.com\/files\/U9Q9CDE0P\/FAJCGDT6K\/ritchie.txt",
            "permalink_public": "https:\/\/slack-files.com\/T9BAB138B-FAJCGDT6K-a83fccb28d",
            "edit_link": "https:\/\/ingsw1718.slack.com\/files\/U9Q9CDE0P\/FAJCGDT6K\/ritchie.txt\/edit",
            "preview": "In qualità di utente voglio visualizzare la lista dei Member (User Story #1)\r\ndocker run -v \/c:\/ns\/ softenginfuniba\/ritchie members -f \"ns\/PATH\/TO\/FILE\/WORKSPACE FILE.zip\"\r\n\r\nIn qualità di utente voglio visualizzare la lista dei Channel (User Story #2)\r\ndocker run -v \/c:\/ns\/ softenginfuniba\/ritchie channels -f \"ns\/PATH\/TO\/FILE\/WORKSPACE FILE.zip\"\r",
            "preview_highlight": "<div class=\"CodeMirror cm-s-default CodeMirrorServer\" oncopy=\"if(event.clipboardData){event.clipboardData.setData('text\/plain',window.getSelection().toString().replace(\/\\u200b\/g,''));event.preventDefault();event.stopPropagation();}\">\n<div class=\"CodeMirror-code\">\n<div><pre>In qualità di utente voglio visualizzare la lista dei Member (User Story #1)<\/pre><\/div>\n<div><pre>docker run -v \/c:\/ns\/ softenginfuniba\/ritchie members -f &quot;ns\/PATH\/TO\/FILE\/WORKSPACE FILE.zip&quot;<\/pre><\/div>\n<div><pre><\/pre><\/div>\n<div><pre>In qualità di utente voglio visualizzare la lista dei Channel (User Story #2)<\/pre><\/div>\n<div><pre>docker run -v \/c:\/ns\/ softenginfuniba\/ritchie channels -f &quot;ns\/PATH\/TO\/FILE\/WORKSPACE FILE.zip&quot;<\/pre><\/div>\n<div><pre><\/pre><\/div>\n<\/div>\n<\/div>\n",
            "lines": 17,
            "lines_more": 12,
            "preview_is_truncated": false,
            "channels": [],
            "groups": [],
            "ims": [],
            "comments_count": 0
        },
        "user": "U9Q9CDE0P",
        "upload": true,
        "display_as_bot": false,
        "username": "p.colagrande",
        "bot_id": null,
        "ts": "1525293644.000227"
    },
    {
        "type": "message",
        "subtype": "file_share",
        "text": "<@U9NRSQ859> uploaded a file: <https:\/\/ingsw1718.slack.com\/files\/U9NRSQ859\/FAHF9BXGD\/bernerslee.txt|bernerslee>",
        "file": {
            "id": "FAHF9BXGD",
            "created": 1525294276,
            "timestamp": 1525294276,
            "name": "bernerslee.txt",
            "title": "bernerslee",
            "mimetype": "text\/plain",
            "filetype": "text",
            "pretty_type": "Plain Text",
            "user": "U9NRSQ859",
            "editable": true,
            "size": 816,
            "mode": "snippet",
            "is_external": false,
            "external_type": "",
            "is_public": true,
            "public_url_shared": false,
            "display_as_bot": false,
            "username": "",
            "url_private": "https:\/\/files.slack.com\/files-pri\/T9BAB138B-FAHF9BXGD\/bernerslee.txt?t=xoxe-317351037283-365207707586-364511306800-333c6acf63d6b69e07fd249ca7d3d9ee",
            "url_private_download": "https:\/\/files.slack.com\/files-pri\/T9BAB138B-FAHF9BXGD\/download\/bernerslee.txt?t=xoxe-317351037283-365207707586-364511306800-333c6acf63d6b69e07fd249ca7d3d9ee",
            "permalink": "https:\/\/ingsw1718.slack.com\/files\/U9NRSQ859\/FAHF9BXGD\/bernerslee.txt",
            "permalink_public": "https:\/\/slack-files.com\/T9BAB138B-FAHF9BXGD-99954eab4d",
            "edit_link": "https:\/\/ingsw1718.slack.com\/files\/U9NRSQ859\/FAHF9BXGD\/bernerslee.txt\/edit",
            "preview": "In qualità di utente voglio visualizzare la lista dei Members\r\n- docker run -v \/c:\/ns softenfinuniba\/bernerslee usersList ns\/path\/to\/file\/ingsw1718.zip\r\n\r\nIn qualità di utente voglio visualizzare la lista dei Channel\r\n- docker run -v \/c:\/ns softenginfuniba\/bernerslee channelsList ns\/path\/to\/file\/ingsw1718.zip\r",
            "preview_highlight": "<div class=\"CodeMirror cm-s-default CodeMirrorServer\" oncopy=\"if(event.clipboardData){event.clipboardData.setData('text\/plain',window.getSelection().toString().replace(\/\\u200b\/g,''));event.preventDefault();event.stopPropagation();}\">\n<div class=\"CodeMirror-code\">\n<div><pre>In qualità di utente voglio visualizzare la lista dei Members<\/pre><\/div>\n<div><pre>- docker run -v \/c:\/ns softenfinuniba\/bernerslee usersList ns\/path\/to\/file\/ingsw1718.zip<\/pre><\/div>\n<div><pre><\/pre><\/div>\n<div><pre>In qualità di utente voglio visualizzare la lista dei Channel<\/pre><\/div>\n<div><pre>- docker run -v \/c:\/ns softenginfuniba\/bernerslee channelsList ns\/path\/to\/file\/ingsw1718.zip<\/pre><\/div>\n<div><pre><\/pre><\/div>\n<\/div>\n<\/div>\n",
            "lines": 14,
            "lines_more": 9,
            "preview_is_truncated": false,
            "channels": [],
            "groups": [],
            "ims": [],
            "comments_count": 0
        },
        "user": "U9NRSQ859",
        "upload": true,
        "display_as_bot": false,
        "username": "ulissis1996",
        "bot_id": null,
        "ts": "1525294277.000467"
    },
    {
        "type": "message",
        "subtype": "file_share",
        "text": "<@U9NQ8RQ67> uploaded a file: <https:\/\/ingsw1718.slack.com\/files\/U9NQ8RQ67\/FAHBH3SSW\/reddy.sh|reddy>",
        "file": {
            "id": "FAHBH3SSW",
            "created": 1525295054,
            "timestamp": 1525295054,
            "name": "reddy.sh",
            "title": "reddy",
            "mimetype": "text\/plain",
            "filetype": "shell",
            "pretty_type": "Shell",
            "user": "U9NQ8RQ67",
            "editable": true,
            "size": 1253,
            "mode": "snippet",
            "is_external": false,
            "external_type": "",
            "is_public": true,
            "public_url_shared": false,
            "display_as_bot": false,
            "username": "",
            "url_private": "https:\/\/files.slack.com\/files-pri\/T9BAB138B-FAHBH3SSW\/reddy.sh?t=xoxe-317351037283-365207707586-364511306800-333c6acf63d6b69e07fd249ca7d3d9ee",
            "url_private_download": "https:\/\/files.slack.com\/files-pri\/T9BAB138B-FAHBH3SSW\/download\/reddy.sh?t=xoxe-317351037283-365207707586-364511306800-333c6acf63d6b69e07fd249ca7d3d9ee",
            "permalink": "https:\/\/ingsw1718.slack.com\/files\/U9NQ8RQ67\/FAHBH3SSW\/reddy.sh",
            "permalink_public": "https:\/\/slack-files.com\/T9BAB138B-FAHBH3SSW-47ac598548",
            "edit_link": "https:\/\/ingsw1718.slack.com\/files\/U9NQ8RQ67\/FAHBH3SSW\/reddy.sh\/edit",
            "preview": "In qualità di utente voglio visualizzare la lista dei Member:\r\n\tWindows: docker run -v \/c:\/ns softenginfuniba\/reddy -z ns\/path\/to\/file\/fileName.zip -c members\r\n\tLinux: docker run -v \/:\/ns softenginfuniba\/reddy -z ns\/path\/to\/file\/fileName.zip -c members\r\n\r\nIn qualità di utente voglio visualizzare la lista dei Channel:\r",
            "preview_highlight": "<div class=\"CodeMirror cm-s-default CodeMirrorServer\" oncopy=\"if(event.clipboardData){event.clipboardData.setData('text\/plain',window.getSelection().toString().replace(\/\\u200b\/g,''));event.preventDefault();event.stopPropagation();}\">\n<div class=\"CodeMirror-code\">\n<div><pre>In qualità di utente voglio visualizzare la lista dei Member:<\/pre><\/div>\n<div><pre>\tWindows: docker run <span class=\"cm-attribute\">-v<\/span> \/c:\/ns softenginfuniba\/reddy <span class=\"cm-attribute\">-z<\/span> ns\/path\/to\/file\/fileName.zip <span class=\"cm-attribute\">-c<\/span> members<\/pre><\/div>\n<div><pre>\tLinux: docker run <span class=\"cm-attribute\">-v<\/span> \/:\/ns softenginfuniba\/reddy <span class=\"cm-attribute\">-z<\/span> ns\/path\/to\/file\/fileName.zip <span class=\"cm-attribute\">-c<\/span> members<\/pre><\/div>\n<div><pre>&#8203;<\/pre><\/div>\n<div><pre>In qualità di utente voglio visualizzare la lista dei Channel:<\/pre><\/div>\n<\/div>\n<\/div>\n",
            "lines": 19,
            "lines_more": 14,
            "preview_is_truncated": true,
            "channels": [],
            "groups": [],
            "ims": [],
            "comments_count": 0
        },
        "user": "U9NQ8RQ67",
        "upload": true,
        "display_as_bot": false,
        "username": "m.loi",
        "bot_id": null,
        "ts": "1525295055.000276"
    },
    {
        "type": "message",
        "subtype": "file_share",
        "text": "<@U9NAWRB2Q> uploaded a file: <https:\/\/ingsw1718.slack.com\/files\/U9NAWRB2Q\/FAGLHNQ00\/codd.txt|codd>",
        "file": {
            "id": "FAGLHNQ00",
            "created": 1525295424,
            "timestamp": 1525295424,
            "name": "codd.txt",
            "title": "codd",
            "mimetype": "text\/plain",
            "filetype": "text",
            "pretty_type": "Plain Text",
            "user": "U9NAWRB2Q",
            "editable": true,
            "size": 606,
            "mode": "snippet",
            "is_external": false,
            "external_type": "",
            "is_public": true,
            "public_url_shared": false,
            "display_as_bot": false,
            "username": "",
            "url_private": "https:\/\/files.slack.com\/files-pri\/T9BAB138B-FAGLHNQ00\/codd.txt?t=xoxe-317351037283-365207707586-364511306800-333c6acf63d6b69e07fd249ca7d3d9ee",
            "url_private_download": "https:\/\/files.slack.com\/files-pri\/T9BAB138B-FAGLHNQ00\/download\/codd.txt?t=xoxe-317351037283-365207707586-364511306800-333c6acf63d6b69e07fd249ca7d3d9ee",
            "permalink": "https:\/\/ingsw1718.slack.com\/files\/U9NAWRB2Q\/FAGLHNQ00\/codd.txt",
            "permalink_public": "https:\/\/slack-files.com\/T9BAB138B-FAGLHNQ00-30c4abf953",
            "edit_link": "https:\/\/ingsw1718.slack.com\/files\/U9NAWRB2Q\/FAGLHNQ00\/codd.txt\/edit",
            "preview": "Help: \r\ndocker run softenginfuniba\/codd\r\ndocker run softenginfuniba\/codd help\r\nLista membri: \r\ndocker run -v <Percorso della cartella con lo zip>:\/data softenginfuniba\/codd members \/data\/<nome zip>.zip \r",
            "preview_highlight": "<div class=\"CodeMirror cm-s-default CodeMirrorServer\" oncopy=\"if(event.clipboardData){event.clipboardData.setData('text\/plain',window.getSelection().toString().replace(\/\\u200b\/g,''));event.preventDefault();event.stopPropagation();}\">\n<div class=\"CodeMirror-code\">\n<div><pre><span class=\"cm-variable\">Help<\/span>: <\/pre><\/div>\n<div><pre><span class=\"cm-variable\">docker<\/span> <span class=\"cm-variable\">run<\/span> <span class=\"cm-variable\">softenginfuniba<\/span><span class=\"cm-operator\">\/<\/span><span class=\"cm-variable\">codd<\/span><\/pre><\/div>\n<div><pre><span class=\"cm-variable\">docker<\/span> <span class=\"cm-variable\">run<\/span> <span class=\"cm-variable\">softenginfuniba<\/span><span class=\"cm-operator\">\/<\/span><span class=\"cm-variable\">codd<\/span> <span class=\"cm-builtin\">help<\/span><\/pre><\/div>\n<div><pre><span class=\"cm-variable\">Lista<\/span> <span class=\"cm-variable\">membri<\/span>: <\/pre><\/div>\n<div><pre><span class=\"cm-variable\">docker<\/span> <span class=\"cm-variable\">run<\/span> <span class=\"cm-operator\">-<\/span><span class=\"cm-variable\">v<\/span> <span class=\"cm-operator\">&lt;<\/span><span class=\"cm-variable\">Percorso<\/span> <span class=\"cm-variable\">della<\/span> <span class=\"cm-variable\">cartella<\/span> <span class=\"cm-variable\">con<\/span> <span class=\"cm-variable\">lo<\/span> <span class=\"cm-builtin\">zip<\/span><span class=\"cm-operator\">&gt;<\/span>:<span class=\"cm-operator\">\/<\/span><span class=\"cm-variable\">data<\/span> <span class=\"cm-variable\">softenginfuniba<\/span><span class=\"cm-operator\">\/<\/span><span class=\"cm-variable\">codd<\/span> <span class=\"cm-variable\">members<\/span> <span class=\"cm-operator\">\/<\/span><span class=\"cm-variable\">data<\/span><span class=\"cm-operator\">\/<\/span><span class=\"cm-operator\">&lt;<\/span><span class=\"cm-variable\">nome<\/span> <span class=\"cm-builtin\">zip<\/span><span class=\"cm-operator\">&gt;<\/span>.<span class=\"cm-property\">zip<\/span> <\/pre><\/div>\n<\/div>\n<\/div>\n",
            "lines": 11,
            "lines_more": 6,
            "preview_is_truncated": false,
            "channels": [],
            "groups": [],
            "ims": [],
            "comments_count": 0
        },
        "user": "U9NAWRB2Q",
        "upload": true,
        "display_as_bot": false,
        "username": "adifonzo97",
        "bot_id": null,
        "ts": "1525295425.000286"
    },
    {
        "type": "message",
        "subtype": "file_share",
        "text": "<@U9NM7AYPN> uploaded a file: <https:\/\/ingsw1718.slack.com\/files\/U9NM7AYPN\/FAHFWLQ21\/wilkinson.txt|wilkinson>",
        "file": {
            "id": "FAHFWLQ21",
            "created": 1525296378,
            "timestamp": 1525296378,
            "name": "wilkinson.txt",
            "title": "wilkinson",
            "mimetype": "text\/plain",
            "filetype": "text",
            "pretty_type": "Plain Text",
            "user": "U9NM7AYPN",
            "editable": true,
            "size": 865,
            "mode": "snippet",
            "is_external": false,
            "external_type": "",
            "is_public": true,
            "public_url_shared": false,
            "display_as_bot": false,
            "username": "",
            "url_private": "https:\/\/files.slack.com\/files-pri\/T9BAB138B-FAHFWLQ21\/wilkinson.txt?t=xoxe-317351037283-365207707586-364511306800-333c6acf63d6b69e07fd249ca7d3d9ee",
            "url_private_download": "https:\/\/files.slack.com\/files-pri\/T9BAB138B-FAHFWLQ21\/download\/wilkinson.txt?t=xoxe-317351037283-365207707586-364511306800-333c6acf63d6b69e07fd249ca7d3d9ee",
            "permalink": "https:\/\/ingsw1718.slack.com\/files\/U9NM7AYPN\/FAHFWLQ21\/wilkinson.txt",
            "permalink_public": "https:\/\/slack-files.com\/T9BAB138B-FAHFWLQ21-8e3627b090",
            "edit_link": "https:\/\/ingsw1718.slack.com\/files\/U9NM7AYPN\/FAHFWLQ21\/wilkinson.txt\/edit",
            "preview": "In qualità di utente voglio visualizzare la lista dei Members\r\n docker run -v\/c:\/ns softenginfuniba\/wilkinson \"ns\/path\/to\/file\/fileName.zip\" \"sna4slack-members\"\r\n\r\nIn qualità di utente voglio visualizzare la lista dei Channels \r\n docker run -v\/c:\/ns softenginfuniba\/wilkinson \"ns\/path\/to\/file\/fileName.zip\" \"sna4slack-channels\"\r",
            "preview_highlight": "<div class=\"CodeMirror cm-s-default CodeMirrorServer\" oncopy=\"if(event.clipboardData){event.clipboardData.setData('text\/plain',window.getSelection().toString().replace(\/\\u200b\/g,''));event.preventDefault();event.stopPropagation();}\">\n<div class=\"CodeMirror-code\">\n<div><pre>In qualità di utente voglio visualizzare la lista dei Members<\/pre><\/div>\n<div><pre> docker run -v\/c:\/ns softenginfuniba\/wilkinson &quot;ns\/path\/to\/file\/fileName.zip&quot; &quot;sna4slack-members&quot;<\/pre><\/div>\n<div><pre><\/pre><\/div>\n<div><pre>In qualità di utente voglio visualizzare la lista dei Channels <\/pre><\/div>\n<div><pre> docker run -v\/c:\/ns softenginfuniba\/wilkinson &quot;ns\/path\/to\/file\/fileName.zip&quot; &quot;sna4slack-channels&quot;<\/pre><\/div>\n<div><pre><\/pre><\/div>\n<\/div>\n<\/div>\n",
            "lines": 14,
            "lines_more": 9,
            "preview_is_truncated": false,
            "channels": [],
            "groups": [],
            "ims": [],
            "comments_count": 0
        },
        "user": "U9NM7AYPN",
        "upload": true,
        "display_as_bot": false,
        "username": "gianfri97",
        "bot_id": null,
        "ts": "1525296379.000135"
    },
    {
        "type": "message",
        "subtype": "file_share",
        "text": "<@U9P18U17X> uploaded a file: <https:\/\/ingsw1718.slack.com\/files\/U9P18U17X\/FAGRF0Z89\/scott.txt|scott>",
        "file": {
            "id": "FAGRF0Z89",
            "created": 1525297113,
            "timestamp": 1525297113,
            "name": "scott.txt",
            "title": "scott",
            "mimetype": "text\/plain",
            "filetype": "text",
            "pretty_type": "Plain Text",
            "user": "U9P18U17X",
            "editable": true,
            "size": 882,
            "mode": "snippet",
            "is_external": false,
            "external_type": "",
            "is_public": true,
            "public_url_shared": false,
            "display_as_bot": false,
            "username": "",
            "url_private": "https:\/\/files.slack.com\/files-pri\/T9BAB138B-FAGRF0Z89\/scott.txt?t=xoxe-317351037283-365207707586-364511306800-333c6acf63d6b69e07fd249ca7d3d9ee",
            "url_private_download": "https:\/\/files.slack.com\/files-pri\/T9BAB138B-FAGRF0Z89\/download\/scott.txt?t=xoxe-317351037283-365207707586-364511306800-333c6acf63d6b69e07fd249ca7d3d9ee",
            "permalink": "https:\/\/ingsw1718.slack.com\/files\/U9P18U17X\/FAGRF0Z89\/scott.txt",
            "permalink_public": "https:\/\/slack-files.com\/T9BAB138B-FAGRF0Z89-c8a3f64233",
            "edit_link": "https:\/\/ingsw1718.slack.com\/files\/U9P18U17X\/FAGRF0Z89\/scott.txt\/edit",
            "preview": "User Story #1: In qualità di utente voglio visualizzare la lista dei Members:\r\ndocker run -v \/c:\/ns\/ softenginfuniba\/scott list members \"ns\/path\/workspace_name.zip\"\r\n\r\nUser Story #2: In qualità di utente voglio visualizzare la lista dei Channel:\r\ndocker run -v \/c:\/ns\/ softenginfuniba\/scott list channels \"ns\/path\/workspace_name.zip\"\r",
            "preview_highlight": "<div class=\"CodeMirror cm-s-default CodeMirrorServer\" oncopy=\"if(event.clipboardData){event.clipboardData.setData('text\/plain',window.getSelection().toString().replace(\/\\u200b\/g,''));event.preventDefault();event.stopPropagation();}\">\n<div class=\"CodeMirror-code\">\n<div><pre>User Story #1: In qualità di utente voglio visualizzare la lista dei Members:<\/pre><\/div>\n<div><pre>docker run -v \/c:\/ns\/ softenginfuniba\/scott list members &quot;ns\/path\/workspace_name.zip&quot;<\/pre><\/div>\n<div><pre><\/pre><\/div>\n<div><pre>User Story #2: In qualità di utente voglio visualizzare la lista dei Channel:<\/pre><\/div>\n<div><pre>docker run -v \/c:\/ns\/ softenginfuniba\/scott list channels &quot;ns\/path\/workspace_name.zip&quot;<\/pre><\/div>\n<div><pre><\/pre><\/div>\n<\/div>\n<\/div>\n",
            "lines": 15,
            "lines_more": 10,
            "preview_is_truncated": false,
            "channels": [],
            "groups": [],
            "ims": [],
            "comments_count": 0
        },
        "user": "U9P18U17X",
        "upload": true,
        "display_as_bot": false,
        "username": "m.amato17",
        "bot_id": null,
        "ts": "1525297114.000226"
    },
    {
        "type": "message",
        "subtype": "file_share",
        "text": "<@U9PK3NZ8F> uploaded a file: <https:\/\/ingsw1718.slack.com\/files\/U9PK3NZ8F\/FAH9J43J7\/_engelbart.txt|#engelbart>",
        "file": {
            "id": "FAH9J43J7",
            "created": 1525298700,
            "timestamp": 1525298700,
            "name": "_engelbart.txt",
            "title": "#engelbart",
            "mimetype": "text\/plain",
            "filetype": "text",
            "pretty_type": "Plain Text",
            "user": "U9PK3NZ8F",
            "editable": true,
            "size": 793,
            "mode": "snippet",
            "is_external": false,
            "external_type": "",
            "is_public": true,
            "public_url_shared": false,
            "display_as_bot": false,
            "username": "",
            "url_private": "https:\/\/files.slack.com\/files-pri\/T9BAB138B-FAH9J43J7\/_engelbart.txt?t=xoxe-317351037283-365207707586-364511306800-333c6acf63d6b69e07fd249ca7d3d9ee",
            "url_private_download": "https:\/\/files.slack.com\/files-pri\/T9BAB138B-FAH9J43J7\/download\/_engelbart.txt?t=xoxe-317351037283-365207707586-364511306800-333c6acf63d6b69e07fd249ca7d3d9ee",
            "permalink": "https:\/\/ingsw1718.slack.com\/files\/U9PK3NZ8F\/FAH9J43J7\/_engelbart.txt",
            "permalink_public": "https:\/\/slack-files.com\/T9BAB138B-FAH9J43J7-d3fb0b3b37",
            "edit_link": "https:\/\/ingsw1718.slack.com\/files\/U9PK3NZ8F\/FAH9J43J7\/_engelbart.txt\/edit",
            "preview": "In qualità di utente voglio visualizzare la lista dei Members\r\n docker run -v\/c:\/ns softenginfuniba\/engelbart ns\/path\/to\/file\/fileName.zip \/members\r\nIn qualità di utente voglio visualizzare la lista dei Channels \r\n docker run -v\/c:\/ns softenginfuniba\/engelbart ns\/path\/to\/file\/fileName.zip \/channels\r\nIn qualità di utente voglio visualizzare la lista dei Members raggruppati per Channel\r",
            "preview_highlight": "<div class=\"CodeMirror cm-s-default CodeMirrorServer\" oncopy=\"if(event.clipboardData){event.clipboardData.setData('text\/plain',window.getSelection().toString().replace(\/\\u200b\/g,''));event.preventDefault();event.stopPropagation();}\">\n<div class=\"CodeMirror-code\">\n<div><pre>In qualità di utente voglio visualizzare la lista dei Members<\/pre><\/div>\n<div><pre> docker run -v\/c:\/ns softenginfuniba\/engelbart ns\/path\/to\/file\/fileName.zip \/members<\/pre><\/div>\n<div><pre>In qualità di utente voglio visualizzare la lista dei Channels <\/pre><\/div>\n<div><pre> docker run -v\/c:\/ns softenginfuniba\/engelbart ns\/path\/to\/file\/fileName.zip \/channels<\/pre><\/div>\n<div><pre>In qualità di utente voglio visualizzare la lista dei Members raggruppati per Channel<\/pre><\/div>\n<div><pre><\/pre><\/div>\n<\/div>\n<\/div>\n",
            "lines": 10,
            "lines_more": 5,
            "preview_is_truncated": false,
            "channels": [],
            "groups": [],
            "ims": [],
            "comments_count": 0
        },
        "user": "U9PK3NZ8F",
        "upload": true,
        "display_as_bot": false,
        "username": "andrea.de.stradis",
        "bot_id": null,
        "ts": "1525298700.000442"
    },
    {
        "type": "message",
        "subtype": "file_share",
        "text": "<@U9P5NTBML> uploaded a file: <https:\/\/ingsw1718.slack.com\/files\/U9P5NTBML\/FAGMUJF5W\/_dijkstra.txt|#dijkstra>",
        "file": {
            "id": "FAGMUJF5W",
            "created": 1525300898,
            "timestamp": 1525300898,
            "name": "_dijkstra.txt",
            "title": "#dijkstra",
            "mimetype": "text\/plain",
            "filetype": "text",
            "pretty_type": "Plain Text",
            "user": "U9P5NTBML",
            "editable": true,
            "size": 747,
            "mode": "snippet",
            "is_external": false,
            "external_type": "",
            "is_public": true,
            "public_url_shared": false,
            "display_as_bot": false,
            "username": "",
            "url_private": "https:\/\/files.slack.com\/files-pri\/T9BAB138B-FAGMUJF5W\/_dijkstra.txt?t=xoxe-317351037283-365207707586-364511306800-333c6acf63d6b69e07fd249ca7d3d9ee",
            "url_private_download": "https:\/\/files.slack.com\/files-pri\/T9BAB138B-FAGMUJF5W\/download\/_dijkstra.txt?t=xoxe-317351037283-365207707586-364511306800-333c6acf63d6b69e07fd249ca7d3d9ee",
            "permalink": "https:\/\/ingsw1718.slack.com\/files\/U9P5NTBML\/FAGMUJF5W\/_dijkstra.txt",
            "permalink_public": "https:\/\/slack-files.com\/T9BAB138B-FAGMUJF5W-d6017f53e2",
            "edit_link": "https:\/\/ingsw1718.slack.com\/files\/U9P5NTBML\/FAGMUJF5W\/_dijkstra.txt\/edit",
            "preview": "In qualità di utente voglio poter avere informazioni di help:\r\ndocker run -v \/c:\/ns softenginfuniba\/dijkstra  ns\/path\/ingsw1718.zip help\r\n\r\nIn qualità di utente voglio visualizzare la lista dei Member di un Channel:\r\ndocker run -v \/c:\/ns softenginfuniba\/dijkstra  ns\/path\/ingsw1718.zip -cm channel_name\r",
            "preview_highlight": "<div class=\"CodeMirror cm-s-default CodeMirrorServer\" oncopy=\"if(event.clipboardData){event.clipboardData.setData('text\/plain',window.getSelection().toString().replace(\/\\u200b\/g,''));event.preventDefault();event.stopPropagation();}\">\n<div class=\"CodeMirror-code\">\n<div><pre>In qualità di utente voglio poter avere informazioni di help:<\/pre><\/div>\n<div><pre>docker run -v \/c:\/ns softenginfuniba\/dijkstra  ns\/path\/ingsw1718.zip help<\/pre><\/div>\n<div><pre><\/pre><\/div>\n<div><pre>In qualità di utente voglio visualizzare la lista dei Member di un Channel:<\/pre><\/div>\n<div><pre>docker run -v \/c:\/ns softenginfuniba\/dijkstra  ns\/path\/ingsw1718.zip -cm channel_name<\/pre><\/div>\n<div><pre><\/pre><\/div>\n<\/div>\n<\/div>\n",
            "lines": 14,
            "lines_more": 9,
            "preview_is_truncated": false,
            "channels": [],
            "groups": [],
            "ims": [],
            "comments_count": 0
        },
        "user": "U9P5NTBML",
        "upload": true,
        "display_as_bot": false,
        "username": "infmach",
        "bot_id": null,
        "ts": "1525300899.000146"
    },
    {
        "type": "message",
        "subtype": "file_share",
        "text": "<@U9P0XUJ4D> uploaded a file: <https:\/\/ingsw1718.slack.com\/files\/U9P0XUJ4D\/FAHA831SP\/rivest.txt|rivest>",
        "file": {
            "id": "FAHA831SP",
            "created": 1525302169,
            "timestamp": 1525302169,
            "name": "rivest.txt",
            "title": "rivest",
            "mimetype": "text\/plain",
            "filetype": "text",
            "pretty_type": "Plain Text",
            "user": "U9P0XUJ4D",
            "editable": true,
            "size": 973,
            "mode": "snippet",
            "is_external": false,
            "external_type": "",
            "is_public": true,
            "public_url_shared": false,
            "display_as_bot": false,
            "username": "",
            "url_private": "https:\/\/files.slack.com\/files-pri\/T9BAB138B-FAHA831SP\/rivest.txt?t=xoxe-317351037283-365207707586-364511306800-333c6acf63d6b69e07fd249ca7d3d9ee",
            "url_private_download": "https:\/\/files.slack.com\/files-pri\/T9BAB138B-FAHA831SP\/download\/rivest.txt?t=xoxe-317351037283-365207707586-364511306800-333c6acf63d6b69e07fd249ca7d3d9ee",
            "permalink": "https:\/\/ingsw1718.slack.com\/files\/U9P0XUJ4D\/FAHA831SP\/rivest.txt",
            "permalink_public": "https:\/\/slack-files.com\/T9BAB138B-FAHA831SP-a810a69888",
            "edit_link": "https:\/\/ingsw1718.slack.com\/files\/U9P0XUJ4D\/FAHA831SP\/rivest.txt\/edit",
            "preview": "- User story #1: In qualità di utente voglio visualizzare la lista dei Member\r\n       docker run -v \/c:\/ns softenginfuniba\/rivest sna4slack -m ns\/(path)\/nome_file.zip\r\n- User story #2: In qualità di utente voglio visualizzare la lista dei Channel\r\n       docker run -v \/c:\/ns softenginfuniba\/rivest sna4slack -c ns\/(path)\/nome_file.zip\r\n- User story #3: In qualità di utente voglio visualizzare la lista dei Member raggruppati per Channel \r",
            "preview_highlight": "<div class=\"CodeMirror cm-s-default CodeMirrorServer\" oncopy=\"if(event.clipboardData){event.clipboardData.setData('text\/plain',window.getSelection().toString().replace(\/\\u200b\/g,''));event.preventDefault();event.stopPropagation();}\">\n<div class=\"CodeMirror-code\">\n<div><pre>- User story #1: In qualità di utente voglio visualizzare la lista dei Member<\/pre><\/div>\n<div><pre>       docker run -v \/c:\/ns softenginfuniba\/rivest sna4slack -m ns\/(path)\/nome_file.zip<\/pre><\/div>\n<div><pre>- User story #2: In qualità di utente voglio visualizzare la lista dei Channel<\/pre><\/div>\n<div><pre>       docker run -v \/c:\/ns softenginfuniba\/rivest sna4slack -c ns\/(path)\/nome_file.zip<\/pre><\/div>\n<div><pre>- User story #3: In qualità di utente voglio visualizzare la lista dei Member raggruppati per Channel <\/pre><\/div>\n<div><pre><\/pre><\/div>\n<\/div>\n<\/div>\n",
            "lines": 13,
            "lines_more": 8,
            "preview_is_truncated": false,
            "channels": [],
            "groups": [],
            "ims": [],
            "comments_count": 0
        },
        "user": "U9P0XUJ4D",
        "upload": true,
        "display_as_bot": false,
        "username": "lanotte28",
        "bot_id": null,
        "ts": "1525302169.000271"
    },
    {
        "type": "message",
        "subtype": "file_share",
        "text": "<@U9P3A065A> uploaded a file: <https:\/\/ingsw1718.slack.com\/files\/U9P3A065A\/FAHDF69JN\/kay.txt|kay>",
        "file": {
            "id": "FAHDF69JN",
            "created": 1525303709,
            "timestamp": 1525303709,
            "name": "kay.txt",
            "title": "kay",
            "mimetype": "text\/plain",
            "filetype": "text",
            "pretty_type": "Plain Text",
            "user": "U9P3A065A",
            "editable": true,
            "size": 392,
            "mode": "snippet",
            "is_external": false,
            "external_type": "",
            "is_public": true,
            "public_url_shared": false,
            "display_as_bot": false,
            "username": "",
            "url_private": "https:\/\/files.slack.com\/files-pri\/T9BAB138B-FAHDF69JN\/kay.txt?t=xoxe-317351037283-365207707586-364511306800-333c6acf63d6b69e07fd249ca7d3d9ee",
            "url_private_download": "https:\/\/files.slack.com\/files-pri\/T9BAB138B-FAHDF69JN\/download\/kay.txt?t=xoxe-317351037283-365207707586-364511306800-333c6acf63d6b69e07fd249ca7d3d9ee",
            "permalink": "https:\/\/ingsw1718.slack.com\/files\/U9P3A065A\/FAHDF69JN\/kay.txt",
            "permalink_public": "https:\/\/slack-files.com\/T9BAB138B-FAHDF69JN-4ed4277053",
            "edit_link": "https:\/\/ingsw1718.slack.com\/files\/U9P3A065A\/FAHDF69JN\/kay.txt\/edit",
            "preview": "issue#1:\r\ndocker run -v \/c:\/ns softenginfuniba\/kay ns\/path\/ingsw1718.zip members\r\nissue#2:\r\ndocker run -v \/c:\/ns softenginfuniba\/kay ns\/path\/ingsw1718.zip channels\r\nissue#3:\r",
            "preview_highlight": "<div class=\"CodeMirror cm-s-default CodeMirrorServer\" oncopy=\"if(event.clipboardData){event.clipboardData.setData('text\/plain',window.getSelection().toString().replace(\/\\u200b\/g,''));event.preventDefault();event.stopPropagation();}\">\n<div class=\"CodeMirror-code\">\n<div><pre>issue#1:<\/pre><\/div>\n<div><pre>docker run -v \/c:\/ns softenginfuniba\/kay ns\/path\/ingsw1718.zip members<\/pre><\/div>\n<div><pre>issue#2:<\/pre><\/div>\n<div><pre>docker run -v \/c:\/ns softenginfuniba\/kay ns\/path\/ingsw1718.zip channels<\/pre><\/div>\n<div><pre>issue#3:<\/pre><\/div>\n<div><pre><\/pre><\/div>\n<\/div>\n<\/div>\n",
            "lines": 10,
            "lines_more": 5,
            "preview_is_truncated": false,
            "channels": [],
            "groups": [],
            "ims": [],
            "comments_count": 0
        },
        "user": "U9P3A065A",
        "upload": true,
        "display_as_bot": false,
        "username": "iannotta.ma",
        "bot_id": null,
        "ts": "1525303709.000248"
    },
    {
        "type": "message",
        "subtype": "file_share",
        "text": "<@UA2P4MQ23> uploaded a file: <https:\/\/ingsw1718.slack.com\/files\/UA2P4MQ23\/FAJEX03FH\/thacker.txt|thacker>",
        "file": {
            "id": "FAJEX03FH",
            "created": 1525303937,
            "timestamp": 1525303937,
            "name": "thacker.txt",
            "title": "thacker",
            "mimetype": "text\/plain",
            "filetype": "text",
            "pretty_type": "Plain Text",
            "user": "UA2P4MQ23",
            "editable": true,
            "size": 950,
            "mode": "snippet",
            "is_external": false,
            "external_type": "",
            "is_public": true,
            "public_url_shared": false,
            "display_as_bot": false,
            "username": "",
            "url_private": "https:\/\/files.slack.com\/files-pri\/T9BAB138B-FAJEX03FH\/thacker.txt?t=xoxe-317351037283-365207707586-364511306800-333c6acf63d6b69e07fd249ca7d3d9ee",
            "url_private_download": "https:\/\/files.slack.com\/files-pri\/T9BAB138B-FAJEX03FH\/download\/thacker.txt?t=xoxe-317351037283-365207707586-364511306800-333c6acf63d6b69e07fd249ca7d3d9ee",
            "permalink": "https:\/\/ingsw1718.slack.com\/files\/UA2P4MQ23\/FAJEX03FH\/thacker.txt",
            "permalink_public": "https:\/\/slack-files.com\/T9BAB138B-FAJEX03FH-8255e743fa",
            "edit_link": "https:\/\/ingsw1718.slack.com\/files\/UA2P4MQ23\/FAJEX03FH\/thacker.txt\/edit",
            "preview": "In qualità di utente voglio poter avere informazioni di help:\r\ndocker run -v \/:\/ns softenginfuniba\/thacker -h \r\ndocker run -v \/:\/ns softenginfuniba\/thacker --help\r\n\r\nIn qualità di utente voglio visualizzare la lista dei Member\r",
            "preview_highlight": "<div class=\"CodeMirror cm-s-default CodeMirrorServer\" oncopy=\"if(event.clipboardData){event.clipboardData.setData('text\/plain',window.getSelection().toString().replace(\/\\u200b\/g,''));event.preventDefault();event.stopPropagation();}\">\n<div class=\"CodeMirror-code\">\n<div><pre>In qualità di utente voglio poter avere informazioni di help:<\/pre><\/div>\n<div><pre>docker run -v \/:\/ns softenginfuniba\/thacker -h <\/pre><\/div>\n<div><pre>docker run -v \/:\/ns softenginfuniba\/thacker --help<\/pre><\/div>\n<div><pre><\/pre><\/div>\n<div><pre>In qualità di utente voglio visualizzare la lista dei Member<\/pre><\/div>\n<div><pre><\/pre><\/div>\n<\/div>\n<\/div>\n",
            "lines": 20,
            "lines_more": 15,
            "preview_is_truncated": false,
            "channels": [],
            "groups": [],
            "ims": [],
            "comments_count": 0
        },
        "user": "UA2P4MQ23",
        "upload": true,
        "display_as_bot": false,
        "username": "g.caka",
        "bot_id": null,
        "ts": "1525303938.000102"
    },
    {
        "type": "message",
        "subtype": "file_share",
        "text": "<@U9PQX9LAZ> uploaded a file: <https:\/\/ingsw1718.slack.com\/files\/U9PQX9LAZ\/FAGP7D4KA\/feigenbaum.txt|feigenbaum>",
        "file": {
            "id": "FAGP7D4KA",
            "created": 1525309507,
            "timestamp": 1525309507,
            "name": "feigenbaum.txt",
            "title": "feigenbaum",
            "mimetype": "text\/plain",
            "filetype": "text",
            "pretty_type": "Plain Text",
            "user": "U9PQX9LAZ",
            "editable": true,
            "size": 849,
            "mode": "snippet",
            "is_external": false,
            "external_type": "",
            "is_public": true,
            "public_url_shared": false,
            "display_as_bot": false,
            "username": "",
            "url_private": "https:\/\/files.slack.com\/files-pri\/T9BAB138B-FAGP7D4KA\/feigenbaum.txt?t=xoxe-317351037283-365207707586-364511306800-333c6acf63d6b69e07fd249ca7d3d9ee",
            "url_private_download": "https:\/\/files.slack.com\/files-pri\/T9BAB138B-FAGP7D4KA\/download\/feigenbaum.txt?t=xoxe-317351037283-365207707586-364511306800-333c6acf63d6b69e07fd249ca7d3d9ee",
            "permalink": "https:\/\/ingsw1718.slack.com\/files\/U9PQX9LAZ\/FAGP7D4KA\/feigenbaum.txt",
            "permalink_public": "https:\/\/slack-files.com\/T9BAB138B-FAGP7D4KA-1538abad7c",
            "edit_link": "https:\/\/ingsw1718.slack.com\/files\/U9PQX9LAZ\/FAGP7D4KA\/feigenbaum.txt\/edit",
            "preview": "In qualità di utente voglio poter avere informazioni di help:\r\ndocker run -v \/:\/ns softenginfuniba\/feigenbaum  ns\/(path per il file)\/ingsw1718.zip help\r\n\r\nIn qualità di utente voglio visualizzare la lista dei Member di un Channel:\r\ndocker run -v \/:\/ns softenginfuniba\/feigenbaum  ns\/(path per il file)\/ingsw1718.zip members (nome canale)\r",
            "preview_highlight": "<div class=\"CodeMirror cm-s-default CodeMirrorServer\" oncopy=\"if(event.clipboardData){event.clipboardData.setData('text\/plain',window.getSelection().toString().replace(\/\\u200b\/g,''));event.preventDefault();event.stopPropagation();}\">\n<div class=\"CodeMirror-code\">\n<div><pre>In qualità di utente voglio poter avere informazioni di help:<\/pre><\/div>\n<div><pre>docker run -v \/:\/ns softenginfuniba\/feigenbaum  ns\/(path per il file)\/ingsw1718.zip help<\/pre><\/div>\n<div><pre><\/pre><\/div>\n<div><pre>In qualità di utente voglio visualizzare la lista dei Member di un Channel:<\/pre><\/div>\n<div><pre>docker run -v \/:\/ns softenginfuniba\/feigenbaum  ns\/(path per il file)\/ingsw1718.zip members (nome canale)<\/pre><\/div>\n<div><pre><\/pre><\/div>\n<\/div>\n<\/div>\n",
            "lines": 14,
            "lines_more": 9,
            "preview_is_truncated": false,
            "channels": [],
            "groups": [],
            "ims": [],
            "comments_count": 0
        },
        "user": "U9PQX9LAZ",
        "upload": true,
        "display_as_bot": false,
        "username": "francesco.ianuzziello",
        "bot_id": null,
        "ts": "1525309507.000203"
    },
    {
        "type": "message",
        "user": "U9PQX9LAZ",
        "text": "<#C9P6BD3KK|feigenbaum>",
        "client_msg_id": "0e664d63-9506-4f74-8d4c-00316a5c3a35",
        "ts": "1525310042.000053"
    },
    {
        "type": "message",
        "subtype": "file_share",
        "text": "<@U9SUDJ8J2> uploaded a file: <https:\/\/ingsw1718.slack.com\/files\/U9SUDJ8J2\/FAHCSHPT5\/floyd.txt|floyd>",
        "file": {
            "id": "FAHCSHPT5",
            "created": 1525321485,
            "timestamp": 1525321485,
            "name": "floyd.txt",
            "title": "floyd",
            "mimetype": "text\/plain",
            "filetype": "text",
            "pretty_type": "Plain Text",
            "user": "U9SUDJ8J2",
            "editable": true,
            "size": 823,
            "mode": "snippet",
            "is_external": false,
            "external_type": "",
            "is_public": true,
            "public_url_shared": false,
            "display_as_bot": false,
            "username": "",
            "url_private": "https:\/\/files.slack.com\/files-pri\/T9BAB138B-FAHCSHPT5\/floyd.txt?t=xoxe-317351037283-365207707586-364511306800-333c6acf63d6b69e07fd249ca7d3d9ee",
            "url_private_download": "https:\/\/files.slack.com\/files-pri\/T9BAB138B-FAHCSHPT5\/download\/floyd.txt?t=xoxe-317351037283-365207707586-364511306800-333c6acf63d6b69e07fd249ca7d3d9ee",
            "permalink": "https:\/\/ingsw1718.slack.com\/files\/U9SUDJ8J2\/FAHCSHPT5\/floyd.txt",
            "permalink_public": "https:\/\/slack-files.com\/T9BAB138B-FAHCSHPT5-6e310dc59b",
            "edit_link": "https:\/\/ingsw1718.slack.com\/files\/U9SUDJ8J2\/FAHCSHPT5\/floyd.txt\/edit",
            "preview": "Esempio comandi usati su sistema unix (a noi docker non parte su windows)\r\nIn qualità di utente voglio poter avere informazioni di help:\r\ndocker run -v \/:\/ns softenginfuniba\/floyd 'ns\/path\/to\/file.zip' help\r\ndocker run -v \/:\/ns softenginfuniba\/floyd 'ns\/path\/to\/file.zip' sna4slack\r\n\r",
            "preview_highlight": "<div class=\"CodeMirror cm-s-default CodeMirrorServer\" oncopy=\"if(event.clipboardData){event.clipboardData.setData('text\/plain',window.getSelection().toString().replace(\/\\u200b\/g,''));event.preventDefault();event.stopPropagation();}\">\n<div class=\"CodeMirror-code\">\n<div><pre>Esempio comandi usati su sistema unix (a noi docker non parte su windows)<\/pre><\/div>\n<div><pre>In qualità di utente voglio poter avere informazioni di help:<\/pre><\/div>\n<div><pre>docker run -v \/:\/ns softenginfuniba\/floyd 'ns\/path\/to\/file.zip' help<\/pre><\/div>\n<div><pre>docker run -v \/:\/ns softenginfuniba\/floyd 'ns\/path\/to\/file.zip' sna4slack<\/pre><\/div>\n<div><pre><\/pre><\/div>\n<div><pre><\/pre><\/div>\n<\/div>\n<\/div>\n",
            "lines": 16,
            "lines_more": 11,
            "preview_is_truncated": false,
            "channels": [],
            "groups": [],
            "ims": [],
            "comments_count": 0
        },
        "user": "U9SUDJ8J2",
        "upload": true,
        "display_as_bot": false,
        "username": "a.eliotropio",
        "bot_id": null,
        "ts": "1525321485.000132"
    },
    {
        "type": "message",
        "user": "U9SUDJ8J2",
        "text": "<#C9NDE1PK6|floyd>",
        "ts": "1525321494.000122"
    },
    {
        "type": "message",
        "subtype": "file_share",
        "text": "<@U9NDPBTNF> uploaded a file: <https:\/\/ingsw1718.slack.com\/files\/U9NDPBTNF\/FAJCY8FD4\/thompson.diff|thompson>",
        "file": {
            "id": "FAJCY8FD4",
            "created": 1525325053,
            "timestamp": 1525325053,
            "name": "thompson.diff",
            "title": "thompson",
            "mimetype": "text\/plain",
            "filetype": "diff",
            "pretty_type": "Diff",
            "user": "U9NDPBTNF",
            "editable": true,
            "size": 865,
            "mode": "snippet",
            "is_external": false,
            "external_type": "",
            "is_public": true,
            "public_url_shared": false,
            "display_as_bot": false,
            "username": "",
            "url_private": "https:\/\/files.slack.com\/files-pri\/T9BAB138B-FAJCY8FD4\/thompson.diff?t=xoxe-317351037283-365207707586-364511306800-333c6acf63d6b69e07fd249ca7d3d9ee",
            "url_private_download": "https:\/\/files.slack.com\/files-pri\/T9BAB138B-FAJCY8FD4\/download\/thompson.diff?t=xoxe-317351037283-365207707586-364511306800-333c6acf63d6b69e07fd249ca7d3d9ee",
            "permalink": "https:\/\/ingsw1718.slack.com\/files\/U9NDPBTNF\/FAJCY8FD4\/thompson.diff",
            "permalink_public": "https:\/\/slack-files.com\/T9BAB138B-FAJCY8FD4-fd9481b839",
            "edit_link": "https:\/\/ingsw1718.slack.com\/files\/U9NDPBTNF\/FAJCY8FD4\/thompson.diff\/edit",
            "preview": "#5 In qualità di utente voglio poter avere informazioni di help\r\ndocker run -v \/c:\/ns softenginfuniba\/thompson\r\ndocker run -v \/c:\/ns softenginfuniba\/thompson help\r\n\r\n#1 In qualità di utente voglio visualizzare la lista dei Member \r",
            "preview_highlight": "<div class=\"CodeMirror cm-s-default CodeMirrorServer\" oncopy=\"if(event.clipboardData){event.clipboardData.setData('text\/plain',window.getSelection().toString().replace(\/\\u200b\/g,''));event.preventDefault();event.stopPropagation();}\">\n<div class=\"CodeMirror-code\">\n<div><pre>#5 In qualità di utente voglio poter avere informazioni di help<\/pre><\/div>\n<div><pre>docker run -v \/c:\/ns softenginfuniba\/thompson<\/pre><\/div>\n<div><pre>docker run -v \/c:\/ns softenginfuniba\/thompson help<\/pre><\/div>\n<div><pre>&#8203;<\/pre><\/div>\n<div><pre>#1 In qualità di utente voglio visualizzare la lista dei Member<span class=\"cm-error\"> <\/span><\/pre><\/div>\n<\/div>\n<\/div>\n",
            "lines": 15,
            "lines_more": 10,
            "preview_is_truncated": false,
            "channels": [],
            "groups": [],
            "ims": [],
            "comments_count": 0
        },
        "user": "U9NDPBTNF",
        "upload": true,
        "display_as_bot": false,
        "username": "l.capocchiano",
        "bot_id": null,
        "ts": "1525325053.000182"
    },
    {
        "type": "message",
        "subtype": "file_share",
        "text": "<@U9PNDSW4R> uploaded a file: <https:\/\/ingsw1718.slack.com\/files\/U9PNDSW4R\/FAH058V33\/lampson.txt|lampson>",
        "file": {
            "id": "FAH058V33",
            "created": 1525325913,
            "timestamp": 1525325913,
            "name": "lampson.txt",
            "title": "lampson",
            "mimetype": "text\/plain",
            "filetype": "text",
            "pretty_type": "Plain Text",
            "user": "U9PNDSW4R",
            "editable": true,
            "size": 1400,
            "mode": "snippet",
            "is_external": false,
            "external_type": "",
            "is_public": true,
            "public_url_shared": false,
            "display_as_bot": false,
            "username": "",
            "url_private": "https:\/\/files.slack.com\/files-pri\/T9BAB138B-FAH058V33\/lampson.txt?t=xoxe-317351037283-365207707586-364511306800-333c6acf63d6b69e07fd249ca7d3d9ee",
            "url_private_download": "https:\/\/files.slack.com\/files-pri\/T9BAB138B-FAH058V33\/download\/lampson.txt?t=xoxe-317351037283-365207707586-364511306800-333c6acf63d6b69e07fd249ca7d3d9ee",
            "permalink": "https:\/\/ingsw1718.slack.com\/files\/U9PNDSW4R\/FAH058V33\/lampson.txt",
            "permalink_public": "https:\/\/slack-files.com\/T9BAB138B-FAH058V33-6f76e7428e",
            "edit_link": "https:\/\/ingsw1718.slack.com\/files\/U9PNDSW4R\/FAH058V33\/lampson.txt\/edit",
            "preview": "Suggerimento: eseguire il programma tramite Windows PowerShell in quanto la visualizzazione dei comandi potrebbe essere parziale a causa di una dimensione di buffer limitata del cmd in versione standard.\r\nUser story 1: In qualità di utente voglio visualizzare la lista dei Members:\r\ndocker run -v \/c:\/ns -it softenginfuniba\/lampson --unzip ns\/percorso\/al\/file.zip members\r\nUser story 2: In qualità di utente voglio visualizzare la lista dei Channel:\r\ndocker run -v \/c:\/ns -it softenginfuniba\/lampson --unzip ns\/percorso\/al\/file.zip channels\r",
            "preview_highlight": "<div class=\"CodeMirror cm-s-default CodeMirrorServer\" oncopy=\"if(event.clipboardData){event.clipboardData.setData('text\/plain',window.getSelection().toString().replace(\/\\u200b\/g,''));event.preventDefault();event.stopPropagation();}\">\n<div class=\"CodeMirror-code\">\n<div><pre>Suggerimento: eseguire il programma tramite Windows PowerShell in quanto la visualizzazione dei comandi potrebbe essere parziale a causa di una dimensione di buffer limitata del cmd in versione standard.<\/pre><\/div>\n<div><pre>User story 1: In qualità di utente voglio visualizzare la lista dei Members:<\/pre><\/div>\n<div><pre>docker run -v \/c:\/ns -it softenginfuniba\/lampson --unzip ns\/percorso\/al\/file.zip members<\/pre><\/div>\n<div><pre>User story 2: In qualità di utente voglio visualizzare la lista dei Channel:<\/pre><\/div>\n<div><pre>docker run -v \/c:\/ns -it softenginfuniba\/lampson --unzip ns\/percorso\/al\/file.zip channels<\/pre><\/div>\n<div><pre><\/pre><\/div>\n<\/div>\n<\/div>\n",
            "lines": 15,
            "lines_more": 10,
            "preview_is_truncated": true,
            "channels": [],
            "groups": [],
            "ims": [],
            "comments_count": 1
        },
        "user": "U9PNDSW4R",
        "upload": true,
        "display_as_bot": false,
        "username": "giovanni.barese",
        "bot_id": null,
        "ts": "1525325914.000062"
    },
    {
        "type": "message",
        "user": "U9NAWQD7B",
        "text": "<#C9NQ5BM5Z|allen> ",
        "client_msg_id": "E041C8FE-9EDD-4E9F-B30B-DF11C48AA030",
        "ts": "1525329645.000083"
    },
    {
        "type": "message",
        "subtype": "file_share",
        "text": "<@U9NAWQD7B> uploaded a file: <https:\/\/ingsw1718.slack.com\/files\/U9NAWQD7B\/FAJDHNF46\/allen.txt|Allen>",
        "file": {
            "id": "FAJDHNF46",
            "created": 1525329684,
            "timestamp": 1525329684,
            "name": "Allen.txt",
            "title": "Allen",
            "mimetype": "text\/plain",
            "filetype": "text",
            "pretty_type": "Plain Text",
            "user": "U9NAWQD7B",
            "editable": true,
            "size": 899,
            "mode": "snippet",
            "is_external": false,
            "external_type": "",
            "is_public": true,
            "public_url_shared": false,
            "display_as_bot": false,
            "username": "",
            "url_private": "https:\/\/files.slack.com\/files-pri\/T9BAB138B-FAJDHNF46\/allen.txt?t=xoxe-317351037283-365207707586-364511306800-333c6acf63d6b69e07fd249ca7d3d9ee",
            "url_private_download": "https:\/\/files.slack.com\/files-pri\/T9BAB138B-FAJDHNF46\/download\/allen.txt?t=xoxe-317351037283-365207707586-364511306800-333c6acf63d6b69e07fd249ca7d3d9ee",
            "permalink": "https:\/\/ingsw1718.slack.com\/files\/U9NAWQD7B\/FAJDHNF46\/allen.txt",
            "permalink_public": "https:\/\/slack-files.com\/T9BAB138B-FAJDHNF46-3978bbf742",
            "edit_link": "https:\/\/ingsw1718.slack.com\/files\/U9NAWQD7B\/FAJDHNF46\/allen.txt\/edit",
            "preview": "Le sintassi dei comandi presenti sono le seguenti:\r\n-Comando che permette di visualizzare l'elenco dei membri della workspace(User Story #1):\r\n docker run -v \/c:\/ns softenginfuniba\/allen ns\/path\/to\/file\/nomeFileZip.zip issue1\r\n-Comando che permette di visualizzare l'elenco dei canali della workspace(User Story #2):\r\n docker run -v \/c:\/ns softenginfuniba\/allen ns\/path\/to\/file\/nomeFileZip.zip issue2\r",
            "preview_highlight": "<div class=\"CodeMirror cm-s-default CodeMirrorServer\" oncopy=\"if(event.clipboardData){event.clipboardData.setData('text\/plain',window.getSelection().toString().replace(\/\\u200b\/g,''));event.preventDefault();event.stopPropagation();}\">\n<div class=\"CodeMirror-code\">\n<div><pre>Le sintassi dei comandi presenti sono le seguenti:<\/pre><\/div>\n<div><pre>-Comando che permette di visualizzare l'elenco dei membri della workspace(User Story #1):<\/pre><\/div>\n<div><pre> docker run -v \/c:\/ns softenginfuniba\/allen ns\/path\/to\/file\/nomeFileZip.zip issue1<\/pre><\/div>\n<div><pre>-Comando che permette di visualizzare l'elenco dei canali della workspace(User Story #2):<\/pre><\/div>\n<div><pre> docker run -v \/c:\/ns softenginfuniba\/allen ns\/path\/to\/file\/nomeFileZip.zip issue2<\/pre><\/div>\n<div><pre><\/pre><\/div>\n<\/div>\n<\/div>\n",
            "lines": 11,
            "lines_more": 6,
            "preview_is_truncated": false,
            "channels": [],
            "groups": [],
            "ims": [],
            "comments_count": 0
        },
        "user": "U9NAWQD7B",
        "upload": true,
        "display_as_bot": false,
        "username": "lorenzocasafina97",
        "bot_id": null,
        "ts": "1525329685.000017"
    }
]