[
    {
        "type": "message",
        "subtype": "file_share",
        "text": "<@U9PUTB10X> uploaded a file: <https:\/\/ingsw1718.slack.com\/files\/U9PUTB10X\/FANT3R6PN\/-.txt|Untitled> and commented: <#C9VV4Q74J|kahn>",
        "file": {
            "id": "FANT3R6PN",
            "created": 1526283925,
            "timestamp": 1526283925,
            "name": "-.txt",
            "title": "Untitled",
            "mimetype": "text\/plain",
            "filetype": "text",
            "pretty_type": "Plain Text",
            "user": "U9PUTB10X",
            "editable": true,
            "size": 1177,
            "mode": "snippet",
            "is_external": false,
            "external_type": "",
            "is_public": true,
            "public_url_shared": false,
            "display_as_bot": false,
            "username": "",
            "url_private": "https:\/\/files.slack.com\/files-pri\/T9BAB138B-FANT3R6PN\/-.txt?t=xoxe-317351037283-365207707586-364511306800-333c6acf63d6b69e07fd249ca7d3d9ee",
            "url_private_download": "https:\/\/files.slack.com\/files-pri\/T9BAB138B-FANT3R6PN\/download\/-.txt?t=xoxe-317351037283-365207707586-364511306800-333c6acf63d6b69e07fd249ca7d3d9ee",
            "permalink": "https:\/\/ingsw1718.slack.com\/files\/U9PUTB10X\/FANT3R6PN\/-.txt",
            "permalink_public": "https:\/\/slack-files.com\/T9BAB138B-FANT3R6PN-e182c7f988",
            "edit_link": "https:\/\/ingsw1718.slack.com\/files\/U9PUTB10X\/FANT3R6PN\/-.txt\/edit",
            "preview": "#1 in qualita di utente voglio visualizzare la lista dei @mention:\r\n docker run -v \/c:\/ns -it softenginfuniba\/kahn ns\/path\/to\/file\/nomefile.zip all_mentions\r\n\r\n -Se si vuole specificare il canale:\r\n   docker run -v \/c:\/ns -it softenginfuniba\/kahn ns\/path\/to\/file\/nomefile.zip all_mentions <nome channel>\r",
            "preview_highlight": "<div class=\"CodeMirror cm-s-default CodeMirrorServer\" oncopy=\"if(event.clipboardData){event.clipboardData.setData('text\/plain',window.getSelection().toString().replace(\/\\u200b\/g,''));event.preventDefault();event.stopPropagation();}\">\n<div class=\"CodeMirror-code\">\n<div><pre>#1 in qualita di utente voglio visualizzare la lista dei @mention:<\/pre><\/div>\n<div><pre> docker run -v \/c:\/ns -it softenginfuniba\/kahn ns\/path\/to\/file\/nomefile.zip all_mentions<\/pre><\/div>\n<div><pre><\/pre><\/div>\n<div><pre> -Se si vuole specificare il canale:<\/pre><\/div>\n<div><pre>   docker run -v \/c:\/ns -it softenginfuniba\/kahn ns\/path\/to\/file\/nomefile.zip all_mentions &lt;nome channel&gt;<\/pre><\/div>\n<div><pre><\/pre><\/div>\n<\/div>\n<\/div>\n",
            "lines": 20,
            "lines_more": 15,
            "preview_is_truncated": true,
            "channels": [],
            "groups": [],
            "ims": [],
            "comments_count": 1,
            "initial_comment": {
                "id": "FcAP4DBHT4",
                "created": 1526283925,
                "timestamp": 1526283925,
                "user": "U9PUTB10X",
                "is_intro": true,
                "comment": "<#C9VV4Q74J|kahn>"
            }
        },
        "user": "U9PUTB10X",
        "upload": true,
        "display_as_bot": false,
        "username": "andrisanigi",
        "bot_id": null,
        "ts": "1526283926.000273"
    },
    {
        "type": "message",
        "subtype": "file_share",
        "text": "<@U9NDPBTNF> uploaded a file: <https:\/\/ingsw1718.slack.com\/files\/U9NDPBTNF\/FAQ1CJRDL\/thompson.php|thompson>",
        "file": {
            "id": "FAQ1CJRDL",
            "created": 1526284522,
            "timestamp": 1526284522,
            "name": "thompson.php",
            "title": "thompson",
            "mimetype": "text\/plain",
            "filetype": "php",
            "pretty_type": "PHP",
            "user": "U9NDPBTNF",
            "editable": true,
            "size": 1006,
            "mode": "snippet",
            "is_external": false,
            "external_type": "",
            "is_public": true,
            "public_url_shared": false,
            "display_as_bot": false,
            "username": "",
            "url_private": "https:\/\/files.slack.com\/files-pri\/T9BAB138B-FAQ1CJRDL\/thompson.php?t=xoxe-317351037283-365207707586-364511306800-333c6acf63d6b69e07fd249ca7d3d9ee",
            "url_private_download": "https:\/\/files.slack.com\/files-pri\/T9BAB138B-FAQ1CJRDL\/download\/thompson.php?t=xoxe-317351037283-365207707586-364511306800-333c6acf63d6b69e07fd249ca7d3d9ee",
            "permalink": "https:\/\/ingsw1718.slack.com\/files\/U9NDPBTNF\/FAQ1CJRDL\/thompson.php",
            "permalink_public": "https:\/\/slack-files.com\/T9BAB138B-FAQ1CJRDL-d68eba294c",
            "edit_link": "https:\/\/ingsw1718.slack.com\/files\/U9NDPBTNF\/FAQ1CJRDL\/thompson.php\/edit",
            "preview": "#29 In qualità di utente voglio visualizzare la lista dei @mention:\r\ndocker run -v \/c:\/ns softenginfuniba\/thompson mentions ns\/Users\/loren\/Desktop prova.zip\r\n-Filtro canale:\r\ndocker run -v \/c:\/ns softenginfuniba\/thompson mentions ns\/Users\/loren\/Desktop prova.zip assistenza\r\n\r",
            "preview_highlight": "<div class=\"CodeMirror cm-s-default CodeMirrorServer\" oncopy=\"if(event.clipboardData){event.clipboardData.setData('text\/plain',window.getSelection().toString().replace(\/\\u200b\/g,''));event.preventDefault();event.stopPropagation();}\">\n<div class=\"CodeMirror-code\">\n<div><pre>#29 In qualità di utente voglio visualizzare la lista dei @mention:<\/pre><\/div>\n<div><pre>docker run -v \/c:\/ns softenginfuniba\/thompson mentions ns\/Users\/loren\/Desktop prova.zip<\/pre><\/div>\n<div><pre>-Filtro canale:<\/pre><\/div>\n<div><pre>docker run -v \/c:\/ns softenginfuniba\/thompson mentions ns\/Users\/loren\/Desktop prova.zip assistenza<\/pre><\/div>\n<div><pre>&#8203;<\/pre><\/div>\n<\/div>\n<\/div>\n",
            "lines": 16,
            "lines_more": 11,
            "preview_is_truncated": false,
            "channels": [],
            "groups": [],
            "ims": [],
            "comments_count": 0
        },
        "user": "U9NDPBTNF",
        "upload": true,
        "display_as_bot": false,
        "username": "l.capocchiano",
        "bot_id": null,
        "ts": "1526284523.000256"
    },
    {
        "type": "message",
        "subtype": "file_share",
        "text": "<@U9NSNMBMG> uploaded a file: <https:\/\/ingsw1718.slack.com\/files\/U9NSNMBMG\/FAQ1P484W\/shamir.txt|shamir>",
        "file": {
            "id": "FAQ1P484W",
            "created": 1526285659,
            "timestamp": 1526285659,
            "name": "shamir.txt",
            "title": "shamir",
            "mimetype": "text\/plain",
            "filetype": "text",
            "pretty_type": "Plain Text",
            "user": "U9NSNMBMG",
            "editable": true,
            "size": 2931,
            "mode": "snippet",
            "is_external": false,
            "external_type": "",
            "is_public": true,
            "public_url_shared": false,
            "display_as_bot": false,
            "username": "",
            "url_private": "https:\/\/files.slack.com\/files-pri\/T9BAB138B-FAQ1P484W\/shamir.txt?t=xoxe-317351037283-365207707586-364511306800-333c6acf63d6b69e07fd249ca7d3d9ee",
            "url_private_download": "https:\/\/files.slack.com\/files-pri\/T9BAB138B-FAQ1P484W\/download\/shamir.txt?t=xoxe-317351037283-365207707586-364511306800-333c6acf63d6b69e07fd249ca7d3d9ee",
            "permalink": "https:\/\/ingsw1718.slack.com\/files\/U9NSNMBMG\/FAQ1P484W\/shamir.txt",
            "permalink_public": "https:\/\/slack-files.com\/T9BAB138B-FAQ1P484W-e700b67631",
            "edit_link": "https:\/\/ingsw1718.slack.com\/files\/U9NSNMBMG\/FAQ1P484W\/shamir.txt\/edit",
            "preview": "User story: In qualità di utente voglio visualizzare la lista dei @mention:\r\n\r\ndocker run --rm -v \/c:\/ns softenginfuniba\/shamir mentions -w \"ns\/<path-to-file>\/<nome-file>\r\n\"\r\ndocker run --rm -v \/c:\/ns softenginfuniba\/shamir mentions -w \"ns\/<path-to-file>\/<nome-file>\" -c <channel-name>\r",
            "preview_highlight": "<div class=\"CodeMirror cm-s-default CodeMirrorServer\" oncopy=\"if(event.clipboardData){event.clipboardData.setData('text\/plain',window.getSelection().toString().replace(\/\\u200b\/g,''));event.preventDefault();event.stopPropagation();}\">\n<div class=\"CodeMirror-code\">\n<div><pre>User story: In qualità di utente voglio visualizzare la lista dei @mention:<\/pre><\/div>\n<div><pre><\/pre><\/div>\n<div><pre>docker run --rm -v \/c:\/ns softenginfuniba\/shamir mentions -w &quot;ns\/&lt;path-to-file&gt;\/&lt;nome-file&gt;<\/pre><\/div>\n<div><pre>&quot;<\/pre><\/div>\n<div><pre>docker run --rm -v \/c:\/ns softenginfuniba\/shamir mentions -w &quot;ns\/&lt;path-to-file&gt;\/&lt;nome-file&gt;&quot; -c &lt;channel-name&gt;<\/pre><\/div>\n<div><pre><\/pre><\/div>\n<\/div>\n<\/div>\n",
            "lines": 73,
            "lines_more": 68,
            "preview_is_truncated": true,
            "channels": [],
            "groups": [],
            "ims": [],
            "comments_count": 0
        },
        "user": "U9NSNMBMG",
        "upload": true,
        "display_as_bot": false,
        "username": "simone.cicerello",
        "bot_id": null,
        "ts": "1526285659.000413"
    },
    {
        "type": "message",
        "subtype": "file_comment",
        "text": "<@U9B126ZME> commented on <@U9PBHQU3H>’s file <https:\/\/ingsw1718.slack.com\/files\/U9PBHQU3H\/FAPRN8LEA\/micali.txt|micali>: <@U9PBHQU3H> dove devo cercare il file del workspace associato (punto 11 del Dod)?",
        "file": {
            "id": "FAPRN8LEA",
            "created": 1526231734,
            "timestamp": 1526231734,
            "name": "micali.txt",
            "title": "micali",
            "mimetype": "text\/plain",
            "filetype": "text",
            "pretty_type": "Plain Text",
            "user": "U9PBHQU3H",
            "editable": true,
            "size": 1086,
            "mode": "snippet",
            "is_external": false,
            "external_type": "",
            "is_public": true,
            "public_url_shared": false,
            "display_as_bot": false,
            "username": "",
            "url_private": "https:\/\/files.slack.com\/files-pri\/T9BAB138B-FAPRN8LEA\/micali.txt?t=xoxe-317351037283-365207707586-364511306800-333c6acf63d6b69e07fd249ca7d3d9ee",
            "url_private_download": "https:\/\/files.slack.com\/files-pri\/T9BAB138B-FAPRN8LEA\/download\/micali.txt?t=xoxe-317351037283-365207707586-364511306800-333c6acf63d6b69e07fd249ca7d3d9ee",
            "permalink": "https:\/\/ingsw1718.slack.com\/files\/U9PBHQU3H\/FAPRN8LEA\/micali.txt",
            "permalink_public": "https:\/\/slack-files.com\/T9BAB138B-FAPRN8LEA-bb5d890f82",
            "edit_link": "https:\/\/ingsw1718.slack.com\/files\/U9PBHQU3H\/FAPRN8LEA\/micali.txt\/edit",
            "preview": "* In qualità di utente voglio visualizzare la lista dei @mention\r\ndocker run --rm -v \/c:\/ns -it softenginfuniba\/micali -w ns\/(path)\/(file).zip mention\r\n\r\nnel caso sia specificato, la lista sia ristretta ai soli @mention del Channel\r\ndocker run --rm -v \/c:\/ns -it softenginfuniba\/micali -w ns\/(path)\/(file).zip mention -c canale\r",
            "preview_highlight": "<div class=\"CodeMirror cm-s-default CodeMirrorServer\" oncopy=\"if(event.clipboardData){event.clipboardData.setData('text\/plain',window.getSelection().toString().replace(\/\\u200b\/g,''));event.preventDefault();event.stopPropagation();}\">\n<div class=\"CodeMirror-code\">\n<div><pre>* In qualità di utente voglio visualizzare la lista dei @mention<\/pre><\/div>\n<div><pre>docker run --rm -v \/c:\/ns -it softenginfuniba\/micali -w ns\/(path)\/(file).zip mention<\/pre><\/div>\n<div><pre><\/pre><\/div>\n<div><pre>nel caso sia specificato, la lista sia ristretta ai soli @mention del Channel<\/pre><\/div>\n<div><pre>docker run --rm -v \/c:\/ns -it softenginfuniba\/micali -w ns\/(path)\/(file).zip mention -c canale<\/pre><\/div>\n<div><pre><\/pre><\/div>\n<\/div>\n<\/div>\n",
            "lines": 19,
            "lines_more": 14,
            "preview_is_truncated": true,
            "channels": [],
            "groups": [],
            "ims": [],
            "comments_count": 1
        },
        "comment": {
            "id": "FcAP5ZHKNE",
            "created": 1526290045,
            "timestamp": 1526290045,
            "user": "U9B126ZME",
            "is_intro": false,
            "comment": "<@U9PBHQU3H> dove devo cercare il file del workspace associato (punto 11 del Dod)?"
        },
        "is_intro": false,
        "ts": "1526290045.000046"
    },
    {
        "type": "message",
        "user": "U9PBHQU3H",
        "text": "<@U9B126ZME> può dare un percorso qualsiasi oppure usare uno già presente nella cartella res\/zip\/ (come nello Sprint 1)",
        "client_msg_id": "e779e2cd-59d1-471e-bfc8-397b3cb19ace",
        "edited": {
            "user": "U9PBHQU3H",
            "ts": "1526290515.000000"
        },
        "ts": "1526290309.000274"
    },
    {
        "type": "message",
        "subtype": "file_comment",
        "text": "<@U9B126ZME> commented on <@U9PC8DR8W>’s file <https:\/\/ingsw1718.slack.com\/files\/U9PC8DR8W\/FANS57411\/Untitled.java|Untitled>: <@U9PC8DR8W> nello snippet i comandi per i visualizzare  i mention From e TO nome utente sono uguali. Ho sostituito From con To in esecuzione verificando che il programma funziona correttamente, però cercate di stare più attenti la prossima volta nel riportare le istruzioni",
        "file": {
            "id": "FANS57411",
            "created": 1526235541,
            "timestamp": 1526235541,
            "name": "Untitled.java",
            "title": "Untitled",
            "mimetype": "text\/plain",
            "filetype": "java",
            "pretty_type": "Java",
            "user": "U9PC8DR8W",
            "editable": true,
            "size": 1206,
            "mode": "snippet",
            "is_external": false,
            "external_type": "",
            "is_public": true,
            "public_url_shared": false,
            "display_as_bot": false,
            "username": "",
            "url_private": "https:\/\/files.slack.com\/files-pri\/T9BAB138B-FANS57411\/Untitled.java?t=xoxe-317351037283-365207707586-364511306800-333c6acf63d6b69e07fd249ca7d3d9ee",
            "url_private_download": "https:\/\/files.slack.com\/files-pri\/T9BAB138B-FANS57411\/download\/Untitled.java?t=xoxe-317351037283-365207707586-364511306800-333c6acf63d6b69e07fd249ca7d3d9ee",
            "permalink": "https:\/\/ingsw1718.slack.com\/files\/U9PC8DR8W\/FANS57411\/Untitled.java",
            "permalink_public": "https:\/\/slack-files.com\/T9BAB138B-FANS57411-2e07d6ae87",
            "edit_link": "https:\/\/ingsw1718.slack.com\/files\/U9PC8DR8W\/FANS57411\/Untitled.java\/edit",
            "preview": "In qualita di utente voglio visualizzare la lista dei @mention\r\n\r\n  Stampa tutte le mentions\r\n  docker run -v\/c:\/ns softenginfuniba\/hellman ns\/path\/ SNA4Slack mentions\r\n\r",
            "preview_highlight": "<div class=\"CodeMirror cm-s-default CodeMirrorServer\" oncopy=\"if(event.clipboardData){event.clipboardData.setData('text\/plain',window.getSelection().toString().replace(\/\\u200b\/g,''));event.preventDefault();event.stopPropagation();}\">\n<div class=\"CodeMirror-code\">\n<div><pre><span class=\"cm-variable\">In<\/span> <span class=\"cm-variable\">qualita<\/span> <span class=\"cm-variable\">di<\/span> <span class=\"cm-variable\">utente<\/span> <span class=\"cm-variable\">voglio<\/span> <span class=\"cm-variable\">visualizzare<\/span> <span class=\"cm-variable\">la<\/span> <span class=\"cm-variable\">lista<\/span> <span class=\"cm-variable\">dei<\/span> <span class=\"cm-meta\">@mention<\/span><\/pre><\/div>\n<div><pre>&#8203;<\/pre><\/div>\n<div><pre>  <span class=\"cm-variable\">Stampa<\/span> <span class=\"cm-variable\">tutte<\/span> <span class=\"cm-variable\">le<\/span> <span class=\"cm-variable\">mentions<\/span><\/pre><\/div>\n<div><pre>  <span class=\"cm-variable\">docker<\/span> <span class=\"cm-variable\">run<\/span> <span class=\"cm-operator\">-<\/span><span class=\"cm-variable\">v<\/span><span class=\"cm-operator\">\/<\/span><span class=\"cm-variable\">c<\/span>:<span class=\"cm-operator\">\/<\/span><span class=\"cm-variable\">ns<\/span> <span class=\"cm-variable\">softenginfuniba<\/span><span class=\"cm-operator\">\/<\/span><span class=\"cm-variable\">hellman<\/span> <span class=\"cm-variable\">ns<\/span><span class=\"cm-operator\">\/<\/span><span class=\"cm-variable\">path<\/span><span class=\"cm-operator\">\/<\/span> <span class=\"cm-variable\">SNA4Slack<\/span> <span class=\"cm-variable\">mentions<\/span><\/pre><\/div>\n<div><pre>&#8203;<\/pre><\/div>\n<\/div>\n<\/div>\n",
            "lines": 23,
            "lines_more": 18,
            "preview_is_truncated": true,
            "channels": [],
            "groups": [],
            "ims": [],
            "comments_count": 2,
            "initial_comment": {
                "id": "FcAP3Q4LAZ",
                "created": 1526235541,
                "timestamp": 1526235541,
                "user": "U9PC8DR8W",
                "is_intro": true,
                "comment": "<#C9NENP6LD|hellman>"
            }
        },
        "comment": {
            "id": "FcAQ4UB1M4",
            "created": 1526298499,
            "timestamp": 1526298499,
            "user": "U9B126ZME",
            "is_intro": false,
            "comment": "<@U9PC8DR8W> nello snippet i comandi per i visualizzare  i mention From e TO nome utente sono uguali. Ho sostituito From con To in esecuzione verificando che il programma funziona correttamente, però cercate di stare più attenti la prossima volta nel riportare le istruzioni"
        },
        "is_intro": false,
        "ts": "1526298499.000024"
    },
    {
        "type": "message",
        "user": "U9B126ZME",
        "text": "<@U9L4K57T6> gruppo knuth convocato domani alle 9:00. <@U9NG44DUJ> gruppo rivest convocato domani alle 9:10 <@U9NQ1QL72> gruppo tarjan convocato domani alle 9:20 <@UA2P4MQ23> gruppo thacker convocato alle 9:30 <@U9NDPBTNF> gruppo thompons convocato a seguire oppure durante la pausa della lezione.",
        "ts": "1526308615.000519"
    }
]