[
    {
        "type": "message",
        "user": "U9PNL8V9U",
        "text": "reddy1718\nriccardoagile",
        "client_msg_id": "85804BFB-2A14-4973-8732-88353C7296AB",
        "ts": "1523270814.000233"
    },
    {
        "type": "message",
        "user": "U9PNL8V9U",
        "text": "Segnatevi la password che la cancello per sicurezza ",
        "client_msg_id": "3E6C30E9-08DE-4E58-9E48-D98FA35BA65E",
        "ts": "1523270859.000251",
        "reactions": [
            {
                "name": "arrow_up",
                "users": [
                    "UA2DNR4F4"
                ],
                "count": 1
            }
        ]
    },
    {
        "type": "message",
        "user": "U9NQ7UWBD",
        "text": "Ahahah okok",
        "client_msg_id": "760d5d21-9069-4d5e-ae28-b78c816f48b4",
        "ts": "1523270916.000023"
    },
    {
        "type": "message",
        "user": "U9NQ7UWBD",
        "text": "Chi si iscrive a docker",
        "client_msg_id": "1f9cf8cf-884f-4c9a-a8d5-2f85904cd958",
        "ts": "1523271192.000342"
    },
    {
        "type": "message",
        "user": "U9NQ7UWBD",
        "text": "?",
        "client_msg_id": "910a4d5e-ec74-4944-a247-18424efbce28",
        "ts": "1523271197.000015"
    },
    {
        "type": "message",
        "user": "U9PNL8V9U",
        "text": "È questo l’account",
        "attachments": [
            {
                "fallback": "[April 9th, 2018 12:46 PM] f.ferrante22: reddy1718\nriccardoagile",
                "ts": "1523270814.000233",
                "author_id": "U9PNL8V9U",
                "author_subname": "Francesco Ferrante",
                "channel_id": "C9PNPP91U",
                "channel_name": "reddy",
                "is_msg_unfurl": true,
                "text": "reddy1718\nriccardoagile",
                "author_name": "Francesco Ferrante",
                "author_link": "https:\/\/ingsw1718.slack.com\/team\/U9PNL8V9U",
                "author_icon": "https:\/\/avatars.slack-edge.com\/2018-03-13\/329979725447_c8e9e0a55d62bb041666_48.png",
                "mrkdwn_in": [
                    "text"
                ],
                "color": "D0D0D0",
                "from_url": "https:\/\/ingsw1718.slack.com\/archives\/C9PNPP91U\/p1523270814000233",
                "is_share": true,
                "footer": "Posted in #reddy"
            }
        ],
        "ts": "1523271867.000167"
    },
    {
        "type": "message",
        "user": "U9NQ8RQ67",
        "text": "Ragazzi andate sul link che ha mandato il prof sulla mail, andata in teams, reddy e in members fate join",
        "ts": "1523285801.000282",
        "reactions": [
            {
                "name": "rage",
                "users": [
                    "UA2DNR4F4"
                ],
                "count": 1
            }
        ]
    },
    {
        "type": "message",
        "user": "U9NQ8RQ67",
        "text": "Vi aggiungerà il prof",
        "ts": "1523285809.000645"
    },
    {
        "type": "message",
        "subtype": "file_share",
        "text": "<@UA2DNR4F4> uploaded a file: <https:\/\/ingsw1718.slack.com\/files\/UA2DNR4F4\/FA3FJRK3M\/img_20180409_175457.jpg|IMG_20180409_175457.jpg> and commented: Dove trovo Reddy?",
        "file": {
            "id": "FA3FJRK3M",
            "created": 1523289345,
            "timestamp": 1523289345,
            "name": "IMG_20180409_175457.jpg",
            "title": "IMG_20180409_175457.jpg",
            "mimetype": "image\/jpeg",
            "filetype": "jpg",
            "pretty_type": "JPEG",
            "user": "UA2DNR4F4",
            "editable": false,
            "size": 2913303,
            "mode": "hosted",
            "is_external": false,
            "external_type": "",
            "is_public": true,
            "public_url_shared": false,
            "display_as_bot": false,
            "username": "",
            "url_private": "https:\/\/files.slack.com\/files-pri\/T9BAB138B-FA3FJRK3M\/img_20180409_175457.jpg?t=xoxe-317351037283-365207707586-364511306800-333c6acf63d6b69e07fd249ca7d3d9ee",
            "url_private_download": "https:\/\/files.slack.com\/files-pri\/T9BAB138B-FA3FJRK3M\/download\/img_20180409_175457.jpg?t=xoxe-317351037283-365207707586-364511306800-333c6acf63d6b69e07fd249ca7d3d9ee",
            "thumb_64": "https:\/\/files.slack.com\/files-tmb\/T9BAB138B-FA3FJRK3M-1f86fa8367\/img_20180409_175457_64.jpg?t=xoxe-317351037283-365207707586-364511306800-333c6acf63d6b69e07fd249ca7d3d9ee",
            "thumb_80": "https:\/\/files.slack.com\/files-tmb\/T9BAB138B-FA3FJRK3M-1f86fa8367\/img_20180409_175457_80.jpg?t=xoxe-317351037283-365207707586-364511306800-333c6acf63d6b69e07fd249ca7d3d9ee",
            "thumb_360": "https:\/\/files.slack.com\/files-tmb\/T9BAB138B-FA3FJRK3M-1f86fa8367\/img_20180409_175457_360.jpg?t=xoxe-317351037283-365207707586-364511306800-333c6acf63d6b69e07fd249ca7d3d9ee",
            "thumb_360_w": 203,
            "thumb_360_h": 360,
            "thumb_480": "https:\/\/files.slack.com\/files-tmb\/T9BAB138B-FA3FJRK3M-1f86fa8367\/img_20180409_175457_480.jpg?t=xoxe-317351037283-365207707586-364511306800-333c6acf63d6b69e07fd249ca7d3d9ee",
            "thumb_480_w": 270,
            "thumb_480_h": 480,
            "thumb_160": "https:\/\/files.slack.com\/files-tmb\/T9BAB138B-FA3FJRK3M-1f86fa8367\/img_20180409_175457_160.jpg?t=xoxe-317351037283-365207707586-364511306800-333c6acf63d6b69e07fd249ca7d3d9ee",
            "thumb_720": "https:\/\/files.slack.com\/files-tmb\/T9BAB138B-FA3FJRK3M-1f86fa8367\/img_20180409_175457_720.jpg?t=xoxe-317351037283-365207707586-364511306800-333c6acf63d6b69e07fd249ca7d3d9ee",
            "thumb_720_w": 405,
            "thumb_720_h": 720,
            "thumb_800": "https:\/\/files.slack.com\/files-tmb\/T9BAB138B-FA3FJRK3M-1f86fa8367\/img_20180409_175457_800.jpg?t=xoxe-317351037283-365207707586-364511306800-333c6acf63d6b69e07fd249ca7d3d9ee",
            "thumb_800_w": 800,
            "thumb_800_h": 1422,
            "thumb_960": "https:\/\/files.slack.com\/files-tmb\/T9BAB138B-FA3FJRK3M-1f86fa8367\/img_20180409_175457_960.jpg?t=xoxe-317351037283-365207707586-364511306800-333c6acf63d6b69e07fd249ca7d3d9ee",
            "thumb_960_w": 540,
            "thumb_960_h": 960,
            "thumb_1024": "https:\/\/files.slack.com\/files-tmb\/T9BAB138B-FA3FJRK3M-1f86fa8367\/img_20180409_175457_1024.jpg?t=xoxe-317351037283-365207707586-364511306800-333c6acf63d6b69e07fd249ca7d3d9ee",
            "thumb_1024_w": 576,
            "thumb_1024_h": 1024,
            "image_exif_rotation": 1,
            "original_w": 4032,
            "original_h": 2268,
            "permalink": "https:\/\/ingsw1718.slack.com\/files\/UA2DNR4F4\/FA3FJRK3M\/img_20180409_175457.jpg",
            "permalink_public": "https:\/\/slack-files.com\/T9BAB138B-FA3FJRK3M-2761ff8217",
            "channels": [],
            "groups": [],
            "ims": [],
            "comments_count": 1,
            "initial_comment": {
                "id": "FcA32G5A65",
                "created": 1523289345,
                "timestamp": 1523289345,
                "user": "UA2DNR4F4",
                "is_intro": true,
                "comment": "Dove trovo Reddy?"
            }
        },
        "user": "UA2DNR4F4",
        "upload": true,
        "display_as_bot": false,
        "username": "g.clemente31",
        "bot_id": null,
        "ts": "1523289352.000757"
    },
    {
        "type": "message",
        "subtype": "file_share",
        "text": "<@U9NQ8RQ67> uploaded a file: <https:\/\/ingsw1718.slack.com\/files\/U9NQ8RQ67\/FA31PSY2U\/image.png|Dovrebbe esserti arrivataq una mail cosi>",
        "file": {
            "id": "FA31PSY2U",
            "created": 1523300066,
            "timestamp": 1523300066,
            "name": "image.png",
            "title": "Dovrebbe esserti arrivataq una mail cosi",
            "mimetype": "image\/png",
            "filetype": "png",
            "pretty_type": "PNG",
            "user": "U9NQ8RQ67",
            "editable": false,
            "size": 1328635,
            "mode": "hosted",
            "is_external": false,
            "external_type": "",
            "is_public": true,
            "public_url_shared": false,
            "display_as_bot": false,
            "username": "",
            "url_private": "https:\/\/files.slack.com\/files-pri\/T9BAB138B-FA31PSY2U\/image.png?t=xoxe-317351037283-365207707586-364511306800-333c6acf63d6b69e07fd249ca7d3d9ee",
            "url_private_download": "https:\/\/files.slack.com\/files-pri\/T9BAB138B-FA31PSY2U\/download\/image.png?t=xoxe-317351037283-365207707586-364511306800-333c6acf63d6b69e07fd249ca7d3d9ee",
            "thumb_64": "https:\/\/files.slack.com\/files-tmb\/T9BAB138B-FA31PSY2U-38e2b488a7\/image_64.png?t=xoxe-317351037283-365207707586-364511306800-333c6acf63d6b69e07fd249ca7d3d9ee",
            "thumb_80": "https:\/\/files.slack.com\/files-tmb\/T9BAB138B-FA31PSY2U-38e2b488a7\/image_80.png?t=xoxe-317351037283-365207707586-364511306800-333c6acf63d6b69e07fd249ca7d3d9ee",
            "thumb_360": "https:\/\/files.slack.com\/files-tmb\/T9BAB138B-FA31PSY2U-38e2b488a7\/image_360.png?t=xoxe-317351037283-365207707586-364511306800-333c6acf63d6b69e07fd249ca7d3d9ee",
            "thumb_360_w": 360,
            "thumb_360_h": 203,
            "thumb_480": "https:\/\/files.slack.com\/files-tmb\/T9BAB138B-FA31PSY2U-38e2b488a7\/image_480.png?t=xoxe-317351037283-365207707586-364511306800-333c6acf63d6b69e07fd249ca7d3d9ee",
            "thumb_480_w": 480,
            "thumb_480_h": 270,
            "thumb_160": "https:\/\/files.slack.com\/files-tmb\/T9BAB138B-FA31PSY2U-38e2b488a7\/image_160.png?t=xoxe-317351037283-365207707586-364511306800-333c6acf63d6b69e07fd249ca7d3d9ee",
            "thumb_720": "https:\/\/files.slack.com\/files-tmb\/T9BAB138B-FA31PSY2U-38e2b488a7\/image_720.png?t=xoxe-317351037283-365207707586-364511306800-333c6acf63d6b69e07fd249ca7d3d9ee",
            "thumb_720_w": 720,
            "thumb_720_h": 405,
            "thumb_800": "https:\/\/files.slack.com\/files-tmb\/T9BAB138B-FA31PSY2U-38e2b488a7\/image_800.png?t=xoxe-317351037283-365207707586-364511306800-333c6acf63d6b69e07fd249ca7d3d9ee",
            "thumb_800_w": 800,
            "thumb_800_h": 450,
            "thumb_960": "https:\/\/files.slack.com\/files-tmb\/T9BAB138B-FA31PSY2U-38e2b488a7\/image_960.png?t=xoxe-317351037283-365207707586-364511306800-333c6acf63d6b69e07fd249ca7d3d9ee",
            "thumb_960_w": 960,
            "thumb_960_h": 540,
            "thumb_1024": "https:\/\/files.slack.com\/files-tmb\/T9BAB138B-FA31PSY2U-38e2b488a7\/image_1024.png?t=xoxe-317351037283-365207707586-364511306800-333c6acf63d6b69e07fd249ca7d3d9ee",
            "thumb_1024_w": 1024,
            "thumb_1024_h": 576,
            "image_exif_rotation": 1,
            "original_w": 1920,
            "original_h": 1080,
            "permalink": "https:\/\/ingsw1718.slack.com\/files\/U9NQ8RQ67\/FA31PSY2U\/image.png",
            "permalink_public": "https:\/\/slack-files.com\/T9BAB138B-FA31PSY2U-c988be9838",
            "channels": [],
            "groups": [],
            "ims": [],
            "comments_count": 0
        },
        "user": "U9NQ8RQ67",
        "upload": true,
        "display_as_bot": false,
        "username": "m.loi",
        "bot_id": null,
        "ts": "1523300071.000395"
    },
    {
        "type": "message",
        "user": "U9NQ8RQ67",
        "text": "<@UA2DNR4F4> Devi ricreare l'account su docker, scrivi reddy e basta oppure chiedi a Lanubile",
        "thread_ts": "1523300690.000322",
        "reply_count": 1,
        "replies": [
            {
                "user": "UA2DNR4F4",
                "ts": "1523314645.000138"
            }
        ],
        "unread_count": 1,
        "ts": "1523300690.000322"
    },
    {
        "type": "message",
        "user": "U9NQ8RQ67",
        "text": "<https:\/\/github.com\/softeng-inf-uniba>",
        "attachments": [
            {
                "service_name": "GitHub",
                "title": "Ingegneria del Software, Cdl Informatica, UNIBA",
                "title_link": "https:\/\/github.com\/softeng-inf-uniba",
                "text": "GitHub is where people build software. More than 27 million people use GitHub to discover, fork, and contribute to over 80 million projects.",
                "fallback": "GitHub: Ingegneria del Software, Cdl Informatica, UNIBA",
                "from_url": "https:\/\/github.com\/softeng-inf-uniba",
                "thumb_url": "https:\/\/avatars2.githubusercontent.com\/u\/32246946?s=280&v=4",
                "thumb_width": 250,
                "thumb_height": 250,
                "service_icon": "https:\/\/a.slack-edge.com\/bfaba\/img\/unfurl_icons\/github.png",
                "id": 1
            }
        ],
        "thread_ts": "1523304399.000136",
        "reply_count": 1,
        "replies": [
            {
                "user": "UA2DNR4F4",
                "ts": "1523313843.000124"
            }
        ],
        "unread_count": 1,
        "ts": "1523304399.000136"
    },
    {
        "type": "message",
        "user": "UA2DNR4F4",
        "text": "Non mi esce ancora niente..",
        "client_msg_id": "a925e4ad-4057-4c8e-909b-7d4e7a98cdb9",
        "thread_ts": "1523304399.000136",
        "parent_user_id": "U9NQ8RQ67",
        "ts": "1523313843.000124"
    },
    {
        "type": "message",
        "user": "UA2DNR4F4",
        "text": "Reddy è stato già preso",
        "client_msg_id": "78af869d-ae30-4161-b2ba-c5dc28ea9cbf",
        "thread_ts": "1523300690.000322",
        "parent_user_id": "U9NQ8RQ67",
        "ts": "1523314645.000138"
    }
]