[
    {
        "type": "message",
        "subtype": "file_share",
        "text": "<@U9NQ8RQ67> uploaded a file: <https:\/\/ingsw1718.slack.com\/files\/U9NQ8RQ67\/FAH3JAL04\/-.sh|Untitled>",
        "file": {
            "id": "FAH3JAL04",
            "created": 1525291102,
            "timestamp": 1525291102,
            "name": "-.sh",
            "title": "Untitled",
            "mimetype": "text\/plain",
            "filetype": "shell",
            "pretty_type": "Shell",
            "user": "U9NQ8RQ67",
            "editable": true,
            "size": 1336,
            "mode": "snippet",
            "is_external": false,
            "external_type": "",
            "is_public": true,
            "public_url_shared": false,
            "display_as_bot": false,
            "username": "",
            "url_private": "https:\/\/files.slack.com\/files-pri\/T9BAB138B-FAH3JAL04\/-.sh?t=xoxe-317351037283-365207707586-364511306800-333c6acf63d6b69e07fd249ca7d3d9ee",
            "url_private_download": "https:\/\/files.slack.com\/files-pri\/T9BAB138B-FAH3JAL04\/download\/-.sh?t=xoxe-317351037283-365207707586-364511306800-333c6acf63d6b69e07fd249ca7d3d9ee",
            "permalink": "https:\/\/ingsw1718.slack.com\/files\/U9NQ8RQ67\/FAH3JAL04\/-.sh",
            "permalink_public": "https:\/\/slack-files.com\/T9BAB138B-FAH3JAL04-5bb40bd112",
            "edit_link": "https:\/\/ingsw1718.slack.com\/files\/U9NQ8RQ67\/FAH3JAL04\/-.sh\/edit",
            "preview": "In qualità di utente voglio visualizzare la lista dei Member:\r\n\tWindows: docker run -v \/c:\/ns softenginfuniba\/reddy -z ns\/path\/to\/file\/fileName.zip -c members\r\n\tLinux: docker run -v \/:\/ns softenginfuniba\/reddy -z ns\/path\/to\/file\/fileName.zip -c members\r\n\r\nIn qualità di utente voglio visualizzare la lista dei Channel:\r",
            "preview_highlight": "<div class=\"CodeMirror cm-s-default CodeMirrorServer\" oncopy=\"if(event.clipboardData){event.clipboardData.setData('text\/plain',window.getSelection().toString().replace(\/\\u200b\/g,''));event.preventDefault();event.stopPropagation();}\">\n<div class=\"CodeMirror-code\">\n<div><pre>In qualità di utente voglio visualizzare la lista dei Member:<\/pre><\/div>\n<div><pre>\tWindows: docker run <span class=\"cm-attribute\">-v<\/span> \/c:\/ns softenginfuniba\/reddy <span class=\"cm-attribute\">-z<\/span> ns\/path\/to\/file\/fileName.zip <span class=\"cm-attribute\">-c<\/span> members<\/pre><\/div>\n<div><pre>\tLinux: docker run <span class=\"cm-attribute\">-v<\/span> \/:\/ns softenginfuniba\/reddy <span class=\"cm-attribute\">-z<\/span> ns\/path\/to\/file\/fileName.zip <span class=\"cm-attribute\">-c<\/span> members<\/pre><\/div>\n<div><pre>&#8203;<\/pre><\/div>\n<div><pre>In qualità di utente voglio visualizzare la lista dei Channel:<\/pre><\/div>\n<\/div>\n<\/div>\n",
            "lines": 19,
            "lines_more": 14,
            "preview_is_truncated": true,
            "channels": [],
            "groups": [],
            "ims": [],
            "comments_count": 0
        },
        "user": "U9NQ8RQ67",
        "upload": true,
        "display_as_bot": false,
        "username": "m.loi",
        "bot_id": null,
        "ts": "1525291102.000549"
    }
]