[
    {
        "type": "message",
        "user": "U9CDZPXLN",
        "text": "<!everyone> una precisazione, la cartella `\/build\/` esiste gia’, creata da Gradle. Prima di poter aggiungere la sottocartella `\/build\/reports` a Git, è necessario cambiare il file `.gitignore` in questa mandiera, sostituiendo l’ultima riga (`\/build\/`) con:\n```\n\/build\/classes\n\/build\/distributions\n\/build\/jacoco\n\/build\/libs\n\/build\/scripts\n\/build\/test-results\n```",
        "ts": "1525777180.000032"
    },
    {
        "type": "message",
        "user": "U9BD7NMPC",
        "text": "allora meglio levare tutto",
        "ts": "1525779270.000218"
    },
    {
        "type": "message",
        "user": "U9CDZPXLN",
        "text": "solo i diff??",
        "ts": "1525779288.000309"
    },
    {
        "type": "message",
        "user": "U9BD7NMPC",
        "text": "sì meglio",
        "ts": "1525779322.000420"
    },
    {
        "type": "message",
        "user": "U9CDZPXLN",
        "text": "1) Nel  `README.md`, nella struttura, in alto, aggiungere:\n```\n|-- build\n|    |-- reports\n```",
        "edited": {
            "user": "U9CDZPXLN",
            "ts": "1525780091.000000"
        },
        "ts": "1525779354.000004",
        "reactions": [
            {
                "name": "+1",
                "users": [
                    "U9BD7NMPC",
                    "U9NQ8RQ67",
                    "U9L0877K5",
                    "U9N8CNHK2"
                ],
                "count": 4
            }
        ]
    },
    {
        "type": "message",
        "user": "U9CDZPXLN",
        "text": "2. sotto, nella descrizione dei componenti, aggiungere la riga:\n*build:* ospita la sottocartella _reports_, contenente gli output dei tool automatici di test e controllo di qualità;",
        "edited": {
            "user": "U9CDZPXLN",
            "ts": "1525779431.000000"
        },
        "ts": "1525779396.000059"
    }
]