[
    {
        "type": "message",
        "user": "U9NAWRB2Q",
        "text": "Quando carichiamo lo snippet della consegna includiamo anche i comandi vecchi?",
        "thread_ts": "1526203063.000047",
        "reply_count": 1,
        "replies": [
            {
                "user": "U9PNL8V9U",
                "ts": "1526204281.000046"
            }
        ],
        "unread_count": 1,
        "ts": "1526203063.000047"
    },
    {
        "type": "message",
        "user": "U9PNL8V9U",
        "text": "Nel messaggio del professore c’è scritto ‘per ogni user story rilasciata’ e siccome da quanto detto testeranno solo le funzioni dello sprint 2, non bisogna includere i vecchi comandi ",
        "client_msg_id": "07435198-EF5A-4D8A-A7FB-9EECD02EFBA2",
        "thread_ts": "1526203063.000047",
        "parent_user_id": "U9NAWRB2Q",
        "ts": "1526204281.000046",
        "reactions": [
            {
                "name": "+1",
                "users": [
                    "U9NAWRB2Q",
                    "U9PBHQU3H",
                    "U9BD7NMPC"
                ],
                "count": 3
            }
        ]
    }
]