[
    {
        "type": "message",
        "user": "U9BD7NMPC",
        "text": "<!everyone> In vista dello Sprint 3 vi chiedo due cose:\n1. Nel file build.gradle, nelle opzioni di _pmd_ e poi _ruleSets_, dovete levare il commento a *java-coupling* in modo da abilitare questo controllo\n2. Create una directory \/build\/reports\/ dove mettere gli output dei tool automatici di controllo  qualità: CheckStyle, FindBugs e PMD\nPer lo sprint 2 non valuteremo questi output ma per ora ci serve capire che messaggi ricevete \nGrazie",
        "ts": "1525710824.000611",
        "reactions": [
            {
                "name": "+1",
                "users": [
                    "U9P1B28NM",
                    "U9N7WANGG",
                    "U9P21SKA6",
                    "U9PUAUSRM",
                    "U9N9XTY8H",
                    "U9PBHQU3H",
                    "U9PNL8V9U",
                    "U9NCNLL83"
                ],
                "count": 8
            },
            {
                "name": "rocket",
                "users": [
                    "U9NQ3SVMH"
                ],
                "count": 1
            }
        ]
    }
]