[
    {
        "type": "message",
        "user": "U9BD7NMPC",
        "text": "<!everyone> Allego una nuova versione della guida studente con delle correzioni relative a Docker. Se la caricate correttamente da git  potrete vedere le modifiche effettuate. A domani.",
        "ts": "1524422492.000102",
        "reactions": [
            {
                "name": "+1",
                "users": [
                    "U9N6Y2L9W",
                    "U9PBHQU3H",
                    "U9PDKF5JB"
                ],
                "count": 3
            }
        ]
    },
    {
        "type": "message",
        "subtype": "file_share",
        "text": "<@U9BD7NMPC> uploaded a file: <https:\/\/ingsw1718.slack.com\/files\/U9BD7NMPC\/FAC0JF9RC\/guida_per_lo_studente.md|Guida per lo studente.md>",
        "file": {
            "id": "FAC0JF9RC",
            "created": 1524422502,
            "timestamp": 1524422502,
            "name": "Guida per lo studente.md",
            "title": "Guida per lo studente.md",
            "mimetype": "text\/plain",
            "filetype": "markdown",
            "pretty_type": "Markdown (raw)",
            "user": "U9BD7NMPC",
            "editable": true,
            "size": 14236,
            "mode": "snippet",
            "is_external": false,
            "external_type": "",
            "is_public": true,
            "public_url_shared": false,
            "display_as_bot": false,
            "username": "",
            "url_private": "https:\/\/files.slack.com\/files-pri\/T9BAB138B-FAC0JF9RC\/guida_per_lo_studente.md?t=xoxe-317351037283-365207707586-364511306800-333c6acf63d6b69e07fd249ca7d3d9ee",
            "url_private_download": "https:\/\/files.slack.com\/files-pri\/T9BAB138B-FAC0JF9RC\/download\/guida_per_lo_studente.md?t=xoxe-317351037283-365207707586-364511306800-333c6acf63d6b69e07fd249ca7d3d9ee",
            "permalink": "https:\/\/ingsw1718.slack.com\/files\/U9BD7NMPC\/FAC0JF9RC\/guida_per_lo_studente.md",
            "permalink_public": "https:\/\/slack-files.com\/T9BAB138B-FAC0JF9RC-2beb828895",
            "edit_link": "https:\/\/ingsw1718.slack.com\/files\/U9BD7NMPC\/FAC0JF9RC\/guida_per_lo_studente.md\/edit",
            "preview": "# Guida allo studente\r\n\r\n## Indice\r\n- Pipeline di progetto\r\n- Passi preliminari\r",
            "preview_highlight": "<div class=\"CodeMirror cm-s-default CodeMirrorServer\" oncopy=\"if(event.clipboardData){event.clipboardData.setData('text\/plain',window.getSelection().toString().replace(\/\\u200b\/g,''));event.preventDefault();event.stopPropagation();}\">\n<div class=\"CodeMirror-code\">\n<div><pre># Guida allo studente<\/pre><\/div>\n<div><pre><\/pre><\/div>\n<div><pre>## Indice<\/pre><\/div>\n<div><pre>- Pipeline di progetto<\/pre><\/div>\n<div><pre>- Passi preliminari<\/pre><\/div>\n<div><pre><\/pre><\/div>\n<\/div>\n<\/div>\n",
            "lines": 197,
            "lines_more": 192,
            "preview_is_truncated": true,
            "channels": [],
            "groups": [],
            "ims": [],
            "comments_count": 0
        },
        "user": "U9BD7NMPC",
        "upload": true,
        "display_as_bot": false,
        "username": "filippo.lanubile",
        "bot_id": null,
        "ts": "1524422503.000003"
    }
]