[
    {
        "type": "message",
        "user": "U9MML6PLG",
        "text": "<https:\/\/classroom.github.com\/g\/-uc4UzW->",
        "ts": "1523347560.000441"
    },
    {
        "type": "message",
        "user": "U9MML6PLG",
        "text": "Ragazzi seguendo questo link se non individuate il vostro gruppo PROVATE a creare un gruppo FITTIZIO. Riceverete una mail da github da cliccare. La mail non arriva subito ci impiega anche una mezz'oretta",
        "ts": "1523347723.000309"
    },
    {
        "type": "message",
        "user": "U9MML6PLG",
        "text": "Potete anche tentare di scrivere il vostro Team (vi dirà che esiste già) ma vi arriverà comunque la mail.",
        "ts": "1523347860.000226"
    },
    {
        "type": "message",
        "user": "U9NAWS8CR",
        "text": "<https:\/\/classroom.github.com\/g\/-uc4UzW->  per accedere al team create un gruppo, vi dira che il gruppo esiste. fatto cio andate su  @softeng-inf-uniba e da li compaiono i team",
        "ts": "1523347892.000419"
    },
    {
        "type": "message",
        "user": "U9PBHQU3H",
        "text": "Si, era la soluzione che avevo proposto io ieri sera nello sclero generale.",
        "client_msg_id": "361792ce-3c1b-4d7a-979c-c085727e6a1c",
        "ts": "1523347915.000122",
        "reactions": [
            {
                "name": "+1::skin-tone-2",
                "users": [
                    "U9NCNLL83",
                    "U9MNETCD6"
                ],
                "count": 2
            },
            {
                "name": "ok_hand",
                "users": [
                    "U9P5NTBML"
                ],
                "count": 1
            },
            {
                "name": "slightly_smiling_face",
                "users": [
                    "U9BD7NMPC"
                ],
                "count": 1
            }
        ]
    },
    {
        "type": "message",
        "user": "U9L0877K5",
        "text": "1.Click su invito \n<https:\/\/classroom.github.com\/g\/-uc4UzW->\n2.Creare un gruppo che sia già esistente (es. dijkstra)\n3.Aspettare il messaggio di errore che il gruppo sia già esistente.\n4.Controllare l'email (a volte ci mette 1h), e cliccare sul link di conferma\n5.Andare su \n<https:\/\/github.com\/softeng-inf-uniba>\nTeams\/*VostroTeam*\/Members\/Request To Join\n6.Aspettare un admin che vi accetti",
        "edited": {
            "user": "U9L0877K5",
            "ts": "1523348587.000000"
        },
        "ts": "1523348121.000314",
        "reactions": [
            {
                "name": "sunglasses",
                "users": [
                    "U9P5NTBML"
                ],
                "count": 1
            },
            {
                "name": "unicorn_face",
                "users": [
                    "U9PNBSH0E"
                ],
                "count": 1
            },
            {
                "name": "peace_symbol",
                "users": [
                    "U9NS9S2NQ"
                ],
                "count": 1
            }
        ]
    },
    {
        "type": "message",
        "user": "U9PAU9362",
        "text": "Soluzione Github:\n1) Da questo sito: <https:\/\/classroom.github.com\/g\/-uc4UzW-> \n2) Cliccare su \"Create team\";\n3) Arriverà un'email di iscrizione a \"Ingegneria del Software, Cdl Informatica, UNIBA\";\n4) Andare su <https:\/\/github.com\/softeng-inf-uniba> \n5) Andare su Team;\n6) Cercare il proprio gruppo;\n7) Andare su 'Members' e cliccare su 'Request to join';\n8 ) Attendere conferma da parte del prof.",
        "attachments": [
            {
                "service_name": "GitHub",
                "title": "Ingegneria del Software, Cdl Informatica, UNIBA",
                "title_link": "https:\/\/github.com\/softeng-inf-uniba",
                "text": "GitHub is where people build software. More than 27 million people use GitHub to discover, fork, and contribute to over 80 million projects.",
                "fallback": "GitHub: Ingegneria del Software, Cdl Informatica, UNIBA",
                "from_url": "https:\/\/github.com\/softeng-inf-uniba",
                "thumb_url": "https:\/\/avatars2.githubusercontent.com\/u\/32246946?s=280&v=4",
                "thumb_width": 250,
                "thumb_height": 250,
                "service_icon": "https:\/\/a.slack-edge.com\/bfaba\/img\/unfurl_icons\/github.png",
                "id": 1
            }
        ],
        "ts": "1523348477.000051",
        "reactions": [
            {
                "name": "+1",
                "users": [
                    "U9JS0QR60",
                    "U9PDKF5JB"
                ],
                "count": 2
            }
        ]
    },
    {
        "type": "message",
        "user": "U9PJQ7YP6",
        "text": "È possibile che ogni volta che qualcuno entra all'interno di un gruppo(su github classroom) venga creato un repository in più. \nIl problema non si verifica sempre, ad esempio sul mio gruppo siamo in 5 e si sono creati 3 repository.",
        "client_msg_id": "0d6ac94b-e6f7-438e-8fdd-da3973b5d739",
        "ts": "1523349014.000307",
        "reactions": [
            {
                "name": "heart_eyes",
                "users": [
                    "U9P33EZ5F"
                ],
                "count": 1
            },
            {
                "name": "three",
                "users": [
                    "U9P33EZ5F",
                    "U9P373ASV"
                ],
                "count": 2
            },
            {
                "name": "zero",
                "users": [
                    "U9P33EZ5F",
                    "U9P373ASV"
                ],
                "count": 2
            },
            {
                "name": "comet",
                "users": [
                    "U9NQ1QL72"
                ],
                "count": 1
            }
        ]
    },
    {
        "type": "message",
        "user": "U9N8GRK3J",
        "text": "<@U9BD7NMPC> con il mio gruppo <#C9NTX4F34|goldwasser> è andato tutto liscio (compresa la visualizzazione della repository), dopo la cancellazione sia della repository, sia del gruppo, seguendo i seguenti passaggi:\n\n1. Invito: <https:\/\/classroom.github.com\/g\/-uc4UzW->\n2. - Se il gruppo è già stato creato fare semplicemente \"Join\" sul nome del gruppo\n- Se il gruppo non è stato creato, UNA persona del gruppo, dovrà inserire il nome e premere su \"Create team\", gli altri dovranno fare soltanto \"Join\"\n3. Automaticamente farà la creazione e l'import della repository predefinita",
        "edited": {
            "user": "U9N8GRK3J",
            "ts": "1523349953.000000"
        },
        "ts": "1523349843.000541",
        "reactions": [
            {
                "name": "star-struck",
                "users": [
                    "U9NQ7HF27",
                    "U9NBGBT5F",
                    "U9PKEG3UK"
                ],
                "count": 3
            },
            {
                "name": "+1",
                "users": [
                    "U9NBGBT5F"
                ],
                "count": 1
            }
        ]
    },
    {
        "type": "message",
        "user": "U9NCNLL83",
        "text": "<#C9P7FFX4N|codd> completo ma non ha repository",
        "edited": {
            "user": "U9NCNLL83",
            "ts": "1523349934.000000"
        },
        "ts": "1523349865.000154"
    },
    {
        "type": "message",
        "user": "U9PUAUSRM",
        "text": "Team <#C9PCTK26A|shamir> non ha repository e vorrebbe essere cancellato",
        "edited": {
            "user": "U9PUAUSRM",
            "ts": "1523350337.000000"
        },
        "ts": "1523349872.000419"
    },
    {
        "type": "message",
        "user": "U9PDKF5JB",
        "text": "<#C9NDE1PK6|floyd> repository inesistente",
        "ts": "1523349872.000421"
    },
    {
        "type": "message",
        "user": "U9P0DMXGD",
        "text": "Il team <#C9NCZSP88|backus> è completo ma privo di un repository.",
        "ts": "1523349890.000140"
    },
    {
        "type": "message",
        "user": "UA1PBUVC4",
        "text": "team <#CA26BD085|thacker> completo, ma nessun repository",
        "ts": "1523349902.000417"
    },
    {
        "type": "message",
        "user": "U9L4K57T6",
        "text": "<#C9NQWH24T|knuth> non ha il repository",
        "ts": "1523349906.000128"
    },
    {
        "type": "message",
        "user": "U9Q9CDE0P",
        "text": "<#C9P0BD724|ritchie> completo ma senza repository",
        "ts": "1523349906.000601"
    },
    {
        "type": "message",
        "user": "U9N82V6JC",
        "text": "<#C9NEL4BRA|micali> nessun repository",
        "ts": "1523349939.000329"
    },
    {
        "type": "message",
        "user": "U9PC8DR8W",
        "text": "<#C9NENP6LD|hellman> non ha repository",
        "ts": "1523349953.000386"
    },
    {
        "type": "message",
        "user": "U9NQ80ZDH",
        "text": "<#C9NSD86DA|gray> non ha repository",
        "ts": "1523350082.000465"
    },
    {
        "type": "message",
        "user": "U9NA5GDFU",
        "text": "<#C9QR7R4J2|sutherland> non ha repository",
        "ts": "1523350151.000251"
    },
    {
        "type": "message",
        "user": "U9NM7AYPN",
        "text": "<#C9NCAD40H|wilkinson> non ha repository",
        "ts": "1523350159.000123"
    },
    {
        "type": "message",
        "user": "U9MU4674H",
        "text": "<#C9NDCM4R1|engelbart> non ha repository",
        "ts": "1523350195.000142"
    },
    {
        "type": "message",
        "user": "U9NQ8RQ67",
        "text": "<#C9PNPP91U|reddy> non ha repository",
        "ts": "1523350223.000259"
    },
    {
        "type": "message",
        "user": "U9PUTB10X",
        "text": "Il team <#C9VV4Q74J|kahn> non ha repository",
        "client_msg_id": "1f3dd62d-69a6-464b-b28b-a5ee00ff9f19",
        "ts": "1523350269.000535"
    },
    {
        "type": "message",
        "user": "U9L0877K5",
        "text": "<#C9NEK87RQ|dijkstra> *non* ha repository",
        "ts": "1523350279.000376"
    },
    {
        "type": "message",
        "user": "U9MQSS657",
        "text": "<#C9MMVQVL0|hamming> non ha repository",
        "ts": "1523350280.000424"
    },
    {
        "type": "message",
        "user": "U9NTC20N6",
        "text": "<#C9NQ5BM5Z|allen> non ha repository",
        "client_msg_id": "6bcb1226-99f9-4eda-922d-ca0f8a61ef2b",
        "ts": "1523350283.000463"
    },
    {
        "type": "message",
        "user": "U9NSRGFQU",
        "text": "<#C9NCNQ21H|perlis> non ha repository",
        "client_msg_id": "d8049ce0-8619-46a7-9dc4-b008346d0b86",
        "ts": "1523350309.000463"
    },
    {
        "type": "message",
        "user": "UA11Q07AL",
        "text": "<#CA314S0EP|stearns> non ha repository",
        "edited": {
            "user": "UA11Q07AL",
            "ts": "1523356827.000000"
        },
        "ts": "1523350322.000312"
    },
    {
        "type": "message",
        "user": "U9RTC8JSE",
        "text": "<#C9NK7QADT|liskov> non ha repository",
        "ts": "1523350334.000327"
    },
    {
        "type": "message",
        "user": "U9NG44DUJ",
        "text": "<#C9NVCLHRN|rivest>  non ha repository",
        "ts": "1523350362.000410"
    },
    {
        "type": "message",
        "user": "U9P18U17X",
        "text": "<#C9NJF3133|scott> non ha repository",
        "ts": "1523350382.000231"
    },
    {
        "type": "message",
        "user": "U9N8K4Z24",
        "text": "<#C9PUSNJTZ|brooks> non ha repository",
        "ts": "1523350441.000239"
    },
    {
        "type": "message",
        "user": "U9N82V6JC",
        "text": "<#C9NEL4BRA|micali> si è appena aggiunto un membro, attendiamo aggiornamento di aggiunta del membro ed eventualmente aggiunta del repository. Diversamente cancelleremo e riproveremo.",
        "ts": "1523350469.000361"
    },
    {
        "type": "message",
        "user": "U9N8CNHK2",
        "text": "<@U9RTC8JSE> vedo tre team con nome liskov  e cioè <#C9NK7QADT|liskov>, #liskov1 e #liskov-1: li cancello tutti o per qualcuno di questi è stato creato un repository?",
        "ts": "1523351045.000102"
    },
    {
        "type": "message",
        "user": "U9RTC8JSE",
        "text": "Può cancellarli tutti",
        "ts": "1523351091.000026"
    },
    {
        "type": "message",
        "user": "U9NCNLL83",
        "text": "<@U9N8CNHK2> può cancellare #codd18 ? Era solo di prova",
        "ts": "1523351113.000362"
    },
    {
        "type": "message",
        "user": "U9NG44DUJ",
        "text": "può gentilmente cancellare il team <#C9NVCLHRN|rivest>",
        "ts": "1523351122.000176"
    },
    {
        "type": "message",
        "user": "U9NG44DUJ",
        "text": "anche #rivest1",
        "ts": "1523351127.000159"
    },
    {
        "type": "message",
        "user": "U9PK8UJBA",
        "text": "può cancellare il gruppo <#C9SLGMULF|lampson>",
        "ts": "1523351212.000147"
    },
    {
        "type": "message",
        "user": "U9Q9CDE0P",
        "text": "<@U9N8CNHK2> ci avvisa lei quando potremo creare nuovamente i gruppi?",
        "ts": "1523352504.000403"
    },
    {
        "type": "message",
        "user": "U9NS5BECU",
        "text": "<@U9BD7NMPC> prof abbiamo provveduto a creare un canale secondario su slack che possa sostituire il primo, adesso provvederemo al resto e Le faremo sapere l'esito.",
        "ts": "1523354130.000085"
    },
    {
        "type": "message",
        "user": "U9N8CNHK2",
        "text": "<!everyone> per ora interrompete la creazione dei gruppi e attendete nuove indicazioni da parte nostra. Stiamo verificando l'allineamento tra i repository e i team attualmente presenti su github",
        "ts": "1523355157.000329"
    },
    {
        "type": "message",
        "subtype": "file_share",
        "text": "<@UA2GU3SBX> uploaded a file: <https:\/\/ingsw1718.slack.com\/files\/UA2GU3SBX\/FA3CPN9LY\/image.png|image.png> and commented: qualcuno come ha risolto?",
        "file": {
            "id": "FA3CPN9LY",
            "created": 1523355942,
            "timestamp": 1523355942,
            "name": "image.png",
            "title": "image.png",
            "mimetype": "image\/png",
            "filetype": "png",
            "pretty_type": "PNG",
            "user": "UA2GU3SBX",
            "editable": false,
            "size": 98629,
            "mode": "hosted",
            "is_external": false,
            "external_type": "",
            "is_public": true,
            "public_url_shared": false,
            "display_as_bot": false,
            "username": "",
            "url_private": "https:\/\/files.slack.com\/files-pri\/T9BAB138B-FA3CPN9LY\/image.png?t=xoxe-317351037283-365207707586-364511306800-333c6acf63d6b69e07fd249ca7d3d9ee",
            "url_private_download": "https:\/\/files.slack.com\/files-pri\/T9BAB138B-FA3CPN9LY\/download\/image.png?t=xoxe-317351037283-365207707586-364511306800-333c6acf63d6b69e07fd249ca7d3d9ee",
            "thumb_64": "https:\/\/files.slack.com\/files-tmb\/T9BAB138B-FA3CPN9LY-5904593428\/image_64.png?t=xoxe-317351037283-365207707586-364511306800-333c6acf63d6b69e07fd249ca7d3d9ee",
            "thumb_80": "https:\/\/files.slack.com\/files-tmb\/T9BAB138B-FA3CPN9LY-5904593428\/image_80.png?t=xoxe-317351037283-365207707586-364511306800-333c6acf63d6b69e07fd249ca7d3d9ee",
            "thumb_360": "https:\/\/files.slack.com\/files-tmb\/T9BAB138B-FA3CPN9LY-5904593428\/image_360.png?t=xoxe-317351037283-365207707586-364511306800-333c6acf63d6b69e07fd249ca7d3d9ee",
            "thumb_360_w": 360,
            "thumb_360_h": 160,
            "thumb_480": "https:\/\/files.slack.com\/files-tmb\/T9BAB138B-FA3CPN9LY-5904593428\/image_480.png?t=xoxe-317351037283-365207707586-364511306800-333c6acf63d6b69e07fd249ca7d3d9ee",
            "thumb_480_w": 480,
            "thumb_480_h": 213,
            "thumb_160": "https:\/\/files.slack.com\/files-tmb\/T9BAB138B-FA3CPN9LY-5904593428\/image_160.png?t=xoxe-317351037283-365207707586-364511306800-333c6acf63d6b69e07fd249ca7d3d9ee",
            "thumb_720": "https:\/\/files.slack.com\/files-tmb\/T9BAB138B-FA3CPN9LY-5904593428\/image_720.png?t=xoxe-317351037283-365207707586-364511306800-333c6acf63d6b69e07fd249ca7d3d9ee",
            "thumb_720_w": 720,
            "thumb_720_h": 320,
            "thumb_800": "https:\/\/files.slack.com\/files-tmb\/T9BAB138B-FA3CPN9LY-5904593428\/image_800.png?t=xoxe-317351037283-365207707586-364511306800-333c6acf63d6b69e07fd249ca7d3d9ee",
            "thumb_800_w": 800,
            "thumb_800_h": 355,
            "image_exif_rotation": 1,
            "original_w": 960,
            "original_h": 426,
            "permalink": "https:\/\/ingsw1718.slack.com\/files\/UA2GU3SBX\/FA3CPN9LY\/image.png",
            "permalink_public": "https:\/\/slack-files.com\/T9BAB138B-FA3CPN9LY-65e8b9dc35",
            "channels": [],
            "groups": [],
            "ims": [],
            "comments_count": 2,
            "initial_comment": {
                "id": "FcA43TE6JW",
                "created": 1523355942,
                "timestamp": 1523355942,
                "user": "UA2GU3SBX",
                "is_intro": true,
                "comment": "qualcuno come ha risolto?"
            }
        },
        "user": "UA2GU3SBX",
        "upload": true,
        "display_as_bot": false,
        "username": "filippocicala_2015",
        "bot_id": null,
        "ts": "1523355944.000488"
    },
    {
        "type": "message",
        "subtype": "file_comment",
        "text": "<@U9NCNLL83> commented on <@UA2GU3SBX>’s file <https:\/\/ingsw1718.slack.com\/files\/UA2GU3SBX\/FA3CPN9LY\/image.png|image.png>: Bisognerebbe creare il team, ma hanno detto di aspettare e non fare più niente per il momento in attesa di comunicazioni.",
        "file": {
            "id": "FA3CPN9LY",
            "created": 1523355942,
            "timestamp": 1523355942,
            "name": "image.png",
            "title": "image.png",
            "mimetype": "image\/png",
            "filetype": "png",
            "pretty_type": "PNG",
            "user": "UA2GU3SBX",
            "editable": false,
            "size": 98629,
            "mode": "hosted",
            "is_external": false,
            "external_type": "",
            "is_public": true,
            "public_url_shared": false,
            "display_as_bot": false,
            "username": "",
            "url_private": "https:\/\/files.slack.com\/files-pri\/T9BAB138B-FA3CPN9LY\/image.png?t=xoxe-317351037283-365207707586-364511306800-333c6acf63d6b69e07fd249ca7d3d9ee",
            "url_private_download": "https:\/\/files.slack.com\/files-pri\/T9BAB138B-FA3CPN9LY\/download\/image.png?t=xoxe-317351037283-365207707586-364511306800-333c6acf63d6b69e07fd249ca7d3d9ee",
            "thumb_64": "https:\/\/files.slack.com\/files-tmb\/T9BAB138B-FA3CPN9LY-5904593428\/image_64.png?t=xoxe-317351037283-365207707586-364511306800-333c6acf63d6b69e07fd249ca7d3d9ee",
            "thumb_80": "https:\/\/files.slack.com\/files-tmb\/T9BAB138B-FA3CPN9LY-5904593428\/image_80.png?t=xoxe-317351037283-365207707586-364511306800-333c6acf63d6b69e07fd249ca7d3d9ee",
            "thumb_360": "https:\/\/files.slack.com\/files-tmb\/T9BAB138B-FA3CPN9LY-5904593428\/image_360.png?t=xoxe-317351037283-365207707586-364511306800-333c6acf63d6b69e07fd249ca7d3d9ee",
            "thumb_360_w": 360,
            "thumb_360_h": 160,
            "thumb_480": "https:\/\/files.slack.com\/files-tmb\/T9BAB138B-FA3CPN9LY-5904593428\/image_480.png?t=xoxe-317351037283-365207707586-364511306800-333c6acf63d6b69e07fd249ca7d3d9ee",
            "thumb_480_w": 480,
            "thumb_480_h": 213,
            "thumb_160": "https:\/\/files.slack.com\/files-tmb\/T9BAB138B-FA3CPN9LY-5904593428\/image_160.png?t=xoxe-317351037283-365207707586-364511306800-333c6acf63d6b69e07fd249ca7d3d9ee",
            "thumb_720": "https:\/\/files.slack.com\/files-tmb\/T9BAB138B-FA3CPN9LY-5904593428\/image_720.png?t=xoxe-317351037283-365207707586-364511306800-333c6acf63d6b69e07fd249ca7d3d9ee",
            "thumb_720_w": 720,
            "thumb_720_h": 320,
            "thumb_800": "https:\/\/files.slack.com\/files-tmb\/T9BAB138B-FA3CPN9LY-5904593428\/image_800.png?t=xoxe-317351037283-365207707586-364511306800-333c6acf63d6b69e07fd249ca7d3d9ee",
            "thumb_800_w": 800,
            "thumb_800_h": 355,
            "image_exif_rotation": 1,
            "original_w": 960,
            "original_h": 426,
            "permalink": "https:\/\/ingsw1718.slack.com\/files\/UA2GU3SBX\/FA3CPN9LY\/image.png",
            "permalink_public": "https:\/\/slack-files.com\/T9BAB138B-FA3CPN9LY-65e8b9dc35",
            "channels": [],
            "groups": [],
            "ims": [],
            "comments_count": 2,
            "initial_comment": {
                "id": "FcA43TE6JW",
                "created": 1523355942,
                "timestamp": 1523355942,
                "user": "UA2GU3SBX",
                "is_intro": true,
                "comment": "qualcuno come ha risolto?"
            }
        },
        "comment": {
            "id": "FcA47UNSTX",
            "created": 1523356135,
            "timestamp": 1523356135,
            "user": "U9NCNLL83",
            "is_intro": false,
            "comment": "Bisognerebbe creare il team, ma hanno detto di aspettare e non fare più niente per il momento in attesa di comunicazioni."
        },
        "is_intro": false,
        "ts": "1523356135.000235"
    },
    {
        "type": "message",
        "user": "U9BD7NMPC",
        "text": "<!everyone> stiamo creando team con repository associato per tutti i gruppi invitando uno di voi per team. Gli altri del team dovrebbero provare ad associarsi facendo il join. Non abbiamo ancora finito perché c'è ancora qualche repository che non viene creato.",
        "ts": "1523363002.000559",
        "reactions": [
            {
                "name": "+1",
                "users": [
                    "U9PUAUSRM",
                    "U9PK8UJBA",
                    "U9MQSS657",
                    "U9P60ACP7",
                    "U9NDHPVRS",
                    "U9L4K57T6",
                    "U9PAU9362",
                    "U9JS0QR60",
                    "U9NAWRB2Q",
                    "U9MML6PLG"
                ],
                "count": 10
            }
        ]
    },
    {
        "type": "message",
        "user": "U9BD7NMPC",
        "text": "Un'altra difficoltà è il *non sapere quali utenti github invitare perché non sono noti i cognomi*. Vi avevo chiesto di lasciare traccia completa su github della vostra identità. Questo è un campione di gruppi con utenti anonimi: stearns, sutherland. Sappiate che la mia pazienza è quasi terminata.",
        "thread_ts": "1523363121.000375",
        "reply_count": 1,
        "replies": [
            {
                "user": "U9NA5GDFU",
                "ts": "1523363708.000323"
            }
        ],
        "unread_count": 1,
        "ts": "1523363121.000375"
    },
    {
        "type": "message",
        "user": "U9BD7NMPC",
        "text": "aggiungo hopcroft ai \"campioni\"",
        "ts": "1523363456.000226"
    },
    {
        "type": "message",
        "user": "U9MNETCD6",
        "text": "<@U9BD7NMPC> <@U9N8CNHK2> mi è stata inviata una mail di invito al gruppo sbagliata..Faccio parte del gruppo <#C9P7FFX4N|codd> e non del gruppo thompson. Sarebbe possibile modificare?",
        "client_msg_id": "6178e3f9-0a07-4baf-8b5d-4eb7516a7466",
        "thread_ts": "1523363561.000429",
        "reply_count": 3,
        "replies": [
            {
                "user": "U9BD7NMPC",
                "ts": "1523363708.000427"
            },
            {
                "user": "U9BD7NMPC",
                "ts": "1523363733.000250"
            },
            {
                "user": "U9MNETCD6",
                "ts": "1523363793.000388"
            }
        ],
        "unread_count": 3,
        "ts": "1523363561.000429"
    },
    {
        "type": "message",
        "user": "U9BD7NMPC",
        "text": "<!everyone> *aspettate ad associarvi* Se avete ricevuto un'email di notifica NON FATE NIENTE",
        "ts": "1523363603.000006"
    },
    {
        "type": "message",
        "user": "U9NA5GDFU",
        "text": "<@U9BD7NMPC>  ci scusi abbiamo appena risolto mettendo i nomi. siamo Sutherland",
        "client_msg_id": "e76c3d70-7036-4492-8ac5-fe9ba8f1ffac",
        "edited": {
            "user": "U9NA5GDFU",
            "ts": "1523363935.000000"
        },
        "thread_ts": "1523363121.000375",
        "parent_user_id": "U9BD7NMPC",
        "ts": "1523363708.000323"
    },
    {
        "type": "message",
        "user": "U9BD7NMPC",
        "text": "Risulta che stamattina federica di terlizzi abbia fatto il join al canale thompson",
        "thread_ts": "1523363561.000429",
        "parent_user_id": "U9MNETCD6",
        "ts": "1523363708.000427"
    },
    {
        "type": "message",
        "user": "U9BD7NMPC",
        "text": "rimuovo",
        "thread_ts": "1523363561.000429",
        "parent_user_id": "U9MNETCD6",
        "ts": "1523363733.000250"
    },
    {
        "type": "message",
        "user": "U9BD7NMPC",
        "text": "Comunque non avete idea le imprecazionei che si stanno prendendo quelli che non hanno messo i nomi e cognomi su github. Non lo dimenticheremo",
        "ts": "1523363782.000265",
        "reactions": [
            {
                "name": "joy",
                "users": [
                    "U9PK8UJBA",
                    "U9PP54E4D",
                    "U9CDZPXLN",
                    "UA2DNR4F4",
                    "U9MML6PLG",
                    "U9N6Y2L9W"
                ],
                "count": 6
            }
        ]
    },
    {
        "type": "message",
        "user": "U9MNETCD6",
        "text": "Mi risulta strano, la ringrazio!",
        "client_msg_id": "acac1d31-a59c-4126-8760-0e75625c2554",
        "thread_ts": "1523363561.000429",
        "parent_user_id": "U9MNETCD6",
        "ts": "1523363793.000388"
    },
    {
        "type": "message",
        "user": "U9BD7NMPC",
        "text": "Consiglio di sbrigarsi perché entro stasera faccio una black list",
        "ts": "1523363828.000386"
    },
    {
        "type": "message",
        "user": "U9N8CNHK2",
        "text": "<!everyone>: tutti i gruppi sono ora presenti su github. I gruppi che ad oggi erano riusciti a creare team e repo sono rimasti attivi. Per gli altri gruppi, abbiamo creato noi il team aggiungendo UN SOLO membro del gruppo tra coloro che sono iscritti al canale slack corrispondente.",
        "ts": "1523364612.000357"
    },
    {
        "type": "message",
        "user": "U9N8CNHK2",
        "text": "COSA FARE ADESSO:",
        "ts": "1523364619.000286"
    },
    {
        "type": "message",
        "user": "U9N8CNHK2",
        "text": "i gruppi nuovi sono: allen\nbackus\nbrooks\ndijkstra\nengelbart\ngray\nhamming\nhellman\nhopcroft\nkahn\nknuth\nlampson\nliskov\nmicali\nperils\nritchie\nrivest\nshamir\nstearns\nsutherland\nthacker\nthompson\nwilkinson",
        "ts": "1523364637.000462"
    },
    {
        "type": "message",
        "user": "U9N8CNHK2",
        "text": "coloro che fanno parte di gruppi non sono presenti in questa lista NON DEVONO FARE NIENTE",
        "ts": "1523364673.000729"
    },
    {
        "type": "message",
        "user": "U9N8CNHK2",
        "text": "chi appartiene a questi gruppi deve richiedre di associarsi accettando l'invito dell'assegnazione di gruppo e facendo poi join del gruppo esistente",
        "ts": "1523364730.000003"
    },
    {
        "type": "message",
        "user": "U9N8CNHK2",
        "text": "chi ha già ricevuto la notifica di aggiunta al gruppo via email NON DEVE FARE NULLA altrimenti determina la creazione di cloni del repository",
        "ts": "1523364763.000442"
    },
    {
        "type": "message",
        "user": "U9N8CNHK2",
        "text": "quindi prima di procedere CONTROLLATE L'EMAIL",
        "ts": "1523364794.000009"
    },
    {
        "type": "message",
        "user": "U9N8CNHK2",
        "text": "chi non riesce a fare join del proprio gruppo può segnalare il problema sul canale assistenza indicando il proprio nome e cognome, username github e nome del team",
        "ts": "1523364933.000552"
    },
    {
        "type": "message",
        "user": "U9PK8UJBA",
        "text": "<@U9BD7NMPC> professore al gruppo <#C9SLGMULF|lampson> è stato aggiunto un componente <@U9RE08815>",
        "client_msg_id": "21178fb2-893a-4acc-a1a7-1192d1868de9",
        "ts": "1523369144.000041"
    },
    {
        "type": "message",
        "user": "U9BD7NMPC",
        "text": "<@U9PK8UJBA> e non va bene? Può dirmi di più?",
        "ts": "1523373885.000487"
    },
    {
        "type": "message",
        "user": "U9PK8UJBA",
        "text": "No professore era solo per avvisarla",
        "client_msg_id": "4e5e20a7-6e0c-4aab-8fe4-6bf2418a939e",
        "ts": "1523374063.000518"
    },
    {
        "type": "message",
        "user": "U9PK8UJBA",
        "text": "Dato che gli altri colleghi mi hanno detto di comunicarglielo l'ho fatto",
        "client_msg_id": "c8402629-f5a5-4454-8740-c4e9e0d0fd3a",
        "ts": "1523374102.000838"
    },
    {
        "type": "message",
        "user": "U9BD7NMPC",
        "text": "siete troppi perché possa essermi utile",
        "ts": "1523374153.000767"
    },
    {
        "type": "message",
        "user": "U9NFLSSBW",
        "text": "<@U9BD7NMPC> è necessario continuare la configurazione di travis ci ,che ha spiegato oggi in classe o lo facciamo insieme giovedì a lezione ?",
        "client_msg_id": "E67E6072-A91A-40DE-AEEC-20F344AD3AF0",
        "ts": "1523385885.000045"
    },
    {
        "type": "message",
        "user": "U9BD7NMPC",
        "text": "<@U9NFLSSBW> Ci provi pure",
        "ts": "1523386999.000014"
    },
    {
        "type": "message",
        "user": "U9NFLSSBW",
        "text": "Ok ",
        "client_msg_id": "1525C492-2EC1-4CA2-8E94-278B92A70A0F",
        "ts": "1523387163.000205"
    }
]