[
    {
        "user": "U9P61MA7Q",
        "topic": "",
        "text": "<@U9P61MA7Q> cleared channel topic",
        "type": "message",
        "subtype": "channel_topic",
        "ts": "1525364012.000881"
    },
    {
        "user": "U9P61MA7Q",
        "purpose": "Console Anna, Console Antonio, Leo, Lorusso",
        "text": "<@U9P61MA7Q> set the channel purpose: Console Anna, Console Antonio, Leo, Lorusso",
        "type": "message",
        "subtype": "channel_purpose",
        "ts": "1525364013.000041"
    }
]