[
    {
        "type": "message",
        "user": "U9P61MA7Q",
        "text": "Alessia committera l'help",
        "client_msg_id": "3e62ed5f-dbc5-4ba7-baee-af078d83ee47",
        "ts": "1524749871.000633"
    },
    {
        "type": "message",
        "user": "U9P61MA7Q",
        "text": "Io e Alessandro committiamo il listing dei channel",
        "client_msg_id": "ee3f3c38-8b0c-4a4f-af7a-b9ecf300988d",
        "ts": "1524749890.000617"
    },
    {
        "type": "message",
        "subtype": "file_share",
        "text": "<@U9PBHQU3H> uploaded a file: <https:\/\/ingsw1718.slack.com\/files\/U9PBHQU3H\/FADR3LTEX\/definition_of_done__sprint_1_.txt|Definition of Done (Sprint 1).txt> and commented: Salvatevelo tutti e prima di fare una pull request, controllate che abbiate fatto tutto",
        "file": {
            "id": "FADR3LTEX",
            "created": 1524762560,
            "timestamp": 1524762560,
            "name": "Definition of Done (Sprint 1).txt",
            "title": "Definition of Done (Sprint 1).txt",
            "mimetype": "text\/plain",
            "filetype": "text",
            "pretty_type": "Plain Text",
            "user": "U9PBHQU3H",
            "editable": false,
            "size": 557,
            "mode": "hosted",
            "is_external": false,
            "external_type": "",
            "is_public": true,
            "public_url_shared": false,
            "display_as_bot": false,
            "username": "",
            "url_private": "https:\/\/files.slack.com\/files-pri\/T9BAB138B-FADR3LTEX\/definition_of_done__sprint_1_.txt?t=xoxe-317351037283-365207707586-364511306800-333c6acf63d6b69e07fd249ca7d3d9ee",
            "url_private_download": "https:\/\/files.slack.com\/files-pri\/T9BAB138B-FADR3LTEX\/download\/definition_of_done__sprint_1_.txt?t=xoxe-317351037283-365207707586-364511306800-333c6acf63d6b69e07fd249ca7d3d9ee",
            "permalink": "https:\/\/ingsw1718.slack.com\/files\/U9PBHQU3H\/FADR3LTEX\/definition_of_done__sprint_1_.txt",
            "permalink_public": "https:\/\/slack-files.com\/T9BAB138B-FADR3LTEX-6c8dc8c194",
            "channels": [],
            "groups": [],
            "ims": [],
            "comments_count": 1,
            "initial_comment": {
                "id": "FcADC02W4R",
                "created": 1524762560,
                "timestamp": 1524762560,
                "user": "U9PBHQU3H",
                "is_intro": true,
                "comment": "Salvatevelo tutti e prima di fare una pull request, controllate che abbiate fatto tutto"
            }
        },
        "user": "U9PBHQU3H",
        "upload": true,
        "display_as_bot": false,
        "username": "ambra.leila",
        "bot_id": null,
        "ts": "1524762562.000089"
    }
]