[
    {
        "type": "message",
        "user": "U9PBHQU3H",
        "text": "",
        "attachments": [
            {
                "fallback": "[May 7th, 2018 6:33 PM] filippo.lanubile: <!everyone> In vista dello Sprint 3 vi chiedo due cose:\n1. Nel file build.gradle, nelle opzioni di _pmd_ e poi _ruleSets_, dovete levare il commento a *java-coupling* in modo da abilitare questo controllo\n2. Create una directory \/build\/reports\/ dove mettere gli output dei tool automatici di controllo  qualità: CheckStyle, FindBugs e PMD\nPer lo sprint 2 non valuteremo questi output ma per ora ci serve capire che messaggi ricevete \nGrazie",
                "ts": "1525710824.000611",
                "author_id": "U9BD7NMPC",
                "author_subname": "Filippo",
                "channel_id": "C9APF813J",
                "channel_name": "general",
                "is_msg_unfurl": true,
                "text": "<!everyone> In vista dello Sprint 3 vi chiedo due cose:\n1. Nel file build.gradle, nelle opzioni di _pmd_ e poi _ruleSets_, dovete levare il commento a *java-coupling* in modo da abilitare questo controllo\n2. Create una directory \/build\/reports\/ dove mettere gli output dei tool automatici di controllo  qualità: CheckStyle, FindBugs e PMD\nPer lo sprint 2 non valuteremo questi output ma per ora ci serve capire che messaggi ricevete \nGrazie",
                "author_name": "Filippo",
                "author_link": "https:\/\/ingsw1718.slack.com\/team\/U9BD7NMPC",
                "author_icon": "https:\/\/avatars.slack-edge.com\/2018-03-12\/328399380067_c21cc81494b19032a666_48.jpg",
                "mrkdwn_in": [
                    "text"
                ],
                "color": "D0D0D0",
                "from_url": "https:\/\/ingsw1718.slack.com\/archives\/C9APF813J\/p1525710824000611",
                "is_share": true,
                "footer": "Posted in #general"
            }
        ],
        "ts": "1525710927.000357"
    },
    {
        "type": "message",
        "user": "U9PBHQU3H",
        "text": "<@U9N82V6JC> poi lo facciamo insieme",
        "client_msg_id": "402604b1-394a-47b2-8a29-b05b87c1f5c7",
        "ts": "1525710942.000078"
    }
]