[
    {
        "type": "message",
        "user": "U9NG44DUJ",
        "text": "<https:\/\/ingsw1718.slack.com\/files\/U9B126ZME\/FAQT10SNT\/test.zip>",
        "client_msg_id": "165fab27-eeff-4a00-816c-3e647c66b1ef",
        "ts": "1526369607.000311"
    },
    {
        "type": "message",
        "subtype": "file_share",
        "text": "<@U9NG44DUJ> uploaded a file: <https:\/\/ingsw1718.slack.com\/files\/U9NG44DUJ\/FAPK63B8U\/test.zip|test.zip>",
        "file": {
            "id": "FAPK63B8U",
            "created": 1526370001,
            "timestamp": 1526370001,
            "name": "test.zip",
            "title": "test.zip",
            "mimetype": "application\/zip",
            "filetype": "zip",
            "pretty_type": "Zip",
            "user": "U9NG44DUJ",
            "editable": false,
            "size": 78683,
            "mode": "hosted",
            "is_external": false,
            "external_type": "",
            "is_public": true,
            "public_url_shared": false,
            "display_as_bot": false,
            "username": "",
            "url_private": "https:\/\/files.slack.com\/files-pri\/T9BAB138B-FAPK63B8U\/test.zip?t=xoxe-317351037283-365207707586-364511306800-333c6acf63d6b69e07fd249ca7d3d9ee",
            "url_private_download": "https:\/\/files.slack.com\/files-pri\/T9BAB138B-FAPK63B8U\/download\/test.zip?t=xoxe-317351037283-365207707586-364511306800-333c6acf63d6b69e07fd249ca7d3d9ee",
            "permalink": "https:\/\/ingsw1718.slack.com\/files\/U9NG44DUJ\/FAPK63B8U\/test.zip",
            "permalink_public": "https:\/\/slack-files.com\/T9BAB138B-FAPK63B8U-ac16108c1a",
            "channels": [],
            "groups": [],
            "ims": [],
            "comments_count": 0
        },
        "user": "U9NG44DUJ",
        "upload": true,
        "display_as_bot": false,
        "username": "pierbale97",
        "bot_id": null,
        "ts": "1526370002.000245"
    },
    {
        "type": "message",
        "user": "U9NS9S2NQ",
        "text": "Dopo il review dovreste aprire degli issue di tipo _bug_ per ogni problema da risolvere. Se sono bug bloccanti, ovvero pregiudicano l'esecuzione delle user story dello sprint 2, dovete portarvi i bug nello sprint 2 e risolverli altrimenti li lasciate nel product backlog senza uno sprint. Dopo aver creato gli issue di tipo bug, potete chiudere lo sprint 1.",
        "ts": "1526374200.000006"
    },
    {
        "type": "message",
        "subtype": "file_share",
        "text": "<@U9NS9S2NQ> uploaded a file: <https:\/\/ingsw1718.slack.com\/files\/U9NS9S2NQ\/FAQAFS1S6\/case__-am.java|CASE: -am>",
        "file": {
            "id": "FAQAFS1S6",
            "created": 1526412963,
            "timestamp": 1526412963,
            "name": "CASE__-am.java",
            "title": "CASE: -am",
            "mimetype": "text\/plain",
            "filetype": "java",
            "pretty_type": "Java",
            "user": "U9NS9S2NQ",
            "editable": true,
            "size": 1203,
            "mode": "snippet",
            "is_external": false,
            "external_type": "",
            "is_public": true,
            "public_url_shared": false,
            "display_as_bot": false,
            "username": "",
            "url_private": "https:\/\/files.slack.com\/files-pri\/T9BAB138B-FAQAFS1S6\/case__-am.java?t=xoxe-317351037283-365207707586-364511306800-333c6acf63d6b69e07fd249ca7d3d9ee",
            "url_private_download": "https:\/\/files.slack.com\/files-pri\/T9BAB138B-FAQAFS1S6\/download\/case__-am.java?t=xoxe-317351037283-365207707586-364511306800-333c6acf63d6b69e07fd249ca7d3d9ee",
            "permalink": "https:\/\/ingsw1718.slack.com\/files\/U9NS9S2NQ\/FAQAFS1S6\/case__-am.java",
            "permalink_public": "https:\/\/slack-files.com\/T9BAB138B-FAQAFS1S6-d8254a7353",
            "edit_link": "https:\/\/ingsw1718.slack.com\/files\/U9NS9S2NQ\/FAQAFS1S6\/case__-am.java\/edit",
            "preview": "\t\tcase \"-am\" :        \r\n\t\t\t\/\/sna4slack -am <channel> path\/...\/name_file.zip    if you want to know the mentions of that channel\r\n\t\t\t\/\/sna4slack -am path\/...\/name_file.zip\tif you want to know all mentions\r\n\t\t\t\/\/all mentions of a workspace or mentions of a specific channel\r\n\r",
            "preview_highlight": "<div class=\"CodeMirror cm-s-default CodeMirrorServer\" oncopy=\"if(event.clipboardData){event.clipboardData.setData('text\/plain',window.getSelection().toString().replace(\/\\u200b\/g,''));event.preventDefault();event.stopPropagation();}\">\n<div class=\"CodeMirror-code\">\n<div><pre>\t\t<span class=\"cm-keyword\">case<\/span> <span class=\"cm-string\">&quot;-am&quot;<\/span> :        <\/pre><\/div>\n<div><pre>\t\t\t<span class=\"cm-comment\">\/\/sna4slack -am &lt;channel&gt; path\/...\/name_file.zip    if you want to know the mentions of that channel<\/span><\/pre><\/div>\n<div><pre>\t\t\t<span class=\"cm-comment\">\/\/sna4slack -am path\/...\/name_file.zip\tif you want to know all mentions<\/span><\/pre><\/div>\n<div><pre>\t\t\t<span class=\"cm-comment\">\/\/all mentions of a workspace or mentions of a specific channel<\/span><\/pre><\/div>\n<div><pre>&#8203;<\/pre><\/div>\n<\/div>\n<\/div>\n",
            "lines": 33,
            "lines_more": 28,
            "preview_is_truncated": true,
            "channels": [],
            "groups": [],
            "ims": [],
            "comments_count": 0
        },
        "user": "U9NS9S2NQ",
        "upload": true,
        "display_as_bot": false,
        "username": "mariobove3",
        "bot_id": null,
        "ts": "1526412963.000645"
    },
    {
        "type": "message",
        "subtype": "file_share",
        "text": "<@U9NS9S2NQ> uploaded a file: <https:\/\/ingsw1718.slack.com\/files\/U9NS9S2NQ\/FAR7AQGNA\/case__-amw.java|CASE: -amw> and commented: all mentions weight",
        "file": {
            "id": "FAR7AQGNA",
            "created": 1526413014,
            "timestamp": 1526413014,
            "name": "CASE__-amw.java",
            "title": "CASE: -amw",
            "mimetype": "text\/plain",
            "filetype": "java",
            "pretty_type": "Java",
            "user": "U9NS9S2NQ",
            "editable": true,
            "size": 1203,
            "mode": "snippet",
            "is_external": false,
            "external_type": "",
            "is_public": true,
            "public_url_shared": false,
            "display_as_bot": false,
            "username": "",
            "url_private": "https:\/\/files.slack.com\/files-pri\/T9BAB138B-FAR7AQGNA\/case__-amw.java?t=xoxe-317351037283-365207707586-364511306800-333c6acf63d6b69e07fd249ca7d3d9ee",
            "url_private_download": "https:\/\/files.slack.com\/files-pri\/T9BAB138B-FAR7AQGNA\/download\/case__-amw.java?t=xoxe-317351037283-365207707586-364511306800-333c6acf63d6b69e07fd249ca7d3d9ee",
            "permalink": "https:\/\/ingsw1718.slack.com\/files\/U9NS9S2NQ\/FAR7AQGNA\/case__-amw.java",
            "permalink_public": "https:\/\/slack-files.com\/T9BAB138B-FAR7AQGNA-f7f48f7620",
            "edit_link": "https:\/\/ingsw1718.slack.com\/files\/U9NS9S2NQ\/FAR7AQGNA\/case__-amw.java\/edit",
            "preview": "\t\tcase \"-amw\" :        \r\n\t\t\t\/\/sna4slack -am <channel> path\/...\/name_file.zip    if you want to know the mentions of that channel\r\n\t\t\t\/\/sna4slack -am path\/...\/name_file.zip\tif you want to know all mentions\r\n\t\t\t\/\/all mentions of a workspace or mentions of a specific channel\r\n\r",
            "preview_highlight": "<div class=\"CodeMirror cm-s-default CodeMirrorServer\" oncopy=\"if(event.clipboardData){event.clipboardData.setData('text\/plain',window.getSelection().toString().replace(\/\\u200b\/g,''));event.preventDefault();event.stopPropagation();}\">\n<div class=\"CodeMirror-code\">\n<div><pre>\t\t<span class=\"cm-keyword\">case<\/span> <span class=\"cm-string\">&quot;-amw&quot;<\/span> :        <\/pre><\/div>\n<div><pre>\t\t\t<span class=\"cm-comment\">\/\/sna4slack -am &lt;channel&gt; path\/...\/name_file.zip    if you want to know the mentions of that channel<\/span><\/pre><\/div>\n<div><pre>\t\t\t<span class=\"cm-comment\">\/\/sna4slack -am path\/...\/name_file.zip\tif you want to know all mentions<\/span><\/pre><\/div>\n<div><pre>\t\t\t<span class=\"cm-comment\">\/\/all mentions of a workspace or mentions of a specific channel<\/span><\/pre><\/div>\n<div><pre>&#8203;<\/pre><\/div>\n<\/div>\n<\/div>\n",
            "lines": 33,
            "lines_more": 28,
            "preview_is_truncated": true,
            "channels": [],
            "groups": [],
            "ims": [],
            "comments_count": 1,
            "initial_comment": {
                "id": "FcAQ7KA259",
                "created": 1526413014,
                "timestamp": 1526413014,
                "user": "U9NS9S2NQ",
                "is_intro": true,
                "comment": "all mentions weight"
            }
        },
        "user": "U9NS9S2NQ",
        "upload": true,
        "display_as_bot": false,
        "username": "mariobove3",
        "bot_id": null,
        "ts": "1526413014.000551"
    }
]