[
    {
        "type": "message",
        "user": "U9NJ3PL4D",
        "text": "<https:\/\/javadoc.io\/doc\/javax.json\/javax.json-api\/1.1.2>",
        "ts": "1524565861.000479"
    },
    {
        "type": "message",
        "user": "U9NJ3PL4D",
        "text": "Javadoc della libreria",
        "ts": "1524565875.000365"
    },
    {
        "type": "message",
        "user": "U9QSZKZ8B",
        "text": "Questo è quello che abbiamo caricato anche su git ?",
        "client_msg_id": "b73d6122-4c6d-4cc3-91b3-144a7ec906eb",
        "ts": "1524566193.000388"
    },
    {
        "type": "message",
        "user": "U9NJ3PL4D",
        "text": "si",
        "ts": "1524567077.000387"
    },
    {
        "type": "message",
        "user": "U9NJ3PL4D",
        "text": "Ho assegnato le userstory ad ognuno, fate dei branch del tipo userstory#NUMERO_ISSUE e lavorate su quelli, poi facciamo i merge",
        "ts": "1524567216.000485"
    },
    {
        "type": "message",
        "user": "U9NJ3PL4D",
        "text": "stavamo valutando io e michele se inserire il workspace in una cartella del progetto, alla fine occupa pochi KB",
        "ts": "1524567302.000111"
    },
    {
        "type": "message",
        "user": "U9NJ3PL4D",
        "text": "a pomeriggio cerco di fare un push su master in modo tale da averlo tutti, ditemi se siete d'accordo",
        "ts": "1524567345.000334"
    },
    {
        "type": "message",
        "user": "U9QSZKZ8B",
        "text": "Dici tutto ciò che è stato esportato da slack ?",
        "client_msg_id": "7f9cf77b-eff0-4254-827c-b86f5d03fae0",
        "ts": "1524567586.000343"
    },
    {
        "type": "message",
        "user": "U9NJ3PL4D",
        "text": "esatto",
        "ts": "1524567591.000358"
    },
    {
        "type": "message",
        "user": "U9QSZKZ8B",
        "text": "Per me va bene",
        "client_msg_id": "452ef393-1a6c-4f81-b8e6-ecfceb1c8629",
        "ts": "1524567682.000150"
    },
    {
        "type": "message",
        "user": "U9NJ3PL4D",
        "text": "va bene, a pomeriggio faccio un push, creo una cartella \"workspace\" all'interno di \"\\res\"",
        "ts": "1524567749.000309"
    },
    {
        "type": "message",
        "user": "U9QSZKZ8B",
        "text": "Non è più necessario",
        "client_msg_id": "77b332fe-704c-41ba-8cf1-fc33cf13113c",
        "ts": "1524573679.000015"
    },
    {
        "type": "message",
        "user": "U9NJ3PL4D",
        "text": "Ho letto quello che ha scritto lanubile, ma a questo punto va bene lo stesso no? Al posto di caricare la cartella carichiamo direttamente lo zip",
        "client_msg_id": "96ab38b2-24a8-4e4f-bcfa-a1da660a52ed",
        "ts": "1524573831.000078"
    },
    {
        "type": "message",
        "user": "U9P21SKA6",
        "text": "Ora ho letto",
        "ts": "1524574418.000516"
    },
    {
        "type": "message",
        "user": "U9P21SKA6",
        "text": "Praticamente dobbiamo dare in input al programma il file .zip",
        "ts": "1524574472.000351"
    },
    {
        "type": "message",
        "user": "U9NJ3PL4D",
        "text": "Si",
        "client_msg_id": "29f80911-ac10-4b9b-8e51-90cc50bee094",
        "ts": "1524575236.000542"
    },
    {
        "type": "message",
        "user": "U9NJ3PL4D",
        "text": "Ora sono al pc, metto nel progetto il zip del workspace",
        "client_msg_id": "6222b280-5c08-491e-8088-cc5d003b2028",
        "ts": "1524575262.000238"
    },
    {
        "type": "message",
        "user": "U9NJ3PL4D",
        "text": "aggiunto, ora se fate un pull avete tutti il file zip nella cartella res\/",
        "ts": "1524575634.000465"
    },
    {
        "type": "message",
        "user": "U9NJ3PL4D",
        "text": "Sto aggiungendo il task su github per la libreria che eseguel'unzip",
        "ts": "1524576058.000785"
    },
    {
        "type": "message",
        "user": "U9NJ3PL4D",
        "text": "Credo di averla trovata, vi faccio un push e ve la metto in \/lib",
        "ts": "1524576263.000714"
    },
    {
        "type": "message",
        "user": "U9NJ3PL4D",
        "text": "fatto",
        "ts": "1524576424.000498"
    },
    {
        "type": "message",
        "user": "U9NSRGFQU",
        "text": "ho fatto il pull ma non mi compaiono i file zip",
        "ts": "1524576671.000262"
    },
    {
        "type": "message",
        "user": "U9NJ3PL4D",
        "text": "devi fare il refresh del progetto",
        "ts": "1524576698.000314"
    },
    {
        "type": "message",
        "user": "U9NSRGFQU",
        "text": "l'ho anche fatto",
        "ts": "1524576773.000590"
    },
    {
        "type": "message",
        "user": "U9NJ3PL4D",
        "text": "Ho provato la libreria dell'unzip e funziona, cerco di implementarla nel codice, faccio un branch, provo e poi faccio un merge",
        "ts": "1524577557.000322"
    },
    {
        "type": "message",
        "user": "U9P21SKA6",
        "text": "giaci cosa hai fatto?",
        "ts": "1524577608.000407"
    },
    {
        "type": "message",
        "user": "U9P21SKA6",
        "text": "stai implementando tu un metodo che decomprime?",
        "ts": "1524577633.000018"
    },
    {
        "type": "message",
        "user": "U9P21SKA6",
        "text": "allora io lavoro solo sul task che avevamo detto stamattina, cioè quello di stampare i Members e quindi inizio a vedere le librerie di json",
        "ts": "1524577815.000068"
    },
    {
        "type": "message",
        "user": "U9NJ3PL4D",
        "text": "okok, comunque si funziona la decompressione",
        "ts": "1524577960.000189"
    },
    {
        "type": "message",
        "user": "U9NJ3PL4D",
        "text": "Raga le classi fatele nel package it.uniba.main non create un package default come stamattina",
        "client_msg_id": "687aef67-a534-4311-9686-3b11428c8ac8",
        "ts": "1524579713.000870"
    },
    {
        "type": "message",
        "user": "U9NJ3PL4D",
        "text": "Quindi <@U9NSRGFQU> la classe che stai sviluppando devi farla nel package che ho appena detto, di conseguenza elimini il package default e ricrei la classe lí",
        "client_msg_id": "ce5d95c8-43cc-4278-abba-895f53434416",
        "ts": "1524579778.000236"
    },
    {
        "type": "message",
        "user": "U9NSRGFQU",
        "text": "va bene giaci",
        "ts": "1524579808.000002"
    },
    {
        "type": "message",
        "user": "U9NJ3PL4D",
        "text": "Tutto questo perché l'applicazione parte dal main in quel package",
        "client_msg_id": "64820a0a-b672-446a-8a22-019cac0f6f42",
        "ts": "1524579817.000672"
    },
    {
        "type": "message",
        "user": "U9NJ3PL4D",
        "text": "Non in altri",
        "client_msg_id": "11b9e50e-d09f-4155-ba07-ceda4b3449af",
        "ts": "1524579823.000451"
    },
    {
        "type": "message",
        "user": "U9P21SKA6",
        "text": "si giaci",
        "ts": "1524580377.000489"
    },
    {
        "type": "message",
        "user": "U9P21SKA6",
        "text": "l avevo dato per scontato",
        "ts": "1524580383.000688"
    },
    {
        "type": "message",
        "user": "U9P21SKA6",
        "text": "comunque sappiate che probabilmente cambieremo il file .jar di JASON",
        "ts": "1524580414.000864"
    },
    {
        "type": "message",
        "user": "U9P21SKA6",
        "text": "tra poco vi dico",
        "ts": "1524580419.001012"
    },
    {
        "type": "message",
        "user": "U9NJ3PL4D",
        "text": "Va bene facci sapere",
        "client_msg_id": "b96206a4-73b9-4603-a480-9683c9ceeb6e",
        "ts": "1524580452.000172"
    },
    {
        "type": "message",
        "user": "U9P21SKA6",
        "text": "ora sto provando sul file non zippato",
        "ts": "1524580501.000325"
    },
    {
        "type": "message",
        "user": "U9P21SKA6",
        "text": "cioè ho preso il file .json e sto dando direttamente quello in input",
        "ts": "1524580518.000372"
    },
    {
        "type": "message",
        "user": "U9NJ3PL4D",
        "text": "Okok, comunque poi ripulite il main quando finite di fare le prove, poi lo popoliamo quando finiamo di fare tutte le userstory",
        "client_msg_id": "93ee1787-b55e-4823-84dd-444b5a1abb18",
        "ts": "1524580586.000607"
    },
    {
        "type": "message",
        "user": "U9P21SKA6",
        "text": "sisi",
        "ts": "1524580595.000586"
    },
    {
        "type": "message",
        "user": "U9NJ3PL4D",
        "text": "Caricate solo le classi",
        "client_msg_id": "816011aa-a0c4-41e9-8634-a8bc1318b922",
        "ts": "1524580600.000014"
    },
    {
        "type": "message",
        "user": "U9P21SKA6",
        "text": "allora",
        "ts": "1524582114.000087"
    },
    {
        "type": "message",
        "user": "U9P21SKA6",
        "text": "su locale me lo fa",
        "ts": "1524582118.001015"
    },
    {
        "type": "message",
        "user": "U9P21SKA6",
        "text": "ora ho bisogno di capire delle cose",
        "ts": "1524582128.000946"
    },
    {
        "type": "message",
        "user": "U9P21SKA6",
        "text": "col fatto della compressione dobbiamo passargli il file users.json",
        "ts": "1524582162.000107"
    },
    {
        "type": "message",
        "user": "U9NJ3PL4D",
        "text": "io ho appena finito di fare la classe Unzipper e soddisfa i criteri, quindi restituisce in \/res\/workspace il contenuto dello zip",
        "ts": "1524582757.000594"
    },
    {
        "type": "message",
        "user": "U9P21SKA6",
        "text": "io sto facendo dei test",
        "ts": "1524582931.000446"
    },
    {
        "type": "message",
        "user": "U9P21SKA6",
        "text": "benissimo",
        "ts": "1524582939.000796"
    },
    {
        "type": "message",
        "user": "U9NJ3PL4D",
        "text": "Ho fatto un merge sul master ora avete anche voi la classe per fare l'unzip",
        "ts": "1524584246.000144"
    },
    {
        "type": "message",
        "user": "U9P21SKA6",
        "text": "giaci",
        "ts": "1524584543.000698"
    },
    {
        "type": "message",
        "user": "U9NJ3PL4D",
        "text": "dimmi",
        "ts": "1524584578.000115"
    },
    {
        "type": "message",
        "user": "U9P21SKA6",
        "text": "vai su wa",
        "ts": "1524584591.000856"
    },
    {
        "type": "message",
        "user": "U9P21SKA6",
        "text": "dove si trova la classe per l'unzip? non la trovo",
        "ts": "1524586715.000129"
    },
    {
        "type": "message",
        "user": "U9P21SKA6",
        "text": "trovata",
        "ts": "1524586804.000486"
    },
    {
        "type": "message",
        "user": "U9NJ3PL4D",
        "text": "Ragazzi ho fatto dei test per capire come usare bene i branch e le pull request quindi:\n\n- create il e spostatevi sul branch con: git checkout -b &lt;nome_branch&gt; (esempio nome branch: userstory#1)\n- fate le vostre modifiche sui vostri file e il vostro codice in eclipse\n- aggiungete su git alla staging area con: git add &lt;vostri_files_modificati&gt;\n- fate un commit delle cose aggiunte\n- per aggiornare e creare il branch anche su GitHub (perchè all'inizio avrete il branch solo in locale) fate: git push origin &lt;nome_branch&gt; \n- per aggiornare fate: git fetch origin\n- Quando avete finito di fare i vostri commit e avete terminato il vostro lavoro andate su GitHub e APRITE UNA PULL REQUEST in modo tale da far vedere agli altri se va bene quello che è stato fatto, se tutti sono d'accordo si fa il merge della pull request DA GITHUB, infine si può eliminare il branch sia da GitHub che da Git, dato che non servirà più avendo fatto il merge sul master.",
        "edited": {
            "user": "U9NJ3PL4D",
            "ts": "1524592604.000000"
        },
        "ts": "1524586886.000432"
    },
    {
        "type": "message",
        "subtype": "pinned_item",
        "user": "U9NJ3PL4D",
        "item_type": "C",
        "attachments": [
            {
                "fallback": "[April 24th, 2018 9:21 AM] giacinto1996: Ragazzi ho fatto dei test per capire come usare bene i branch e le pull request quindi:\n\n- create il e spostatevi sul branch con: git checkout -b &lt;nome_branch&gt; (esempio nome branch: userstory#1)\n- fate le vostre modifiche sui vostri file e il vostro codice in eclipse\n- aggiungete su git alla staging area con: git add &lt;vostri_files_modificati&gt;\n- fate un commit delle cose aggiunte\n- per aggiornare e creare il branch anche su GitHub (perchè all'inizio avrete il branch solo in locale) fate: git push origin &lt;nome_branch&gt; \n- per aggiornare fate: git fetch origin\n- Quando avete finito di fare i vostri commit e avete terminato il vostro lavoro andate su GitHub e APRITE UNA PULL REQUEST in modo tale da far vedere agli altri se va bene quello che è stato fatto, se tutti sono d'accordo si fa il merge della pull request DA GITHUB, infine si può eliminare il branch sia da GitHub che da Git, dato che non servirà più avendo fatto il merge sul master.",
                "ts": "1524586886.000432",
                "author_id": "U9NJ3PL4D",
                "author_subname": "Giacinto Carlucci",
                "channel_id": "C9NCNQ21H",
                "channel_name": "perlis",
                "is_msg_unfurl": true,
                "text": "Ragazzi ho fatto dei test per capire come usare bene i branch e le pull request quindi:\n\n- create il e spostatevi sul branch con: git checkout -b &lt;nome_branch&gt; (esempio nome branch: userstory#1)\n- fate le vostre modifiche sui vostri file e il vostro codice in eclipse\n- aggiungete su git alla staging area con: git add &lt;vostri_files_modificati&gt;\n- fate un commit delle cose aggiunte\n- per aggiornare e creare il branch anche su GitHub (perchè all'inizio avrete il branch solo in locale) fate: git push origin &lt;nome_branch&gt; \n- per aggiornare fate: git fetch origin\n- Quando avete finito di fare i vostri commit e avete terminato il vostro lavoro andate su GitHub e APRITE UNA PULL REQUEST in modo tale da far vedere agli altri se va bene quello che è stato fatto, se tutti sono d'accordo si fa il merge della pull request DA GITHUB, infine si può eliminare il branch sia da GitHub che da Git, dato che non servirà più avendo fatto il merge sul master.",
                "author_name": "Giacinto Carlucci",
                "author_link": "https:\/\/ingsw1718.slack.com\/team\/U9NJ3PL4D",
                "author_icon": "https:\/\/avatars.slack-edge.com\/2018-03-12\/327889182272_dafc1aecfc26e14e43df_48.jpg",
                "mrkdwn_in": [
                    "text"
                ],
                "from_hidden_wksp": false
            }
        ],
        "text": "<@U9NJ3PL4D> pinned a message to this channel.",
        "ts": "1524586896.000415"
    },
    {
        "type": "message",
        "user": "U9NJ3PL4D",
        "text": "questa procedura la trovate tra i pinned items, subito sotto il nome <#C9NCNQ21H|perlis> di questo canale c'è l'icona",
        "ts": "1524586953.000562"
    },
    {
        "type": "message",
        "user": "U9P21SKA6",
        "text": "sto facendo il codice",
        "ts": "1524587006.000477"
    },
    {
        "type": "message",
        "user": "U9P21SKA6",
        "text": "appena finisco leggo",
        "ts": "1524587016.000013"
    },
    {
        "type": "message",
        "user": "U9NJ3PL4D",
        "text": "Okok",
        "client_msg_id": "fb20c644-9c03-4bd6-ab41-e93dcf5ab533",
        "ts": "1524587372.000535"
    },
    {
        "type": "message",
        "user": "U9P21SKA6",
        "text": "qual'è il percorso del file zippato?",
        "ts": "1524587399.000281"
    },
    {
        "type": "message",
        "user": "U9P21SKA6",
        "text": "cioè quel'è il percorso del file users.json dopo che l'abbiamo unzippato=",
        "ts": "1524587432.000704"
    },
    {
        "type": "message",
        "subtype": "file_share",
        "text": "<@U9NJ3PL4D> uploaded a file: <https:\/\/ingsw1718.slack.com\/files\/U9NJ3PL4D\/FACJ0PSQ3\/data.java|Data.java> and commented: Ragazzi leggetelo, ho creato delle direttive per risolvere le userstory, ci baseremo su questo file, ognuno programma il metodo relativo alla userstory che deve fare quindi <@U9P21SKA6> devi cancellare i branch che hai creato ieri perchè non vanno bene",
        "file": {
            "id": "FACJ0PSQ3",
            "created": 1524638555,
            "timestamp": 1524638555,
            "name": "Data.java",
            "title": "Data.java",
            "mimetype": "text\/plain",
            "filetype": "java",
            "pretty_type": "Java",
            "user": "U9NJ3PL4D",
            "editable": true,
            "size": 2209,
            "mode": "snippet",
            "is_external": false,
            "external_type": "",
            "is_public": true,
            "public_url_shared": false,
            "display_as_bot": false,
            "username": "",
            "url_private": "https:\/\/files.slack.com\/files-pri\/T9BAB138B-FACJ0PSQ3\/data.java?t=xoxe-317351037283-365207707586-364511306800-333c6acf63d6b69e07fd249ca7d3d9ee",
            "url_private_download": "https:\/\/files.slack.com\/files-pri\/T9BAB138B-FACJ0PSQ3\/download\/data.java?t=xoxe-317351037283-365207707586-364511306800-333c6acf63d6b69e07fd249ca7d3d9ee",
            "permalink": "https:\/\/ingsw1718.slack.com\/files\/U9NJ3PL4D\/FACJ0PSQ3\/data.java",
            "permalink_public": "https:\/\/slack-files.com\/T9BAB138B-FACJ0PSQ3-b889c57c12",
            "edit_link": "https:\/\/ingsw1718.slack.com\/files\/U9NJ3PL4D\/FACJ0PSQ3\/data.java\/edit",
            "preview": "\/*\nBisogna strutturare in modo diverso la classe, avere classi separate come ReadMembers e ReadChannels significa avere oggetti separati che fanno solo una cosa,\ne non possiamo avere tanti oggetti quante sono le funzionalità richieste.\n\nHo pensato di scrivere le funzionalità come metodi della classe Data piuttosto di creare tante classi, quindi avremo una classe in linea di massima così composta:",
            "preview_highlight": "<div class=\"CodeMirror cm-s-default CodeMirrorServer\" oncopy=\"if(event.clipboardData){event.clipboardData.setData('text\/plain',window.getSelection().toString().replace(\/\\u200b\/g,''));event.preventDefault();event.stopPropagation();}\">\n<div class=\"CodeMirror-code\">\n<div><pre><span class=\"cm-comment\">\/*<\/span><\/pre><\/div>\n<div><pre><span class=\"cm-comment\">Bisogna strutturare in modo diverso la classe, avere classi separate come ReadMembers e ReadChannels significa avere oggetti separati che fanno solo una cosa,<\/span><\/pre><\/div>\n<div><pre><span class=\"cm-comment\">e non possiamo avere tanti oggetti quante sono le funzionalità richieste.<\/span><\/pre><\/div>\n<div><pre>&#8203;<\/pre><\/div>\n<div><pre><span class=\"cm-comment\">Ho pensato di scrivere le funzionalità come metodi della classe Data piuttosto di creare tante classi, quindi avremo una classe in linea di massima così composta:<\/span><\/pre><\/div>\n<\/div>\n<\/div>\n",
            "lines": 54,
            "lines_more": 49,
            "preview_is_truncated": true,
            "channels": [],
            "groups": [],
            "ims": [],
            "comments_count": 1,
            "initial_comment": {
                "id": "FcAC0H07CY",
                "created": 1524638555,
                "timestamp": 1524638555,
                "user": "U9NJ3PL4D",
                "is_intro": true,
                "comment": "Ragazzi leggetelo, ho creato delle direttive per risolvere le userstory, ci baseremo su questo file, ognuno programma il metodo relativo alla userstory che deve fare quindi <@U9P21SKA6> devi cancellare i branch che hai creato ieri perchè non vanno bene"
            }
        },
        "user": "U9NJ3PL4D",
        "upload": true,
        "display_as_bot": false,
        "username": "giacinto1996",
        "bot_id": null,
        "ts": "1524638556.000165"
    },
    {
        "type": "message",
        "user": "U9NJ3PL4D",
        "text": "<@U9NSRGFQU> ieri ho visto nel tuo branch che non hai eliminato il vecchio Help.java che non era nel pakage desiderato, vedi che puoi fare",
        "ts": "1524638632.000216"
    },
    {
        "type": "message",
        "user": "U9NJ3PL4D",
        "text": "<@U9QSZKZ8B> Siamo lenti, mi serve una mano da chi ha un pò più dimestichezza come te",
        "ts": "1524638718.000088"
    },
    {
        "type": "message",
        "user": "U9NJ3PL4D",
        "text": "Oggi è \"festa\"",
        "ts": "1524638744.000341"
    },
    {
        "type": "message",
        "user": "U9NJ3PL4D",
        "text": "quindi non mi aspetto che sia fatto tutto oggi",
        "ts": "1524638766.000119"
    },
    {
        "type": "message",
        "user": "U9NJ3PL4D",
        "text": "però almeno leggete e capite il file che vi ho mandato, documentatevi un pò, pensate a delle implementazioni e appuntatele",
        "ts": "1524638822.000180"
    },
    {
        "type": "message",
        "user": "U9QSZKZ8B",
        "text": "Datemi una mezz'oretta e sarò operativo",
        "client_msg_id": "6340b1d0-4ab8-4c2f-9b05-7001bdeb6a93",
        "ts": "1524638855.000270",
        "reactions": [
            {
                "name": "+1",
                "users": [
                    "U9NJ3PL4D"
                ],
                "count": 1
            }
        ]
    }
]