[
    {
        "type": "message",
        "subtype": "file_share",
        "text": "<@U9NJ3PL4D> uploaded a file: <https:\/\/ingsw1718.slack.com\/files\/U9NJ3PL4D\/FANM80202\/gradletut.docx|GradleTut.docx> and commented: Vi ho fatto un documento con le immagini",
        "file": {
            "id": "FANM80202",
            "created": 1526120660,
            "timestamp": 1526120660,
            "name": "GradleTut.docx",
            "title": "GradleTut.docx",
            "mimetype": "application\/vnd.openxmlformats-officedocument.wordprocessingml.document",
            "filetype": "docx",
            "pretty_type": "Word Document",
            "user": "U9NJ3PL4D",
            "editable": false,
            "size": 457994,
            "mode": "hosted",
            "is_external": false,
            "external_type": "",
            "is_public": true,
            "public_url_shared": false,
            "display_as_bot": false,
            "username": "",
            "url_private": "https:\/\/files.slack.com\/files-pri\/T9BAB138B-FANM80202\/gradletut.docx?t=xoxe-317351037283-365207707586-364511306800-333c6acf63d6b69e07fd249ca7d3d9ee",
            "url_private_download": "https:\/\/files.slack.com\/files-pri\/T9BAB138B-FANM80202\/download\/gradletut.docx?t=xoxe-317351037283-365207707586-364511306800-333c6acf63d6b69e07fd249ca7d3d9ee",
            "permalink": "https:\/\/ingsw1718.slack.com\/files\/U9NJ3PL4D\/FANM80202\/gradletut.docx",
            "permalink_public": "https:\/\/slack-files.com\/T9BAB138B-FANM80202-70a957e2de",
            "channels": [],
            "groups": [],
            "ims": [],
            "comments_count": 1,
            "initial_comment": {
                "id": "FcANEK0NQ4",
                "created": 1526120660,
                "timestamp": 1526120660,
                "user": "U9NJ3PL4D",
                "is_intro": true,
                "comment": "Vi ho fatto un documento con le immagini"
            }
        },
        "user": "U9NJ3PL4D",
        "upload": true,
        "display_as_bot": false,
        "username": "giacinto1996",
        "bot_id": null,
        "ts": "1526120661.000005"
    },
    {
        "type": "message",
        "user": "U9NJ3PL4D",
        "text": "Ho creato su GitHub delle label chiamate 'checkstyle' e 'pmd'\nCreate delle issue con queste label chiamate per esempio *&lt;nome_classe&gt; checkstylefix#1* e per la risoluzione create dei branch del tipo *checkstylefix#1* riferendovi con *#* al numero della issue che vi appartiene.\n\n*NUOVA REGOLA:*\nOgni volta che sviluppate una feature o che modificate del codice, prima di pusharlo bisogna fare un test gradle e risolvere gli errori indicati, in questo modo avremo sempre codice pulito e non sporcheremo il repository remoto.\n\n*CONSIGLIO:*\nLa maggior parte degli errori di checkstyle sono errori di formattazione, eclipse ha una scorciatoia che formatta gran parte del codice in maniera corretta eliminando molti errori checkstyle in un solo colpo.\nPer usarla selezionate tutto il codice della pagina in cui vi trovate premendo *CTRL + A* e formattatelo usando *CTRL + SHIFT + F*",
        "ts": "1526145941.000107"
    },
    {
        "type": "message",
        "user": "U9NJ3PL4D",
        "text": "Per il momento lasciamo stare la risoluzione degli errori del main, tanto lo cambieremo",
        "ts": "1526145977.000084"
    },
    {
        "type": "message",
        "user": "U9NJ3PL4D",
        "text": "Ragazzi in checkstyle l'errore [HiddenVariable] è un avviso che ci dice che state facendo shadowing, ovvero per esempio avete un metodo set che avvalora un membro della vostra classe e il parametro di input di questo set si chiama come il membro della classe, molti programmatori per convenzione aggiungono 'p' all'inizio del nome del parametro, faremo così, questo elimina l'errore",
        "client_msg_id": "a2ae1b58-9090-4f33-be12-c3bf162c5bba",
        "ts": "1526148664.000084"
    }
]