[
    {
        "user": "U9BD7NMPC",
        "text": "<@U9BD7NMPC> has joined the channel",
        "type": "message",
        "subtype": "channel_join",
        "ts": "1525361927.000030"
    },
    {
        "user": "U9BD7NMPC",
        "purpose": "Qui potete sollevare obiezioni sulle review dello sprint",
        "text": "<@U9BD7NMPC> set the channel purpose: Qui potete sollevare obiezioni sulle review dello sprint",
        "type": "message",
        "subtype": "channel_purpose",
        "ts": "1525361927.000598"
    },
    {
        "user": "U9N8CNHK2",
        "inviter": "U9BD7NMPC",
        "text": "<@U9N8CNHK2> has joined the channel",
        "type": "message",
        "subtype": "channel_join",
        "ts": "1525361927.000620"
    },
    {
        "user": "U9CDZPXLN",
        "inviter": "U9BD7NMPC",
        "text": "<@U9CDZPXLN> has joined the channel",
        "type": "message",
        "subtype": "channel_join",
        "ts": "1525361927.000680"
    },
    {
        "user": "U9NCCC059",
        "inviter": "U9BD7NMPC",
        "text": "<@U9NCCC059> has joined the channel",
        "type": "message",
        "subtype": "channel_join",
        "ts": "1525361927.000872"
    },
    {
        "user": "U9B126ZME",
        "inviter": "U9BD7NMPC",
        "text": "<@U9B126ZME> has joined the channel",
        "type": "message",
        "subtype": "channel_join",
        "ts": "1525361927.000909"
    },
    {
        "user": "U9NAWQD7B",
        "text": "<@U9NAWQD7B> has joined the channel",
        "type": "message",
        "subtype": "channel_join",
        "ts": "1525362299.000646"
    },
    {
        "user": "U9P5NTBML",
        "text": "<@U9P5NTBML> has joined the channel",
        "type": "message",
        "subtype": "channel_join",
        "ts": "1525362497.000894"
    },
    {
        "user": "U9PP54E4D",
        "text": "<@U9PP54E4D> has joined the channel",
        "type": "message",
        "subtype": "channel_join",
        "ts": "1525362540.000207"
    },
    {
        "user": "U9NS9S2NQ",
        "text": "<@U9NS9S2NQ> has joined the channel",
        "type": "message",
        "subtype": "channel_join",
        "ts": "1525362566.000375"
    },
    {
        "user": "U9NBB7P4K",
        "text": "<@U9NBB7P4K> has joined the channel",
        "type": "message",
        "subtype": "channel_join",
        "ts": "1525362575.000065"
    },
    {
        "user": "U9N7WANGG",
        "text": "<@U9N7WANGG> has joined the channel",
        "type": "message",
        "subtype": "channel_join",
        "ts": "1525362591.000814"
    },
    {
        "type": "message",
        "user": "U9NS9S2NQ",
        "text": "Salve professore , potrebbe spiegare meglio tale errore:\n1. E' impossibile stabilire una corrispondenza tra le pull request e le user story.",
        "client_msg_id": "56a4f2bc-10a4-4a89-8645-48725f7fed9e",
        "ts": "1525362594.000664"
    },
    {
        "user": "U9NAWRB2Q",
        "text": "<@U9NAWRB2Q> has joined the channel",
        "type": "message",
        "subtype": "channel_join",
        "ts": "1525362594.000702"
    },
    {
        "user": "U9MUU9N57",
        "text": "<@U9MUU9N57> has joined the channel",
        "type": "message",
        "subtype": "channel_join",
        "ts": "1525362628.000567"
    },
    {
        "type": "message",
        "user": "U9BD7NMPC",
        "text": "<!channel> Facciamo che ci dite a quale gruppo appartenete?",
        "ts": "1525362633.000643"
    },
    {
        "type": "message",
        "user": "U9NS9S2NQ",
        "text": "Rivest",
        "client_msg_id": "df4e2959-91fa-40c4-85d1-769f36d8823f",
        "ts": "1525362655.000168"
    },
    {
        "type": "message",
        "user": "U9BD7NMPC",
        "text": "Se le PR sono 16 e le user story sono 5 questo è un primo problema. Se poi leggo una PR che si chiama update and fixes for sna4slack inizio a preoccuparmi. Forse sono stato troppo generoso. Se insiste ritocco il voto verso il basso",
        "ts": "1525362808.000638"
    },
    {
        "user": "U9NBUHYJF",
        "text": "<@U9NBUHYJF> has joined the channel",
        "type": "message",
        "subtype": "channel_join",
        "ts": "1525363053.000508"
    },
    {
        "user": "U9P0XUJ4D",
        "text": "<@U9P0XUJ4D> has joined the channel",
        "type": "message",
        "subtype": "channel_join",
        "ts": "1525363092.000462"
    },
    {
        "type": "message",
        "user": "U9NS9S2NQ",
        "text": "Ok la ringrazio professore",
        "client_msg_id": "595ec934-4981-456a-8783-0c27ed07e1bc",
        "ts": "1525363124.000412"
    },
    {
        "user": "U9QLDMNDV",
        "text": "<@U9QLDMNDV> has joined the channel",
        "type": "message",
        "subtype": "channel_join",
        "ts": "1525363193.000658"
    },
    {
        "user": "U9NQRSU7M",
        "text": "<@U9NQRSU7M> has joined the channel",
        "type": "message",
        "subtype": "channel_join",
        "ts": "1525363257.000480"
    },
    {
        "user": "U9NG44DUJ",
        "text": "<@U9NG44DUJ> has joined the channel",
        "type": "message",
        "subtype": "channel_join",
        "ts": "1525363262.000931"
    },
    {
        "user": "U9NGE229G",
        "text": "<@U9NGE229G> has joined the channel",
        "type": "message",
        "subtype": "channel_join",
        "ts": "1525363325.000555"
    },
    {
        "user": "U9MML6PLG",
        "text": "<@U9MML6PLG> has joined the channel",
        "type": "message",
        "subtype": "channel_join",
        "ts": "1525363415.000960"
    },
    {
        "type": "message",
        "user": "U9PNL8V9U",
        "text": "Team <#C9PNPP91U|reddy>\n1. il comando 'members' (user story relativa alla lista dei membri del workspace) legge solo il primo iscritto e poi restituisce un errore di lettura sul json. \n2. il comando 'teamwiev' legge il primo team e poi restituisce lo stesso errore di lettura del json rilevato al punto 1\n\nAbbiamo ri-testato tutto per sicurezza e questo problema non avviene su nessuna delle macchine dei 4 componenti del team. Abbiamo testato sia il codice su Eclipse che l'immagine su Docker e abbiamo testato sia il vecchio Workspace che quello caricato oggi. Per evitare sospetti su fix del codice post-consegna abbiamo evitato di fare modifiche anche riguardanti lo Sprint 2",
        "ts": "1525363905.000030"
    },
    {
        "type": "message",
        "user": "U9NSNMBMG",
        "text": "Team <#C9PCTK26A|shamir>, abbiamo letto il commento dello Sprint 1 e di conseguenza provato con dataset diversi, su docker e a noi risulta funzionare tutto cambiando appositamente i path",
        "edited": {
            "user": "U9NSNMBMG",
            "ts": "1525364153.000000"
        },
        "ts": "1525364023.000653"
    },
    {
        "type": "message",
        "user": "U9BD7NMPC",
        "text": "<@U9PNL8V9U> qualcuno del vostro gruppo venga entro le 19:30",
        "thread_ts": "1525364104.000678",
        "reply_count": 1,
        "replies": [
            {
                "user": "U9PNL8V9U",
                "ts": "1525364143.000528"
            }
        ],
        "unread_count": 1,
        "ts": "1525364104.000678"
    },
    {
        "type": "message",
        "user": "U9PNL8V9U",
        "text": "Arrivo io in 10 minuti. In che aula? ",
        "client_msg_id": "2124B994-022B-4E08-A2F8-1E5B6249DAFA",
        "thread_ts": "1525364104.000678",
        "parent_user_id": "U9BD7NMPC",
        "ts": "1525364143.000528"
    },
    {
        "type": "message",
        "user": "U9BD7NMPC",
        "text": "sesto piano mio ufficio",
        "ts": "1525364154.000538"
    },
    {
        "type": "message",
        "user": "U9BD7NMPC",
        "text": "<!channel> si accettano reclami solo se fatti entro mezzanotte di oggi :slightly_smiling_face:",
        "ts": "1525364190.000327"
    },
    {
        "type": "message",
        "user": "U9BD7NMPC",
        "text": "e i reclami devono essere ben fondati altrimenti parte una penalizzazione per chi li formula",
        "ts": "1525364236.000324"
    },
    {
        "type": "message",
        "user": "U9BD7NMPC",
        "text": "<@U9NSNMBMG> venga su al sesto piano fino alle 19:30",
        "ts": "1525364388.000425",
        "reactions": [
            {
                "name": "heavy_check_mark",
                "users": [
                    "U9NSNMBMG"
                ],
                "count": 1
            }
        ]
    },
    {
        "type": "message",
        "user": "U9RTC8JSE",
        "text": "Buonasera professore, scrivo a nome del gruppo <#C9NK7QADT|liskov> ; volevamo specificare che il messaggio di errore indica che lo zip deve chiamarsi per forza ingsw1718.zip, ma abbiamo sbagliato a scriverlo perchè il controllo che abbiamo integrato in realtà permette di usare un file con qualsiasi nome, a patto che esso contenga ingsw1718 come sottostringa. Abbiamo optato per questa soluzione perchè tra i criteri di accettazione compare questo: \"Verificare che sia possibile specificare il workspace\".\n\nI punti principali che vorremmo chiarire nel nostro reclamo sono:\n\n-C'è differenza fra l'errore riportato nel messaggio e quello che è il comportamento effettivo del nostro codice, infatti funziona con un insieme di nomi, non solo uno (es: ciccio-ingsw1718.zip);\n-Il nostro errore nell'aver inserito il controllo della sottostringa è nato dall'aver male interpretato il criterio di accettazione, in quanto abbiamo pensato che \"specificare il workspace\" volesse dire specificare *solo* quel workspace del progetto;\n-Il programma, nei casi previsti dal controllo, è comunque funzionante in ogni sua parte (l'help inoltre funziona in qualsiasi caso a prescindere da percorso e nome del file).\n\nLe chiediamo di poterne parlare domani con lei in orario di ricevimento.",
        "client_msg_id": "7c55b64d-b90d-49fa-b542-b3b2e2dea260",
        "ts": "1525373455.000713"
    },
    {
        "type": "message",
        "user": "U9BD7NMPC",
        "text": "Scrivere nel codice una stringa o sottostringa per dati che dovrebbero essere variabili, incluso il nome del workspace, è un errore *grave* per qualsiasi programma. C'è poco da parlare",
        "ts": "1525373864.000211"
    }
]