[
    {
        "type": "message",
        "user": "U9NSNMBMG",
        "text": "<#C9PCTK26A|shamir> professore potremmo semplicemente capire OK con 4 punti? grazie mille",
        "ts": "1526383362.000021",
        "reactions": [
            {
                "name": "rocket",
                "users": [
                    "U9Q9CDE0P",
                    "U9NJ4EYM7",
                    "U9P18U17X"
                ],
                "count": 3
            }
        ]
    },
    {
        "type": "message",
        "user": "U9BD7NMPC",
        "text": "errore",
        "ts": "1526383453.000207",
        "reactions": [
            {
                "name": "heavy_check_mark",
                "users": [
                    "U9NSNMBMG",
                    "U9NJ4EYM7",
                    "U9PUAUSRM"
                ],
                "count": 3
            }
        ]
    },
    {
        "type": "message",
        "user": "U9PK3NZ8F",
        "text": "<#C9NDCM4R1|engelbart> Buonasera professore, vorrei capire cosa intende per id, dato che nei file .json l'id di un utente è molto poco intuitivo da scrivere. Per esempio l'id di un utente è simile a una stringa tipo \"U9PNMN1HC\"",
        "ts": "1526396186.000421"
    },
    {
        "type": "message",
        "user": "U9BD7NMPC",
        "text": "Come per gli altri gruppi dovreste considerare in prima battuta il nome visibile dopo l'*@*. Per esempio nel suo caso è *Andrea De Stradis*",
        "ts": "1526396417.000406"
    },
    {
        "type": "message",
        "user": "U9PK3NZ8F",
        "text": "Tutto chiaro, avevamo deciso di usare l'username per evitare il problema di possibili omonimi. Lo correggeremo nel prossimo sprint. Grazie mille",
        "ts": "1526396719.000073"
    }
]