[
    {
        "type": "message",
        "user": "UA1JDS15Z",
        "text": "Ma l’username non abbiamo detto che era tra quadre?",
        "client_msg_id": "BE9CD5E2-490B-46A0-BD94-F4F38DB56662",
        "ts": "1526206416.000027"
    },
    {
        "type": "message",
        "subtype": "file_share",
        "text": "<@U9NSLHZAQ> uploaded a file: <https:\/\/ingsw1718.slack.com\/files\/U9NSLHZAQ\/FAP45V1CM\/-.sh|Untitled>",
        "file": {
            "id": "FAP45V1CM",
            "created": 1526242410,
            "timestamp": 1526242410,
            "name": "-.sh",
            "title": "Untitled",
            "mimetype": "text\/plain",
            "filetype": "shell",
            "pretty_type": "Shell",
            "user": "U9NSLHZAQ",
            "editable": true,
            "size": 1195,
            "mode": "snippet",
            "is_external": false,
            "external_type": "",
            "is_public": true,
            "public_url_shared": false,
            "display_as_bot": false,
            "username": "",
            "url_private": "https:\/\/files.slack.com\/files-pri\/T9BAB138B-FAP45V1CM\/-.sh?t=xoxe-317351037283-365207707586-364511306800-333c6acf63d6b69e07fd249ca7d3d9ee",
            "url_private_download": "https:\/\/files.slack.com\/files-pri\/T9BAB138B-FAP45V1CM\/download\/-.sh?t=xoxe-317351037283-365207707586-364511306800-333c6acf63d6b69e07fd249ca7d3d9ee",
            "permalink": "https:\/\/ingsw1718.slack.com\/files\/U9NSLHZAQ\/FAP45V1CM\/-.sh",
            "permalink_public": "https:\/\/slack-files.com\/T9BAB138B-FAP45V1CM-7da2abdf4a",
            "edit_link": "https:\/\/ingsw1718.slack.com\/files\/U9NSLHZAQ\/FAP45V1CM\/-.sh\/edit",
            "preview": "In qualità di utente voglio visualizzare la lista dei Mentions\ndocker run -v \/c:\/ns softenginfuniba\/hoare  ns\/(path to file)\/ingsw1718.zip mentions\n\t\tFiltro su un determinato channel:\n\t\t\tdocker run -v \/c:\/ns softenginfuniba\/hoare  ns\/(path to file)\/ingsw1718.zip mentions channel_name\n",
            "preview_highlight": "<div class=\"CodeMirror cm-s-default CodeMirrorServer\" oncopy=\"if(event.clipboardData){event.clipboardData.setData('text\/plain',window.getSelection().toString().replace(\/\\u200b\/g,''));event.preventDefault();event.stopPropagation();}\">\n<div class=\"CodeMirror-code\">\n<div><pre>In qualità di utente voglio visualizzare la lista dei Mentions<\/pre><\/div>\n<div><pre>docker run <span class=\"cm-attribute\">-v<\/span> \/c:\/ns softenginfuniba\/hoare  ns\/(path to file)\/ingsw1718.zip mentions<\/pre><\/div>\n<div><pre>\t\tFiltro <span class=\"cm-builtin\">su<\/span> un determinato channel:<\/pre><\/div>\n<div><pre>\t\t\tdocker run <span class=\"cm-attribute\">-v<\/span> \/c:\/ns softenginfuniba\/hoare  ns\/(path to file)\/ingsw1718.zip mentions channel_name<\/pre><\/div>\n<\/div>\n<\/div>\n",
            "lines": 22,
            "lines_more": 17,
            "preview_is_truncated": true,
            "channels": [],
            "groups": [],
            "ims": [],
            "comments_count": 0
        },
        "user": "U9NSLHZAQ",
        "upload": true,
        "display_as_bot": false,
        "username": "fra95-kesh",
        "bot_id": null,
        "ts": "1526242411.000047"
    },
    {
        "type": "message",
        "user": "U9NSLHZAQ",
        "text": "Ditemi se va bene che lo carichiamo",
        "ts": "1526242440.000009"
    },
    {
        "type": "message",
        "subtype": "file_share",
        "text": "<@U9NSLHZAQ> uploaded a file: <https:\/\/ingsw1718.slack.com\/files\/U9NSLHZAQ\/FAN92A5CY\/-.sh|Untitled>",
        "file": {
            "id": "FAN92A5CY",
            "created": 1526242779,
            "timestamp": 1526242779,
            "name": "-.sh",
            "title": "Untitled",
            "mimetype": "text\/plain",
            "filetype": "shell",
            "pretty_type": "Shell",
            "user": "U9NSLHZAQ",
            "editable": true,
            "size": 1177,
            "mode": "snippet",
            "is_external": false,
            "external_type": "",
            "is_public": true,
            "public_url_shared": false,
            "display_as_bot": false,
            "username": "",
            "url_private": "https:\/\/files.slack.com\/files-pri\/T9BAB138B-FAN92A5CY\/-.sh?t=xoxe-317351037283-365207707586-364511306800-333c6acf63d6b69e07fd249ca7d3d9ee",
            "url_private_download": "https:\/\/files.slack.com\/files-pri\/T9BAB138B-FAN92A5CY\/download\/-.sh?t=xoxe-317351037283-365207707586-364511306800-333c6acf63d6b69e07fd249ca7d3d9ee",
            "permalink": "https:\/\/ingsw1718.slack.com\/files\/U9NSLHZAQ\/FAN92A5CY\/-.sh",
            "permalink_public": "https:\/\/slack-files.com\/T9BAB138B-FAN92A5CY-9342fce872",
            "edit_link": "https:\/\/ingsw1718.slack.com\/files\/U9NSLHZAQ\/FAN92A5CY\/-.sh\/edit",
            "preview": "In qualità di utente voglio visualizzare la lista dei Mentions\ndocker run -v \/c:\/ns softenginfuniba\/hoare  ns\/(path to file)\/(file).zip mentions\n\t\tFiltro su un determinato channel:\n\t\t\tdocker run -v \/c:\/ns softenginfuniba\/hoare  ns\/(path to file)\/(file).zip mentions channel_name\n",
            "preview_highlight": "<div class=\"CodeMirror cm-s-default CodeMirrorServer\" oncopy=\"if(event.clipboardData){event.clipboardData.setData('text\/plain',window.getSelection().toString().replace(\/\\u200b\/g,''));event.preventDefault();event.stopPropagation();}\">\n<div class=\"CodeMirror-code\">\n<div><pre>In qualità di utente voglio visualizzare la lista dei Mentions<\/pre><\/div>\n<div><pre>docker run <span class=\"cm-attribute\">-v<\/span> \/c:\/ns softenginfuniba\/hoare  ns\/(path to file)\/(file).zip mentions<\/pre><\/div>\n<div><pre>\t\tFiltro <span class=\"cm-builtin\">su<\/span> un determinato channel:<\/pre><\/div>\n<div><pre>\t\t\tdocker run <span class=\"cm-attribute\">-v<\/span> \/c:\/ns softenginfuniba\/hoare  ns\/(path to file)\/(file).zip mentions channel_name<\/pre><\/div>\n<\/div>\n<\/div>\n",
            "lines": 22,
            "lines_more": 17,
            "preview_is_truncated": true,
            "channels": [],
            "groups": [],
            "ims": [],
            "comments_count": 0
        },
        "user": "U9NSLHZAQ",
        "upload": true,
        "display_as_bot": false,
        "username": "fra95-kesh",
        "bot_id": null,
        "ts": "1526242780.000036"
    },
    {
        "type": "message",
        "user": "U9NSLHZAQ",
        "text": "questo ha una piccola differenza, invece di ingsw1718 -&gt; (file)",
        "ts": "1526242806.000132"
    },
    {
        "type": "message",
        "user": "U9N7WANGG",
        "text": "Meglii il secondo",
        "client_msg_id": "cf07ee14-469b-41ba-bacb-94483ecd22f7",
        "ts": "1526242907.000059"
    },
    {
        "type": "message",
        "user": "U9P1HQEA1",
        "text": "<!channel> si infatti così è generalizzato il comando",
        "ts": "1526242995.000120"
    },
    {
        "type": "message",
        "user": "U9P1HQEA1",
        "text": "<@U9NSLHZAQ> Fra aggiungi il titolo del gruppo allo snippet",
        "ts": "1526243729.000102"
    },
    {
        "type": "message",
        "user": "U9P1HQEA1",
        "text": "Prima di caricarlo su consegne",
        "ts": "1526243743.000061"
    }
]