[
    {
        "type": "message",
        "subtype": "file_share",
        "text": "<@U9PAU9362> uploaded a file: <https:\/\/ingsw1718.slack.com\/files\/U9PAU9362\/FAGKA757A\/liskov.txt|liskov>",
        "file": {
            "id": "FAGKA757A",
            "created": 1525291527,
            "timestamp": 1525291527,
            "name": "liskov.txt",
            "title": "liskov",
            "mimetype": "text\/plain",
            "filetype": "text",
            "pretty_type": "Plain Text",
            "user": "U9PAU9362",
            "editable": true,
            "size": 1333,
            "mode": "snippet",
            "is_external": false,
            "external_type": "",
            "is_public": true,
            "public_url_shared": false,
            "display_as_bot": false,
            "username": "",
            "url_private": "https:\/\/files.slack.com\/files-pri\/T9BAB138B-FAGKA757A\/liskov.txt?t=xoxe-317351037283-365207707586-364511306800-333c6acf63d6b69e07fd249ca7d3d9ee",
            "url_private_download": "https:\/\/files.slack.com\/files-pri\/T9BAB138B-FAGKA757A\/download\/liskov.txt?t=xoxe-317351037283-365207707586-364511306800-333c6acf63d6b69e07fd249ca7d3d9ee",
            "permalink": "https:\/\/ingsw1718.slack.com\/files\/U9PAU9362\/FAGKA757A\/liskov.txt",
            "permalink_public": "https:\/\/slack-files.com\/T9BAB138B-FAGKA757A-912bb44f21",
            "edit_link": "https:\/\/ingsw1718.slack.com\/files\/U9PAU9362\/FAGKA757A\/liskov.txt\/edit",
            "preview": "In qualità di utente voglio visualizzare la lista dei Member:\r\n\tWindows:\r\n\tdocker run -v \/c:\/ns softenginfuniba\/liskov \"members\" \"\/ns\/<path>\/ingsw1718.zip\"\r\n\tUbuntu:\r\n\tdocker run -v \/:\/ns softenginfuniba\/liskov  \"members\" \"\/ns\/<path>\/ingsw1718.zip\"\r",
            "preview_highlight": "<div class=\"CodeMirror cm-s-default CodeMirrorServer\" oncopy=\"if(event.clipboardData){event.clipboardData.setData('text\/plain',window.getSelection().toString().replace(\/\\u200b\/g,''));event.preventDefault();event.stopPropagation();}\">\n<div class=\"CodeMirror-code\">\n<div><pre>In qualità di utente voglio visualizzare la lista dei Member:<\/pre><\/div>\n<div><pre>    Windows:<\/pre><\/div>\n<div><pre>    docker run -v \/c:\/ns softenginfuniba\/liskov &quot;members&quot; &quot;\/ns\/&lt;path&gt;\/ingsw1718.zip&quot;<\/pre><\/div>\n<div><pre>    Ubuntu:<\/pre><\/div>\n<div><pre>    docker run -v \/:\/ns softenginfuniba\/liskov  &quot;members&quot; &quot;\/ns\/&lt;path&gt;\/ingsw1718.zip&quot;<\/pre><\/div>\n<div><pre><\/pre><\/div>\n<\/div>\n<\/div>\n",
            "lines": 32,
            "lines_more": 27,
            "preview_is_truncated": true,
            "channels": [],
            "groups": [],
            "ims": [],
            "comments_count": 0,
            "reactions": [
                {
                    "name": "heart",
                    "users": [
                        "U9MUU9N57"
                    ],
                    "count": 1
                },
                {
                    "name": "100",
                    "users": [
                        "U9JS0QR60"
                    ],
                    "count": 1
                },
                {
                    "name": "sparkling_heart",
                    "users": [
                        "U9RF0QCFJ"
                    ],
                    "count": 1
                }
            ]
        },
        "user": "U9PAU9362",
        "upload": true,
        "display_as_bot": false,
        "username": "giovanni.lanotte",
        "bot_id": null,
        "ts": "1525291527.000657"
    }
]