[
    {
        "type": "message",
        "subtype": "file_share",
        "text": "<@U9NSNMBMG> shared a file: <https:\/\/ingsw1718.slack.com\/files\/U9NSNMBMG\/FAKU9MD52\/Lista_Comandi_Sprint_2|Lista Comandi Sprint 2>",
        "file": {
            "id": "FAKU9MD52",
            "created": 1525787411,
            "timestamp": 1525855352,
            "name": "Lista_Comandi_Sprint_2",
            "title": "Lista Comandi Sprint 2",
            "mimetype": "text\/plain",
            "filetype": "space",
            "pretty_type": "Post",
            "user": "U9NSNMBMG",
            "editable": true,
            "size": 1127,
            "mode": "space",
            "is_external": false,
            "external_type": "",
            "is_public": true,
            "public_url_shared": true,
            "display_as_bot": false,
            "username": "",
            "url_private": "https:\/\/files.slack.com\/files-pri\/T9BAB138B-FAKU9MD52\/Lista_Comandi_Sprint_2?t=xoxe-317351037283-365207707586-364511306800-333c6acf63d6b69e07fd249ca7d3d9ee",
            "url_private_download": "https:\/\/files.slack.com\/files-pri\/T9BAB138B-FAKU9MD52\/download\/Lista_Comandi_Sprint_2?t=xoxe-317351037283-365207707586-364511306800-333c6acf63d6b69e07fd249ca7d3d9ee",
            "permalink": "https:\/\/ingsw1718.slack.com\/files\/U9NSNMBMG\/FAKU9MD52\/Lista_Comandi_Sprint_2",
            "permalink_public": "https:\/\/slack-files.com\/T9BAB138B-FAKU9MD52-cf58b00510",
            "preview": "<document><p>Lista Comandi Sprint 2:<\/p><ul><li><b>mentions -w &lt;workspace_path&gt; <\/b>: visualizza la lista di tutte le mentions<\/li><li><b>mentions -w &lt;workspace_path&gt; -c &lt;nome_channel&gt; <\/b>: visualizza la lista di tutte le mentions del canale specificato<\/li><\/ul><p><\/p><ul><li><b>mentions -w &lt;workspace_path&gt; from &lt;nome_member&gt; <\/b>: visualizza la lista delle mentions partite dall&#39;utente specificato<\/li><\/ul><\/document>",
            "updated": 1525855352,
            "editor": "U9NSNMBMG",
            "last_editor": "U9NSNMBMG",
            "state": "locked",
            "channels": [],
            "groups": [],
            "ims": [],
            "comments_count": 0
        },
        "user": "U9NSNMBMG",
        "upload": false,
        "display_as_bot": false,
        "username": "simone.cicerello",
        "bot_id": null,
        "ts": "1525787866.000598"
    },
    {
        "type": "message",
        "user": "U9NGE229G",
        "text": "public static void main(final String[] args) throws IOException {\n\t\t\n\t\tWorkspaceBuilder wp = new WorkspaceBuilder(\"C:\\\\Users\\\\marku\\\\Desktop\\\\ingsw1718May3.zip\").setMembers().setMessages();\n\t\tWorkspace workspace = wp.build();\n\t\tfor(Message m : workspace.getMessages())\n\t\t{\n\t\t\tSystem.out.println(m + \"\\n\" + m.getMentionedIDs() + \"\\n\\n\");\n\t\t}\n\t\tSystem.out.println(workspace.getMessages().size());\t\n\t}",
        "ts": "1525792679.000799"
    }
]