[
    {
        "type": "message",
        "user": "U9NBDU7B4",
        "text": "sarà una lunga notte ragazzuoli. Se travis continua così, finiamo nel 2030",
        "ts": "1525301232.000213"
    },
    {
        "type": "message",
        "subtype": "file_share",
        "text": "<@U9NSNMBMG> uploaded a file: <https:\/\/ingsw1718.slack.com\/files\/U9NSNMBMG\/FAH6E9CQ4\/Untitled.md|Untitled>",
        "file": {
            "id": "FAH6E9CQ4",
            "created": 1525301932,
            "timestamp": 1525301932,
            "name": "Untitled.md",
            "title": "Untitled",
            "mimetype": "text\/plain",
            "filetype": "markdown",
            "pretty_type": "Markdown (raw)",
            "user": "U9NSNMBMG",
            "editable": true,
            "size": 110,
            "mode": "snippet",
            "is_external": false,
            "external_type": "",
            "is_public": true,
            "public_url_shared": false,
            "display_as_bot": false,
            "username": "",
            "url_private": "https:\/\/files.slack.com\/files-pri\/T9BAB138B-FAH6E9CQ4\/Untitled.md?t=xoxe-317351037283-365207707586-364511306800-333c6acf63d6b69e07fd249ca7d3d9ee",
            "url_private_download": "https:\/\/files.slack.com\/files-pri\/T9BAB138B-FAH6E9CQ4\/download\/Untitled.md?t=xoxe-317351037283-365207707586-364511306800-333c6acf63d6b69e07fd249ca7d3d9ee",
            "permalink": "https:\/\/ingsw1718.slack.com\/files\/U9NSNMBMG\/FAH6E9CQ4\/Untitled.md",
            "permalink_public": "https:\/\/slack-files.com\/T9BAB138B-FAH6E9CQ4-046c55a3a3",
            "edit_link": "https:\/\/ingsw1718.slack.com\/files\/U9NSNMBMG\/FAH6E9CQ4\/Untitled.md\/edit",
            "preview": "**Members ordered by channel** [LINUX]\r\nmembers -w \"\/home\/__your path__\/ingsw1718 Slack export Apr 20 2018.zip\" -c\r\ndocker run -v \/home\/__your path__\/ softenginfuniba\/shamir (COMANDO) \r\n",
            "preview_highlight": "<div class=\"CodeMirror cm-s-default CodeMirrorServer\" oncopy=\"if(event.clipboardData){event.clipboardData.setData('text\/plain',window.getSelection().toString().replace(\/\\u200b\/g,''));event.preventDefault();event.stopPropagation();}\">\n<div class=\"CodeMirror-code\">\n<div><pre><span class=\"cm-strong\">**<\/span><span class=\"cm-strong\">Members<\/span><span class=\"cm-strong\"> <\/span><span class=\"cm-strong\">ordered<\/span><span class=\"cm-strong\"> <\/span><span class=\"cm-strong\">by<\/span><span class=\"cm-strong\"> <\/span><span class=\"cm-strong\">channel<\/span><span class=\"cm-strong\">**<\/span> [LINUX]<\/pre><\/div>\n<div><pre>members -w &quot;\/home\/<span class=\"cm-strong\">__<\/span><span class=\"cm-strong\">your<\/span><span class=\"cm-strong\"> <\/span><span class=\"cm-strong\">path<\/span><span class=\"cm-strong\">__<\/span>\/ingsw1718 Slack export Apr 20 2018.zip&quot; -c<\/pre><\/div>\n<div><pre>docker run -v \/home\/<span class=\"cm-strong\">__<\/span><span class=\"cm-strong\">your<\/span><span class=\"cm-strong\"> <\/span><span class=\"cm-strong\">path<\/span><span class=\"cm-strong\">__<\/span>\/ softenginfuniba\/shamir (COMANDO) <\/pre><\/div>\n<\/div>\n<\/div>\n",
            "lines": 4,
            "lines_more": 0,
            "preview_is_truncated": false,
            "channels": [],
            "groups": [],
            "ims": [],
            "comments_count": 0
        },
        "user": "U9NSNMBMG",
        "upload": true,
        "display_as_bot": false,
        "username": "simone.cicerello",
        "bot_id": null,
        "ts": "1525301932.000223"
    }
]