[
    {
        "type": "message",
        "user": "U9Q3DHX0V",
        "text": "<https:\/\/github.com\/google\/guava\/wiki\/GraphsExplained#valuegraph>",
        "ts": "1525526602.000149"
    },
    {
        "type": "message",
        "user": "U9NBDU7B4",
        "text": "apro un post",
        "ts": "1525527227.000047"
    },
    {
        "type": "message",
        "subtype": "file_share",
        "text": "<@U9NSNMBMG> shared a file: <https:\/\/ingsw1718.slack.com\/files\/U9NSNMBMG\/FAJ71LW9W\/Note_su_mentions|Note su mentions>",
        "file": {
            "id": "FAJ71LW9W",
            "created": 1525527310,
            "timestamp": 1525786892,
            "name": "Note_su_mentions",
            "title": "Note su mentions",
            "mimetype": "text\/plain",
            "filetype": "space",
            "pretty_type": "Post",
            "user": "U9NSNMBMG",
            "editable": true,
            "size": 5878,
            "mode": "space",
            "is_external": false,
            "external_type": "",
            "is_public": true,
            "public_url_shared": false,
            "display_as_bot": false,
            "username": "",
            "url_private": "https:\/\/files.slack.com\/files-pri\/T9BAB138B-FAJ71LW9W\/Note_su_mentions?t=xoxe-317351037283-365207707586-364511306800-333c6acf63d6b69e07fd249ca7d3d9ee",
            "url_private_download": "https:\/\/files.slack.com\/files-pri\/T9BAB138B-FAJ71LW9W\/download\/Note_su_mentions?t=xoxe-317351037283-365207707586-364511306800-333c6acf63d6b69e07fd249ca7d3d9ee",
            "permalink": "https:\/\/ingsw1718.slack.com\/files\/U9NSNMBMG\/FAJ71LW9W\/Note_su_mentions",
            "permalink_public": "https:\/\/slack-files.com\/T9BAB138B-FAJ71LW9W-5faf26e51e",
            "preview": "<document><p>Struttura Workspace<\/p><ul><li>Folder Canali<ul><li tabbing=\"1\">&lt;Channels&gt; folder con nome del canale<ul><li tabbing=\"2\">&lt;aaaa-mm-dd.json&gt; per ogni giorno nel quale avviene la conversazione (almeno un messaggio) <\/li><\/ul><\/li><\/ul><\/li><\/ul><\/document>",
            "updated": 1525786892,
            "editor": "U9NSNMBMG",
            "last_editor": "U9NSNMBMG",
            "state": "inactive",
            "channels": [],
            "groups": [],
            "ims": [],
            "comments_count": 0,
            "pinned_to": [
                "C9PCTK26A"
            ],
            "pinned_info": {
                "C9PCTK26A": {
                    "pinned_by": "U9Q3DHX0V",
                    "pinned_ts": 1525599375
                }
            }
        },
        "user": "U9NSNMBMG",
        "upload": false,
        "display_as_bot": false,
        "username": "simone.cicerello",
        "bot_id": null,
        "ts": "1525527539.000089"
    },
    {
        "type": "message",
        "user": "U9NBDU7B4",
        "text": "prova citazione",
        "edited": {
            "user": "U9NBDU7B4",
            "ts": "1525527583.000000"
        },
        "ts": "1525527571.000067"
    },
    {
        "type": "message",
        "user": "U9NBDU7B4",
        "text": "dobbiamo provare a taggare una persona, editare il messaggio, e poi taggare un'altra persona",
        "ts": "1525530849.000140"
    },
    {
        "type": "message",
        "user": "U9NBDU7B4",
        "text": "dobbiamo mappare il real_name su profile",
        "ts": "1525531560.000111"
    },
    {
        "type": "message",
        "user": "U9NBDU7B4",
        "text": "perché lì è sempre presente",
        "ts": "1525531619.000096"
    },
    {
        "type": "message",
        "user": "U9Q3DHX0V",
        "text": "<https:\/\/github.com\/google\/gson\/blob\/master\/UserGuide.md#TOC-Nested-Classes-including-Inner-Classes->",
        "attachments": [
            {
                "fallback": "[google\/gson] UserGuide.md",
                "text": "```\n# Gson User Guide\n\n1. [Overview](#TOC-Overview)\n2. [Goals for Gson](#TOC-Goals-for-Gson)\n3. [Gson Performance and Scalability](#TOC-Gson-Performance-and-Scalability)\n4. [Gson Users](#TOC-Gson-Users)\n5. [Using Gson](#TOC-Using-Gson)\n   * [Using Gson with Gradle\/Android](#TOC-Gson-With-Gradle)\n   * [Using Gson with Maven](#TOC-Gson-With-Maven)\n   * [Primitives Examples](#TOC-Primitives-Examples)\n   * [Object Examples](#TOC-Object-Examples)\n   * [Finer Points with Objects](#TOC-Finer-Points-with-Objects)\n   * [Nested Classes (including Inner Classes)](#TOC-Nested-Classes-including-Inner-Classes-)\n   * [Array Examples](#TOC-Array-Examples)\n   * [Collections Examples](#TOC-Collections-Examples)\n     * [Collections Limitations](#TOC-Collections-Limitations)\n   * [Serializing and Deserializing Generic Types](#TOC-Serializing-and-Deserializing-Generic-Types)\n   * [Serializing and Deserializing Collection with Objects of Arbitrary Types](#TOC-Serializing-and-Deserializing-Collection-with-Objects-of-Arbitrary-Types)\n   * [Built-in Serializers and Deserializers](#TOC-Built-in-Serializers-and-Deserializers)\n   * [Custom Serialization and Deserialization](#TOC-Custom-Serialization-and-Deserialization)\n     * [Writing a Serializer](#TOC-Writing-a-Serializer)\n     * [Writing a Deserializer](#TOC-Writing-a-Deserializer)\n   * [Writing an Instance Creator](#TOC-Writing-an-Instance-Creator)\n     * [InstanceCreator for a Parameterized Type](#TOC-InstanceCreator-for-a-Parameterized-Type)\n   * [Compact Vs. Pretty Printing for JSON Output Format](#TOC-Compact-Vs.-Pretty-Printing-for-JSON-Output-Format)\n   * [Null Object Support](#TOC-Null-Object-Support)\n   * [Versioning Support](#TOC-Versioning-Support)\n   * [Excluding Fields From Serialization and Deserialization](#TOC-Excluding-Fields-From-Serialization-and-Deserialization)\n     * [Java Modifier Exclusion](#TOC-Java-Modifier-Exclusion)\n     * [Gson's `@Expose`](#TOC-Gson-s-Expose)\n     * [User Defined Exclusion Strategies](#TOC-User-Defined-Exclusion-Strategies)\n   * [JSON Field Naming Support](#TOC-JSON-Field-Naming-Support)\n   * [Sharing State Across Custom Serializers and Deserializers](#TOC-Sharing-State-Across-Custom-Serializers-and-Deserializers)\n   * [Streaming](#TOC-Streaming)\n6. [Issues in Designing Gson](#TOC-Issues-in-Designing-Gson)\n7. [Future Enhancements to Gson](#TOC-Future-Enhancements-to-Gson)\n\n## &lt;a name=\"TOC-Overview\"&gt;&lt;\/a&gt;Overview\n\nGson is a Java library that can be used to convert Java Objects into their JSON representation. It can also be used to convert a JSON string to an equivalent Java object.\n\nGson can work with arbitrary Java objects including pre-existing objects that you do not have source code of.\n\n## &lt;a name=\"TOC-Goals-for-Gson\"&gt;&lt;\/a&gt;Goals for Gson\n\n* Provide easy to use mechanisms like `toString()` and constructor (factory method) to convert Java to JSON and vice-versa\n* Allow pre-existing unmodifiable objects to be converted to and from JSON\n* Allow custom representations for objects\n* Support arbitrarily complex objects\n* Generate compact and readable JSON output\n\n## &lt;a name=\"TOC-Gson-Performance-and-Scalability\"&gt;&lt;\/a&gt;Gson Performance and Scalability\n\nHere are some metrics that we obtained on a desktop (dual opteron, 8GB RAM, 64-bit Ubuntu) running lots of other things along-with the tests. You can rerun these tests by using the class [`PerformanceTest`](gson\/src\/test\/java\/com\/google\/gson\/metrics\/PerformanceTest.java).\n\n* Strings: Deserialized strings of over 25MB without any problems (see `disabled_testStringDeserializationPerformance` method in `PerformanceTest`)\n* Large collections:\n  * Serialized a collection of 1.4 million objects (see `disabled_testLargeCollectionSerialization` method in `PerformanceTest`)\n  * Deserialized a collection of 87,000 objects (see `disabled_testLargeCollectionDeserialization` in `PerformanceTest`)\n* Gson 1.4 raised the deserialization limit for byte arrays and collection to over 11MB from 80KB.\n\nNote: Delete the `disabled_` prefix to run these tests. We use this prefix to prevent running these tests every time we run JUnit tests.\n\n## &lt;a name=\"TOC-Gson-Users\"&gt;&lt;\/a&gt;Gson Users\n\nGson was originally created for use inside Google where it is currently used in a number of projects. It is now used by a number of public projects and companies.\n\n## &lt;a name=\"TOC-Using-Gson\"&gt;&lt;\/a&gt;Using Gson\n\nThe primary class to use is [`Gson`](gson\/src\/main\/java\/com\/google\/gson\/Gson.java) which you can just create by calling `new Gson()`. There is also a class [`GsonBuilder`](gson\/src\/main\/java\/com\/google\/gson\/GsonBuilder.java) available that can be used to create a Gson instance with various settings like version control and so on.\n\nThe Gson instance does not maintain any state while invoking Json operations. So, you are free to reuse the same object for multiple Json serialization and deserialization operations.\n\n## &lt;a name=\"TOC-Gson-With-Gradle\"&gt;&lt;\/a&gt;Using Gson with Gradle\/Android\n```\ndependencies {\n    compile 'com.google.code.gson:gson:2.8.4'\n}\n```\n## &lt;a name=\"TOC-Gson-With-Maven\"&gt;&lt;\/a&gt;Using Gson with Maven\nTo use Gson with Maven2\/3, you can use the Gson version available in Maven Central by adding the following dependency:\n\n```xml\n&lt;dependencies&gt;\n    &lt;!--  Gson: Java to Json conversion --&gt;\n    &lt;dependency&gt;\n      &lt;groupId&gt;com.google.code.gson&lt;\/groupId&gt;\n      &lt;artifactId&gt;gson&lt;\/artifactId&gt;\n      &lt;version&gt;2.8.4&lt;\/version&gt;\n      &lt;scope&gt;compile&lt;\/scope&gt;\n    &lt;\/dependency&gt;\n&lt;\/dependencies&gt;\n```\n\nThat is it, now your maven project is Gson enabled. \n\n### &lt;a name=\"TOC-Primitives-Examples\"&gt;&lt;\/a&gt;Primitives Examples\n\n```java\n\/\/ Serialization\nGson gson = new Gson();\ngson.toJson(1);            \/\/ ==&gt; 1\ngson.toJson(\"abcd\");       \/\/ ==&gt; \"abcd\"\ngson.toJson(new Long(10)); \/\/ ==&gt; 10\nint[] values = { 1 };\ngson.toJson(values);       \/\/ ==&gt; [1]\n\n\/\/ Deserialization\nint one = gson.fromJson(\"1\", int.class);\nInteger one = gson.fromJson(\"1\", Integer.class);\nLong one = gson.fromJson(\"1\", Long.class);\nBoolean false = gson.fromJson(\"false\", Boolean.class);\nString str = gson.fromJson(\"\\\"abc\\\"\", String.class);\nString[] anotherStr = gson.fromJson(\"[\\\"abc\\\"]\", String[].class);\n```\n\n### &lt;a name=\"TOC-Object-Examples\"&gt;&lt;\/a&gt;Object Examples\n\n```java\nclass BagOfPrimitives {\n  private int value1 = 1;\n  private String value2 = \"abc\";\n  private transient int value3 = 3;\n  BagOfPrimitives() {\n    \/\/ no-args constructor\n  }\n}\n\n\/\/ Serialization\nBagOfPrimitives obj = new BagOfPrimitives();\nGson gson = new Gson();\nString json = gson.toJson(obj);  \n\n\/\/ ==&gt; json is {\"value1\":1,\"value2\":\"abc\"}\n```\n\nNote that you can not serialize objects with circular references since that will result in infinite recursion.\n\n```java\n\/\/ Deserialization\nBagOfPrimitives obj2 = gson.fromJson(json, BagOfPrimitives.class);\n\/\/ ==&gt; obj2 is just like obj\n```\n\n#### &lt;a name=\"TOC-Finer-Points-with-Objects\"&gt;&lt;\/a&gt;**Finer Points with Objects**\n\n* It is perfectly fine (and recommended) to use private fields.\n* There is no need to use any annotations to indicate a field is to be included for serialization and deserialization. All fields in the current class (and from all super classes) are included by default.\n* If a field is marked transient, (by default) it is ignored and not included in the JSON serialization or deserialization.\n* This implementation handles nulls correctly.\n* While serializing, a null field is omitted from the output.\n* While deserializing, a missing entry in JSON results in setting the corresponding field in the object to its default value: null for object types, zero for numeric types, and false for booleans.\n* If a field is _synthetic_, it is ignored and not included in JSON serialization or deserialization.\n* Fields corresponding to the outer classes in inner classes, anonymous classes, and local classes are ignored and not includ…",
                "title": "UserGuide.md",
                "footer": "<https:\/\/github.com\/google\/gson|google\/gson>",
                "id": 1,
                "title_link": "https:\/\/github.com\/google\/gson\/blob\/master\/UserGuide.md",
                "footer_icon": "https:\/\/assets-cdn.github.com\/favicon.ico",
                "color": "24292f",
                "mrkdwn_in": [
                    "text"
                ],
                "bot_id": "BAAAZG2DS",
                "app_unfurl_url": "https:\/\/github.com\/google\/gson\/blob\/master\/UserGuide.md#TOC-Nested-Classes-including-Inner-Classes-",
                "is_app_unfurl": true
            }
        ],
        "ts": "1525531665.000013"
    },
    {
        "type": "message",
        "user": "U9NBDU7B4",
        "text": "creare una inner class \"profile\"",
        "ts": "1525531666.000064"
    },
    {
        "type": "message",
        "user": "U9Q3DHX0V",
        "text": "Dopo il review dovreste aprire degli issue di tipo _bug_ per ogni problema da risolvere. Se sono bug bloccanti, ovvero pregiudicano l'esecuzione delle user story dello sprint 2, dovete portarvi i bug nello sprint 2 e risolverli altrimenti li lasciate nel product backlog senza uno sprint. Dopo aver creato gli issue di tipo bug, potete chiudere lo sprint 1.",
        "ts": "1525532820.000118"
    },
    {
        "type": "message",
        "user": "U9NBDU7B4",
        "text": "questo \"return toString().compareToIgnoreCase(toString());\" valeva 5 punti",
        "ts": "1525534954.000045"
    },
    {
        "type": "message",
        "user": "U9NBDU7B4",
        "text": ":sob:",
        "ts": "1525534971.000059"
    },
    {
        "type": "message",
        "user": "U9Q3DHX0V",
        "text": "aaaaaaaaaah",
        "ts": "1525535018.000055"
    },
    {
        "type": "message",
        "user": "U9Q3DHX0V",
        "text": "ci rifaremo al prossimo giro!!",
        "ts": "1525535028.000013"
    },
    {
        "type": "message",
        "user": "U9Q3DHX0V",
        "text": "ragazzi mi sono appena accorto che gli sprint devono essere chiusi manualmente",
        "ts": "1525546487.000073"
    },
    {
        "type": "message",
        "user": "U9Q3DHX0V",
        "text": "posso procedere con la chiusura dello sprint 1?",
        "ts": "1525546504.000144"
    },
    {
        "type": "message",
        "user": "U9NGE229G",
        "text": "Si assolutamente",
        "client_msg_id": "636eea4b-e000-4fc8-97c2-c523a48fde34",
        "ts": "1525546513.000097"
    },
    {
        "type": "message",
        "user": "U9Q3DHX0V",
        "text": "Il refactoring direi di metterlo nel 2",
        "ts": "1525546519.000019"
    },
    {
        "type": "message",
        "user": "U9NGE229G",
        "text": "Si per forza mentre il bug di fuori da tutto",
        "client_msg_id": "580ea84f-679f-4e5e-95c9-39a2ce65a884",
        "ts": "1525546549.000071"
    },
    {
        "type": "message",
        "user": "U9Q3DHX0V",
        "text": "okok aspetto la conferma di un altro e chiudo",
        "ts": "1525546603.000095"
    },
    {
        "type": "message",
        "user": "U9NBDU7B4",
        "text": "Anche per me va bene",
        "client_msg_id": "2ad6237c-74bc-4795-9399-6bf990bab512",
        "ts": "1525546835.000035"
    },
    {
        "type": "message",
        "user": "U9PUAUSRM",
        "text": "Ho finito il refactoring del parser e _*dovrebbe*_ funzionare tutto.",
        "edited": {
            "user": "U9PUAUSRM",
            "ts": "1525562691.000000"
        },
        "ts": "1525562669.000006"
    },
    {
        "type": "message",
        "user": "U9PUAUSRM",
        "text": "Sono troppo stanco però per assicurarmi che non ci siano errori da qualche parte, quindi ci penso domani mattina.",
        "ts": "1525562721.000027"
    },
    {
        "type": "message",
        "user": "U9PUAUSRM",
        "text": "Se volete preparo una demo così mostro a tutti come funziona.",
        "ts": "1525562735.000032"
    },
    {
        "type": "message",
        "user": "U9PUAUSRM",
        "text": "Prima di fare il push, dico.",
        "ts": "1525562744.000041",
        "reactions": [
            {
                "name": "heavy_check_mark",
                "users": [
                    "U9NSNMBMG"
                ],
                "count": 1
            }
        ]
    }
]