[
    {
        "type": "message",
        "user": "U9PUAUSRM",
        "text": "Comando per eliminare il tracking dei branch cancellati in remoto:\ngit remote prune origin",
        "edited": {
            "user": "U9PUAUSRM",
            "ts": "1526206002.000000"
        },
        "ts": "1526205993.000011"
    },
    {
        "type": "message",
        "subtype": "pinned_item",
        "user": "U9PUAUSRM",
        "item_type": "C",
        "attachments": [
            {
                "fallback": "[May 13th, 2018 3:06 AM] p.lippolis10: Comando per eliminare il tracking dei branch cancellati in remoto:\ngit remote prune origin",
                "ts": "1526205993.000011",
                "author_id": "U9PUAUSRM",
                "author_subname": "Pompeo Francesco Lippolis",
                "channel_id": "C9PCTK26A",
                "channel_name": "shamir",
                "is_msg_unfurl": true,
                "text": "Comando per eliminare il tracking dei branch cancellati in remoto:\ngit remote prune origin",
                "author_name": "Pompeo Francesco Lippolis",
                "author_link": "https:\/\/ingsw1718.slack.com\/team\/U9PUAUSRM",
                "author_icon": "https:\/\/avatars.slack-edge.com\/2018-03-13\/328778126801_381cd1c14da2fc36c09c_48.jpg",
                "mrkdwn_in": [
                    "text"
                ],
                "from_hidden_wksp": false
            }
        ],
        "text": "<@U9PUAUSRM> pinned a message to this channel.",
        "ts": "1526206009.000042"
    },
    {
        "type": "message",
        "subtype": "file_share",
        "text": "<@U9NSNMBMG> uploaded a file: <https:\/\/ingsw1718.slack.com\/files\/U9NSNMBMG\/FANP41N6Q\/shamir.txt|shamir>",
        "file": {
            "id": "FANP41N6Q",
            "created": 1526246687,
            "timestamp": 1526246687,
            "name": "shamir.txt",
            "title": "shamir",
            "mimetype": "text\/plain",
            "filetype": "text",
            "pretty_type": "Plain Text",
            "user": "U9NSNMBMG",
            "editable": true,
            "size": 2566,
            "mode": "snippet",
            "is_external": false,
            "external_type": "",
            "is_public": true,
            "public_url_shared": false,
            "display_as_bot": false,
            "username": "",
            "url_private": "https:\/\/files.slack.com\/files-pri\/T9BAB138B-FANP41N6Q\/shamir.txt?t=xoxe-317351037283-365207707586-364511306800-333c6acf63d6b69e07fd249ca7d3d9ee",
            "url_private_download": "https:\/\/files.slack.com\/files-pri\/T9BAB138B-FANP41N6Q\/download\/shamir.txt?t=xoxe-317351037283-365207707586-364511306800-333c6acf63d6b69e07fd249ca7d3d9ee",
            "permalink": "https:\/\/ingsw1718.slack.com\/files\/U9NSNMBMG\/FANP41N6Q\/shamir.txt",
            "permalink_public": "https:\/\/slack-files.com\/T9BAB138B-FANP41N6Q-8cd36b7214",
            "edit_link": "https:\/\/ingsw1718.slack.com\/files\/U9NSNMBMG\/FANP41N6Q\/shamir.txt\/edit",
            "preview": "User story: In qualità di utente voglio visualizzare la lista dei @mention:\r\ndocker run -v \/c:\/ns softenginfuniba\/shamir mentions -w \"ns\/<path-to-file>\/<nome-file>\r\ndocker run -v \/c:\/ns softenginfuniba\/shamir mentions -w \"ns\/<path-to-file>\/<nome-file> -c <channel-name>\r\n---esempio---\r\nWINDOWS:\r",
            "preview_highlight": "<div class=\"CodeMirror cm-s-default CodeMirrorServer\" oncopy=\"if(event.clipboardData){event.clipboardData.setData('text\/plain',window.getSelection().toString().replace(\/\\u200b\/g,''));event.preventDefault();event.stopPropagation();}\">\n<div class=\"CodeMirror-code\">\n<div><pre><span class=\"cm-variable\">User<\/span> <span class=\"cm-variable\">story<\/span>: <span class=\"cm-variable\">In<\/span> <span class=\"cm-variable\">qualità<\/span> <span class=\"cm-variable\">di<\/span> <span class=\"cm-variable\">utente<\/span> <span class=\"cm-variable\">voglio<\/span> <span class=\"cm-variable\">visualizzare<\/span> <span class=\"cm-variable\">la<\/span> <span class=\"cm-variable\">lista<\/span> <span class=\"cm-variable\">dei<\/span> <span class=\"cm-operator\">@<\/span><span class=\"cm-variable\">mention<\/span>:<\/pre><\/div>\n<div><pre><span class=\"cm-variable\">docker<\/span> <span class=\"cm-variable\">run<\/span> <span class=\"cm-operator\">-<\/span><span class=\"cm-variable\">v<\/span> <span class=\"cm-operator\">\/<\/span><span class=\"cm-variable\">c<\/span>:<span class=\"cm-operator\">\/<\/span><span class=\"cm-variable\">ns<\/span> <span class=\"cm-variable\">softenginfuniba<\/span><span class=\"cm-operator\">\/<\/span><span class=\"cm-variable\">shamir<\/span> <span class=\"cm-variable\">mentions<\/span> <span class=\"cm-operator\">-<\/span><span class=\"cm-variable\">w<\/span> <span class=\"cm-error\">&quot;<\/span><span class=\"cm-variable\">ns<\/span><span class=\"cm-operator\">\/<\/span><span class=\"cm-operator\">&lt;<\/span><span class=\"cm-variable\">path<\/span><span class=\"cm-operator\">-<\/span><span class=\"cm-variable\">to<\/span><span class=\"cm-operator\">-<\/span><span class=\"cm-variable\">file<\/span><span class=\"cm-operator\">&gt;<\/span><span class=\"cm-operator\">\/<\/span><span class=\"cm-operator\">&lt;<\/span><span class=\"cm-variable\">nome<\/span><span class=\"cm-operator\">-<\/span><span class=\"cm-variable\">file<\/span><span class=\"cm-operator\">&gt;<\/span><\/pre><\/div>\n<div><pre><span class=\"cm-variable\">docker<\/span> <span class=\"cm-variable\">run<\/span> <span class=\"cm-operator\">-<\/span><span class=\"cm-variable\">v<\/span> <span class=\"cm-operator\">\/<\/span><span class=\"cm-variable\">c<\/span>:<span class=\"cm-operator\">\/<\/span><span class=\"cm-variable\">ns<\/span> <span class=\"cm-variable\">softenginfuniba<\/span><span class=\"cm-operator\">\/<\/span><span class=\"cm-variable\">shamir<\/span> <span class=\"cm-variable\">mentions<\/span> <span class=\"cm-operator\">-<\/span><span class=\"cm-variable\">w<\/span> <span class=\"cm-error\">&quot;<\/span><span class=\"cm-variable\">ns<\/span><span class=\"cm-operator\">\/<\/span><span class=\"cm-operator\">&lt;<\/span><span class=\"cm-variable\">path<\/span><span class=\"cm-operator\">-<\/span><span class=\"cm-variable\">to<\/span><span class=\"cm-operator\">-<\/span><span class=\"cm-variable\">file<\/span><span class=\"cm-operator\">&gt;<\/span><span class=\"cm-operator\">\/<\/span><span class=\"cm-operator\">&lt;<\/span><span class=\"cm-variable\">nome<\/span><span class=\"cm-operator\">-<\/span><span class=\"cm-variable\">file<\/span><span class=\"cm-operator\">&gt;<\/span> <span class=\"cm-operator\">-<\/span><span class=\"cm-variable\">c<\/span> <span class=\"cm-operator\">&lt;<\/span><span class=\"cm-variable\">channel<\/span><span class=\"cm-operator\">-<\/span><span class=\"cm-variable\">name<\/span><span class=\"cm-operator\">&gt;<\/span><\/pre><\/div>\n<div><pre><span class=\"cm-operator\">-<\/span><span class=\"cm-operator\">-<\/span><span class=\"cm-operator\">-<\/span><span class=\"cm-variable\">esempio<\/span><span class=\"cm-operator\">-<\/span><span class=\"cm-operator\">-<\/span><span class=\"cm-operator\">-<\/span><\/pre><\/div>\n<div><pre><span class=\"cm-variable\">WINDOWS<\/span>:<\/pre><\/div>\n<\/div>\n<\/div>\n",
            "lines": 32,
            "lines_more": 27,
            "preview_is_truncated": true,
            "channels": [],
            "groups": [],
            "ims": [],
            "comments_count": 0
        },
        "user": "U9NSNMBMG",
        "upload": true,
        "display_as_bot": false,
        "username": "simone.cicerello",
        "bot_id": null,
        "ts": "1526246688.000068"
    }
]