[
    {
        "type": "message",
        "user": "U9P3D2S8Z",
        "text": "Raga a che ora vi trovate?",
        "client_msg_id": "8392766f-b571-46ea-94a0-b0b17b83a01d",
        "ts": "1525867460.000089"
    },
    {
        "type": "message",
        "user": "U9P373ASV",
        "text": "Quando io e daniele torniamo da palestra",
        "client_msg_id": "fbc40830-dfb8-490b-a341-6ad2ee5aeac0",
        "ts": "1525867492.000362"
    },
    {
        "type": "message",
        "user": "U9P373ASV",
        "text": "Quindi verso le 5\/ 5 e mezza",
        "client_msg_id": "3a3e08cb-1dd5-4859-98d7-c7b50c361387",
        "ts": "1525867504.000527"
    },
    {
        "type": "message",
        "user": "U9P3D2S8Z",
        "text": "Ok perfetto",
        "client_msg_id": "fc360828-efb2-431b-9032-56ff84911455",
        "ts": "1525867592.000269"
    },
    {
        "type": "message",
        "user": "U9P3D2S8Z",
        "text": "Dove ci troviamo?",
        "client_msg_id": "b886d4cd-4492-46cb-a91d-23c3a57d5d5e",
        "ts": "1525867599.000064"
    },
    {
        "type": "message",
        "user": "U9P373ASV",
        "text": "A casa nostra?",
        "client_msg_id": "77a2d7f1-29d8-4739-b543-74a37eb4519b",
        "ts": "1525867738.000152"
    },
    {
        "type": "message",
        "user": "U9P3D2S8Z",
        "text": "Oookay",
        "client_msg_id": "c925b4e8-ff69-4ecb-97b0-ed96b4e820c1",
        "ts": "1525870280.000571"
    },
    {
        "type": "message",
        "user": "U9P3D2S8Z",
        "text": "Rega siete tornati?",
        "client_msg_id": "24baa0bb-0a68-4a7b-8d4d-3a23b2049999",
        "ts": "1525879173.000079"
    },
    {
        "type": "message",
        "user": "U9P373ASV",
        "text": "Sisi",
        "client_msg_id": "a094fb41-d7d7-4e1a-8ac9-c34e75fd5dbe",
        "ts": "1525881188.000662"
    },
    {
        "type": "message",
        "user": "U9P373ASV",
        "text": "Vieni",
        "client_msg_id": "8e54337b-9cec-4991-ad79-cec34ad8afee",
        "ts": "1525881190.000558"
    }
]