[
    {
        "type": "message",
        "user": "U9P373ASV",
        "text": "Raga,potete venire già dalle 4",
        "client_msg_id": "3c34f81c-03f8-4c8b-b1a4-2ed6e95ec2c2",
        "ts": "1525957008.000539"
    },
    {
        "type": "message",
        "user": "U9P373ASV",
        "text": "Per te gianma alle 15:30",
        "client_msg_id": "9ccb1a35-5e45-4c23-bc3e-ef38068ac36c",
        "ts": "1525957020.000403"
    },
    {
        "type": "message",
        "user": "U9P33EZ5F",
        "text": "Ouuuuu",
        "client_msg_id": "e8a35265-c088-4fbc-bbcd-a235a7922e38",
        "ts": "1525961570.000639"
    },
    {
        "type": "message",
        "user": "U9P33EZ5F",
        "text": "Menaaaaaaaaaaaaaaa",
        "client_msg_id": "a7b9b92e-50ed-4d89-b8b2-8b4eb200f41c",
        "ts": "1525961579.000174"
    },
    {
        "type": "message",
        "user": "U9P33EZ5F",
        "text": "Colucci si sta arrabbiando",
        "client_msg_id": "8a24a6a3-44af-46a9-87ee-a88fd0c20e7f",
        "ts": "1525961671.000201"
    },
    {
        "type": "message",
        "user": "U9P33EZ5F",
        "text": "Ok si è arrabbiato , troppo tardi. Ha detto che non vi vuole vedere più",
        "client_msg_id": "c3faa9bd-6313-448a-b907-4cdd5e7165be",
        "ts": "1525961697.000597"
    },
    {
        "type": "message",
        "user": "U9PJQ7YP6",
        "text": "String convertIDtoName(String ID) {\n     saveIdUsers();\n\t String name = new String();\n\t for(int i = 0;i&lt;getSize();i++) {\n\t\t if(usersList[i].equals(ID)) {\n\t\t\t name = usersListname[i];\n\t\t\t \n\t\t }\n\t }\n\t return name;\n }",
        "ts": "1525969951.000574"
    },
    {
        "type": "message",
        "user": "U9PJQ7YP6",
        "text": "String convertNameToID(String name) {\n\tString id=new String();\n\t for(int i = 0;i&lt;getSize();i++) {\n\t\t if(usersListname[i].equals(name)) {\n\t\t\t id = usersList[i];\n\t\t }\n\t}\n\treturn id;\n}",
        "ts": "1525972236.000128"
    },
    {
        "type": "message",
        "user": "U9PJQ7YP6",
        "text": "\/\/funzione che dato in input un nome restituisce i mention riferiti a quella persona \n\tpublic void MentionForMentioned(String name) {\n\t\tChannel a = new Channel();\n\t\tMember b = new Member();\n\t\tString path= new String();\n\t\tString text = new String();\n\t\tString subType= new String();\n\t\tString IDmentioned = new String(); \/\/stringa che salva l'ID della persona menzionata\n\t\tString mainID = new String(); \/\/string che salva l'ID della persona che fa partire il Mention\n\t\tString[] files;\n\t\t\n\t\tJSONParser parser = new JSONParser();\n\t\tfor(int i = 0;i&lt;a.num_channel();i++) {\n\t\t\tpath = stdPath+a.channelList(i)+\"\/\";\n\t        try {\n\t        \tfiles=listfile(path);\n\t        \tfor(int x=0 ; x&lt;files.length; x++) {\n\n\t            Object obj = parser.parse(new FileReader(path+files[x]));\n\n\t            JSONArray jsonarray = (JSONArray) obj;\n\t           \n\t            for (int j = 0; j &lt; jsonarray.size(); j++) {\n\t            \tJSONObject jsonobject = ((JSONObject)jsonarray.get(j));\n\t            \t\n\t            \tsubType = (String) jsonobject.get(\"subtype\");\n\t            \t\tif (subType == null) {\n\t            \t\t\ttext = (String) jsonobject.get(\"text\");\n\t            \t\t\tIDmentioned = isMention(text);\n\t            \t\t\tmainID =  (String) jsonobject.get(\"user\");\n\t            \t\t\t\n\t            \t\t\tif(IDmentioned != null) {\n\t            \t\t\t\tif( name.equals(b.convertIDtoName(IDmentioned)))\n\t            \t\t\n\t            \t\t\tfill(b.convertIDtoName(mainID),b.convertIDtoName(IDmentioned));\t\n\t            \t\t\t\t\n\t            \t\t\t\t\n\t            \t\t\t\t\n\t            \t\t\t}\n\t            \t\t\t\n\t            \t\n\t            \t}\n\t            }\n\t            }\n\t\t            \n\t\t\t\n\n\t\t        } catch (FileNotFoundException e) {\n\t\t            e.printStackTrace();\n\t\t        \n\t\t        } catch (IOException e) {\n\t\t            e.printStackTrace();\n\t\t        \n\t\t        } catch (ParseException e) {\n\t\t            e.printStackTrace();\n\t\t        \n\t\t        }\n\t\t\t\n\t\t\t\n\t\t\t\n\t\t\t\n\t\t\n\t\t\t\n\t\t}\n\t\tSystem.out.println(this.fromTo);\n\t\n\t}\n\/\/ funzione che dato in input un nome e un channel restituisce i mention presenti in un determinato canale\n\/\/ riferiti a una determinata persona\n\tpublic void MentionForMentioned(String name,String channel) {\n\tMember b = new Member();\n\tString path= new String();\n\tString text = new String();\n\tString subType= new String();\n\tString IDmentioned = new String(); \/\/stringa che salva l'ID della persona menzionata\n\tString mainID = new String(); \/\/string che salva l'ID della persona che fa partire il Mention\n\tString[] files;\n\t\n\tJSONParser parser = new JSONParser();\n\t\n\t\tpath = stdPath+channel+\"\/\";\n        try {\n        \tfiles=listfile(path);\n        \tfor(int x=0 ; x&lt;files.length; x++) {\n\n            Object obj = parser.parse(new FileReader(path+files[x]));\n\n            JSONArray jsonarray = (JSONArray) obj;\n           \n            for (int j = 0; j &lt; jsonarray.size(); j++) {\n            \tJSONObject jsonobject = ((JSONObject)jsonarray.get(j));\n            \t\n            \tsubType = (String) jsonobject.get(\"subtype\");\n            \t\tif (subType == null) {\n            \t\t\ttext = (String) jsonobject.get(\"text\");\n            \t\t\tIDmentioned = isMention(text);\n            \t\t\tmainID =  (String) jsonobject.get(\"user\");\n            \t\t\t\n            \t\t\tif(IDmentioned != null) {\n            \t\t\t\tif( name.equals(b.convertIDtoName(IDmentioned)))\n            \t\t\t\t\tfill(b.convertIDtoName(mainID),b.convertIDtoName(IDmentioned));\t\n            \t\t\t\t\n            \t\t\t\t\n            \t\t\t\t\n            \t\t\t}\n            \t\t\t\n            \t\n            \t}\n            }\n            }\n\t            \n\t\t\n\n\t        } catch (FileNotFoundException e) {\n\t            e.printStackTrace();\n\t        \n\t        } catch (IOException e) {\n\t            e.printStackTrace();\n\t        \n\t        } catch (ParseException e) {\n\t            e.printStackTrace();\n\t        \n\t        }catch (NullPointerException e) {\n\t        \tSystem.out.println(\"nome channel errato\");\n\t        }\n\t\t\n\t\t\n\t\t\n\t\t\n\t\n\t\t\n\t\n\tSystem.out.println(this.fromTo);\n\n}",
        "ts": "1525972746.000174"
    },
    {
        "type": "message",
        "user": "U9PJQ7YP6",
        "text": "\/\/funzione che prende in input un nome e restituisce i mention che parono da quel nome \t\n\tvoid MentionByUser(String name){\n\t\tChannel a = new Channel();\n\t\tMember b = new Member();\n\t\tString path= new String();\n\t\tString text = new String();\n\t\tString subType= new String();\n\t\tString IDmentioned = new String(); \/\/stringa che salva l'ID della persona menzionata\n\t\tString mainID = new String(); \/\/string che salva l'ID della persona che fa partire il Mention\n\t\tString[] files;\n\t\t\n\t\t\n\t\tJSONParser parser = new JSONParser();\n\t\tfor(int i = 0;i&lt;a.num_channel();i++) {\n\t\t\tpath = stdPath+a.channelList(i)+\"\/\";\n\t        try {\n\t        \tfiles=listfile(path);\n\t        \tfor(int x=0 ; x&lt;files.length; x++) {\n\n\t            Object obj = parser.parse(new FileReader(path+files[x]));\n\n\t            JSONArray jsonarray = (JSONArray) obj;\n\t           \n\t            for (int j = 0; j &lt; jsonarray.size(); j++) {\n\t            \tJSONObject jsonobject = ((JSONObject)jsonarray.get(j));\n\t            \t\n\t            \tsubType = (String) jsonobject.get(\"subtype\");\n\t            \t\tif (subType == null) {\n\t            \t\t\ttext = (String) jsonobject.get(\"text\");\n\t            \t\t\tIDmentioned = isMention(text);\n\t            \t\t\tmainID =  (String) jsonobject.get(\"user\");\n\t            \t\t\t\n\t            \t\t\tif(IDmentioned != null) {\n\t            \t\t\t\tif( name.equals(b.convertIDtoName(mainID))) \n\t            \t\t\t\t\n\t            \t\t\tfill(b.convertIDtoName(mainID),b.convertIDtoName(IDmentioned));\t\n\t            \t\t\t\t\n\t            \t\t\t\t\t\n\t            \t\t\t\t\n\t            \t\t\t}\n\t            \t\t\t\n\t            \t\n\t            \t}\n\t            }\n\t            }\n\t\t            \n\t\t\t\n\n\t\t        } catch (FileNotFoundException e) {\n\t\t            e.printStackTrace();\n\t\t        \n\t\t        } catch (IOException e) {\n\t\t            e.printStackTrace();\n\t\t        \n\t\t        } catch (ParseException e) {\n\t\t            e.printStackTrace();\n\t\t        \n\t\t        }\n\t\t\t\n\t\t\t\n\t\t\t\n\t\t\t\n\t\t\n\t\t\t\n\t\t}\n\t\tSystem.out.println(this.fromTo);\n\t\t\n\t\n\t\t\n\t}\n\n\/\/funzione che prende in input un nome e un channel e restituisce i mention che partono dal nome \n\/\/nel canale specificato\n\tvoid MentionByUser(String name,String channel) {\n\t\tMember b = new Member();\n\t\tString path= new String();\n\t\tString text = new String();\n\t\tString subType= new String();\n\t\tString IDmentioned = new String(); \/\/stringa che salva l'ID della persona menzionata\n\t\tString mainID = new String(); \/\/string che salva l'ID della persona che fa partire il Mention\n\t\tString[] files;\n\t\t\n\t\tJSONParser parser = new JSONParser();\n\t\t\n\t\t\tpath = stdPath+channel+\"\/\";\n\t        try {\n\t        \tfiles=listfile(path);\n\t        \tfor(int x=0 ; x&lt;files.length; x++) {\n\n\t            Object obj = parser.parse(new FileReader(path+files[x]));\n\n\t            JSONArray jsonarray = (JSONArray) obj;\n\t           \n\t            for (int j = 0; j &lt; jsonarray.size(); j++) {\n\t            \tJSONObject jsonobject = ((JSONObject)jsonarray.get(j));\n\t            \t\n\t            \tsubType = (String) jsonobject.get(\"subtype\");\n\t            \t\tif (subType == null) {\n\t            \t\t\ttext = (String) jsonobject.get(\"text\");\n\t            \t\t\tIDmentioned = isMention(text);\n\t            \t\t\tmainID =  (String) jsonobject.get(\"user\");\n\t            \t\t\t\n\t            \t\t\tif(IDmentioned != null) {\n\t            \t\t\t\tif( name.equals(b.convertIDtoName(mainID)))\n\t            \t\t\tfill(b.convertIDtoName(mainID),b.convertIDtoName(IDmentioned));\t\n\t            \t\t\t\t\n\t            \t\t\t\t\n\t            \t\t\t\t\n\t            \t\t\t}\n\t            \t\t\t\n\t            \t\n\t            \t}\n\t            }\n\t            }\n\t\t            \n\t\t\t\n\n\t\t        } catch (FileNotFoundException e) {\n\t\t            e.printStackTrace();\n\t\t        \n\t\t        } catch (IOException e) {\n\t\t            e.printStackTrace();\n\t\t        \n\t\t        } catch (ParseException e) {\n\t\t            e.printStackTrace();\n\t\t        \n\t\t        }catch (NullPointerException e) {\n\t\t        \tSystem.out.println(\"nome channel errato\");\n\t\t        }\n\t\t\t\n\t\t\t\n\t\t\t\n\t\t\t\n\t\t\n\t\t\t\n\t\t\n\t\tSystem.out.println(this.fromTo);\n\t\n\t}",
        "ts": "1525975490.000557"
    }
]