[
    {
        "type": "message",
        "user": "U9P3D2S8Z",
        "text": "raga oggi dobbiamo trovarci?",
        "ts": "1526465146.000293"
    },
    {
        "type": "message",
        "user": "U9P373ASV",
        "text": "Se volete iniziare a vedere qualcosa",
        "client_msg_id": "e1551f4b-7b95-44a9-954c-99265fd79324",
        "ts": "1526476414.000479"
    },
    {
        "type": "message",
        "user": "U9P373ASV",
        "text": "Però oggi io e daniele non ci siamo",
        "client_msg_id": "d5530bdf-e759-4244-bfde-340d6a195912",
        "ts": "1526476424.000273"
    },
    {
        "type": "message",
        "user": "U9P3D2S8Z",
        "text": "Okay okay",
        "client_msg_id": "c22c3b3a-d507-4abb-8744-791b03e89935",
        "ts": "1526476431.000090"
    },
    {
        "type": "message",
        "user": "U9NQ1QL72",
        "text": "direi facciamo domani che oggi gianmarco neanche c'è",
        "ts": "1526477046.000674"
    }
]