[
    {
        "user": "U9Q9CDE0P",
        "text": "<@U9Q9CDE0P> has joined the channel",
        "type": "message",
        "subtype": "channel_join",
        "ts": "1525801623.000261"
    },
    {
        "type": "message",
        "user": "U9Q9CDE0P",
        "text": "Ragazzi scusate l'intromissione, per testare il mio programma stavo vedendo i mention del vostro canale e li stavo confrontando con quelli restituiti dall'applicazione, non so perchè mi abbia fatto entrare.",
        "ts": "1525802507.000082"
    },
    {
        "type": "message",
        "user": "U9Q9CDE0P",
        "text": "Esco subito",
        "ts": "1525802518.000868"
    }
]