[
    {
        "type": "message",
        "user": "U9P6VLG6A",
        "text": "<@U9MQSS657> <@U9NSX31U2> abbiamo termianto la issue#38 adesso il main e' molto piu snello e si integra con l'opzione di emilio per l'implementazione di nuove funzionalita in \"debug mode\"",
        "client_msg_id": "5382fa95-a2f7-4fa5-9833-cce6b9442f50",
        "ts": "1525687690.000100"
    },
    {
        "type": "message",
        "user": "U9NSX31U2",
        "text": "good",
        "client_msg_id": "836e0878-a24d-4e91-9d61-2477967d24a5",
        "ts": "1525688024.000165"
    },
    {
        "type": "message",
        "user": "U9P6VLG6A",
        "text": "Mo che ti sbrighi controlla la pull che poi mergio\n",
        "attachments": [
            {
                "fallback": "[May 7th, 2018 12:13 PM] xdariocorsinix: good",
                "ts": "1525688024.000165",
                "author_id": "U9NSX31U2",
                "author_subname": "Dario Corsini",
                "channel_id": "C9MMVQVL0",
                "channel_name": "hamming",
                "is_msg_unfurl": true,
                "text": "good",
                "author_name": "Dario Corsini",
                "author_link": "https:\/\/ingsw1718.slack.com\/team\/U9NSX31U2",
                "author_icon": "https:\/\/avatars.slack-edge.com\/2018-04-10\/344392437253_16234c80e4f2a49d01c2_48.jpg",
                "mrkdwn_in": [
                    "text"
                ],
                "color": "D0D0D0",
                "from_url": "https:\/\/ingsw1718.slack.com\/archives\/C9MMVQVL0\/p1525688024000165",
                "is_share": true,
                "footer": "Posted in #hamming"
            }
        ],
        "ts": "1525691208.000267"
    }
]