[
    {
        "type": "message",
        "user": "U9P6VLG6A",
        "text": "<@U9MQSS657> abbiamo con ottavio risolto il problema di scansione dei nomi delle cartelle in \/src\/main\/java\/it\/uniba\/core\/MentionsList.java  bisogna cambiare la stringa \nChannel channel = channels.getChannel(key.replaceAll(\" \\\\d+$\", \"\"));",
        "ts": "1526457783.000569"
    },
    {
        "type": "message",
        "user": "U9P6VLG6A",
        "text": "in\n Channel channel = channels.getChannel(key.replaceAll(\"((\\\\\/ )|(\\\\\\\\ ))\\\\d+$\", \"\"));",
        "ts": "1526457801.000489"
    }
]