[
    {
        "type": "message",
        "user": "U9P6VLG6A",
        "text": "Ma quindi il primo sprint non e' da chiudere?",
        "client_msg_id": "32bd3f30-cdca-4f56-adaa-72c9078ab54d",
        "ts": "1525351333.000126"
    },
    {
        "type": "message",
        "user": "U9P6VLG6A",
        "text": "O lo chiudiamo con la pubblicazione del voto?",
        "client_msg_id": "83f69aae-0013-4246-abb7-aae5983ad5b7",
        "ts": "1525351346.000066"
    },
    {
        "type": "message",
        "user": "U9NSX31U2",
        "text": "non si chiude niente... la chiusura l abbiamo fatta dicendo il nome del gruppo sul canale delle consegne",
        "ts": "1525355532.000852"
    },
    {
        "type": "message",
        "user": "U9P6VLG6A",
        "text": "Su github dico",
        "client_msg_id": "0943e723-8e98-4572-86f6-b9ac21b7d4f5",
        "ts": "1525357351.000479"
    },
    {
        "type": "message",
        "user": "U9MML6PLG",
        "text": "allora allora",
        "ts": "1525360984.000685"
    },
    {
        "type": "message",
        "user": "U9MML6PLG",
        "text": "stavo guardando i file json e credo che per quanto riguarda la soluzione al problema del riconoscimento dell'immagine piuttosto che il mention appunto sia che nell'immagine c'è un campo nel file json chiamato \"subtype\" in cui, per l'immagine o per lo share tipo quelli che effettua il professore sul canale gihub, vi è scritto file_share",
        "ts": "1525361133.000261"
    },
    {
        "type": "message",
        "user": "U9MML6PLG",
        "text": "bisogna vedere cosa succede se io faccio un mention con anche l'immagine",
        "edited": {
            "user": "U9MML6PLG",
            "ts": "1525361190.000000"
        },
        "ts": "1525361172.000329"
    },
    {
        "type": "message",
        "user": "U9MML6PLG",
        "text": "c'è un cristiano che alle 7 e 38 del pomeriggio del 9 aprile ha messo sia immagine che mention",
        "ts": "1525361489.000862"
    },
    {
        "type": "message",
        "user": "U9P6VLG6A",
        "text": "E il json come e'?",
        "client_msg_id": "82366ef8-e8f4-4c02-8601-f18ff8ee9e63",
        "ts": "1525361523.000343"
    },
    {
        "type": "message",
        "user": "U9MML6PLG",
        "text": "te lo stavo copiando",
        "ts": "1525361628.000591"
    },
    {
        "type": "message",
        "user": "U9MML6PLG",
        "text": "ma è grande",
        "ts": "1525361631.000093"
    },
    {
        "type": "message",
        "user": "U9MML6PLG",
        "text": "aspè",
        "ts": "1525361632.000090"
    },
    {
        "type": "message",
        "subtype": "file_share",
        "text": "<@U9MML6PLG> uploaded a file: <https:\/\/ingsw1718.slack.com\/files\/U9MML6PLG\/FAH9C18HF\/immagine_con_mention.txt|immagine con mention.txt>",
        "file": {
            "id": "FAH9C18HF",
            "created": 1525361682,
            "timestamp": 1525361682,
            "name": "immagine con mention.txt",
            "title": "immagine con mention.txt",
            "mimetype": "text\/plain",
            "filetype": "text",
            "pretty_type": "Plain Text",
            "user": "U9MML6PLG",
            "editable": true,
            "size": 4340,
            "mode": "snippet",
            "is_external": false,
            "external_type": "",
            "is_public": true,
            "public_url_shared": false,
            "display_as_bot": false,
            "username": "",
            "url_private": "https:\/\/files.slack.com\/files-pri\/T9BAB138B-FAH9C18HF\/immagine_con_mention.txt?t=xoxe-317351037283-365207707586-364511306800-333c6acf63d6b69e07fd249ca7d3d9ee",
            "url_private_download": "https:\/\/files.slack.com\/files-pri\/T9BAB138B-FAH9C18HF\/download\/immagine_con_mention.txt?t=xoxe-317351037283-365207707586-364511306800-333c6acf63d6b69e07fd249ca7d3d9ee",
            "permalink": "https:\/\/ingsw1718.slack.com\/files\/U9MML6PLG\/FAH9C18HF\/immagine_con_mention.txt",
            "permalink_public": "https:\/\/slack-files.com\/T9BAB138B-FAH9C18HF-7e3eed3c07",
            "edit_link": "https:\/\/ingsw1718.slack.com\/files\/U9MML6PLG\/FAH9C18HF\/immagine_con_mention.txt\/edit",
            "preview": "{\r\n        \"type\": \"message\",\r\n        \"subtype\": \"file_share\",\r\n        \"text\": \"<@UA2P4MQ23> uploaded a file: <https:\\\/\\\/ingsw1718.slack.com\\\/files\\\/UA2P4MQ23\\\/FA305PN9W\\\/cattura.png|Cattura.PNG> and commented: <@U9BD7NMPC>  Team <#CA26BD085|thacker>\",\r\n        \"file\": {\r",
            "preview_highlight": "<div class=\"CodeMirror cm-s-default CodeMirrorServer\" oncopy=\"if(event.clipboardData){event.clipboardData.setData('text\/plain',window.getSelection().toString().replace(\/\\u200b\/g,''));event.preventDefault();event.stopPropagation();}\">\n<div class=\"CodeMirror-code\">\n<div><pre>{<\/pre><\/div>\n<div><pre>        &quot;type&quot;: &quot;message&quot;,<\/pre><\/div>\n<div><pre>        &quot;subtype&quot;: &quot;file_share&quot;,<\/pre><\/div>\n<div><pre>        &quot;text&quot;: &quot;&lt;@UA2P4MQ23&gt; uploaded a file: &lt;https:\\\/\\\/ingsw1718.slack.com\\\/files\\\/UA2P4MQ23\\\/FA305PN9W\\\/cattura.png|Cattura.PNG&gt; and commented: &lt;@U9BD7NMPC&gt;  Team &lt;#CA26BD085|thacker&gt;&quot;,<\/pre><\/div>\n<div><pre>        &quot;file&quot;: {<\/pre><\/div>\n<div><pre><\/pre><\/div>\n<\/div>\n<\/div>\n",
            "lines": 71,
            "lines_more": 66,
            "preview_is_truncated": true,
            "channels": [],
            "groups": [],
            "ims": [],
            "comments_count": 0,
            "num_stars": 1
        },
        "user": "U9MML6PLG",
        "upload": true,
        "display_as_bot": false,
        "username": "dipierro.tiz",
        "bot_id": null,
        "ts": "1525361683.000319"
    },
    {
        "type": "message",
        "user": "U9MML6PLG",
        "text": "credo sia",
        "ts": "1525361816.000069"
    },
    {
        "type": "message",
        "user": "U9MML6PLG",
        "text": "and commented:",
        "ts": "1525361819.000798"
    },
    {
        "type": "message",
        "user": "U9MML6PLG",
        "text": "perchè corrisponde proprio",
        "ts": "1525361827.000207"
    },
    {
        "type": "message",
        "user": "U9MML6PLG",
        "text": "quindi se dopo \"and commented\" c'è \"&lt;@....qualcosa&gt;\" allora c'è un mention",
        "edited": {
            "user": "U9MML6PLG",
            "ts": "1525362066.000000"
        },
        "ts": "1525361880.000719"
    },
    {
        "type": "message",
        "user": "U9P6VLG6A",
        "text": "Piu tardi ci guardo",
        "client_msg_id": "dd3eb294-1770-4e2b-ba37-d1cd150c9edf",
        "ts": "1525364425.000102"
    },
    {
        "type": "message",
        "user": "U9P6VLG6A",
        "text": "Dobbiamo verificare cosa succede al nostro programma con il nuovo workspace. Prima nn c'erano utenti cancellati...",
        "attachments": [
            {
                "fallback": "[May 3rd, 2018 8:06 PM] pioraffaelefina: Parlo a nome del gruppo <#C9PCTK26A|shamir>:\nnell'implementazione del comando members ordiniamo la lista dei membri accedendo al campo \"real_name\" presente nel file \"users.json\". Testando l'applicazione con un dataset differente (quello usato in fase di valutazione: test.zip), abbiamo riscontrato che alcuni membri non presentano il campo \"real_name\" (supponiamo si tratti di utenti cancellati).\nQuindi qualsiasi metodo che accede al campo \"real_name\" (nel nostro caso il metodo di ordinamento) genera un eccezione dato che questo risulta null.\nAbbiamo risolto effettuando un controllo esplicito sulla presenza del campo \"real_name\", modificando la funzione di ordinamento.",
                "ts": "1525370773.000171",
                "author_id": "U9Q3DHX0V",
                "author_subname": "Pio Raffaele Fina",
                "channel_id": "CA3EZFFGR",
                "channel_name": "assistenza",
                "is_msg_unfurl": true,
                "text": "Parlo a nome del gruppo <#C9PCTK26A|shamir>:\nnell'implementazione del comando members ordiniamo la lista dei membri accedendo al campo \"real_name\" presente nel file \"users.json\". Testando l'applicazione con un dataset differente (quello usato in fase di valutazione: test.zip), abbiamo riscontrato che alcuni membri non presentano il campo \"real_name\" (supponiamo si tratti di utenti cancellati).\nQuindi qualsiasi metodo che accede al campo \"real_name\" (nel nostro caso il metodo di ordinamento) genera un eccezione dato che questo risulta null.\nAbbiamo risolto effettuando un controllo esplicito sulla presenza del campo \"real_name\", modificando la funzione di ordinamento.",
                "author_name": "Pio Raffaele Fina",
                "author_link": "https:\/\/ingsw1718.slack.com\/team\/U9Q3DHX0V",
                "author_icon": "https:\/\/avatars.slack-edge.com\/2018-03-17\/331047603424_3bab76883cace9f994dc_48.jpg",
                "mrkdwn_in": [
                    "text"
                ],
                "color": "D0D0D0",
                "from_url": "https:\/\/ingsw1718.slack.com\/archives\/CA3EZFFGR\/p1525370773000171",
                "is_share": true,
                "footer": "Posted in #assistenza"
            }
        ],
        "ts": "1525371160.000152"
    },
    {
        "type": "message",
        "user": "U9MML6PLG",
        "text": "ehm nn credo sia gestibile questo: in general ho trovato questo caso sempre il nove aprile alle 7 e 27 pm, ma nel file jason non vi è traccia del mention",
        "attachments": [
            {
                "fallback": "[May 3rd, 2018 1:35 PM] ulissis1996: Professore , andranno conteggiati anche eventuali @mention nei threads ?",
                "ts": "1525379720.000729",
                "author_id": "U9NRSQ859",
                "author_subname": "Donato Leone",
                "channel_id": "CA3EZFFGR",
                "channel_name": "assistenza",
                "is_msg_unfurl": true,
                "text": "Professore , andranno conteggiati anche eventuali @mention nei threads ?",
                "author_name": "Donato Leone",
                "author_link": "https:\/\/ingsw1718.slack.com\/team\/U9NRSQ859",
                "author_icon": "https:\/\/avatars.slack-edge.com\/2018-03-13\/328977176658_88c8f7e65962ec024a07_48.jpg",
                "mrkdwn_in": [
                    "text"
                ],
                "color": "D0D0D0",
                "from_url": "https:\/\/ingsw1718.slack.com\/archives\/CA3EZFFGR\/p1525379720000729",
                "is_share": true,
                "footer": "Posted in #assistenza"
            }
        ],
        "ts": "1525380371.000200"
    }
]