[
    {
        "type": "message",
        "user": "U9P6VLG6A",
        "text": "ho trovato una cosa strana...",
        "ts": "1526047134.000653"
    },
    {
        "type": "message",
        "user": "U9P6VLG6A",
        "text": "se fai git log ti escono branch remoti che non vengono visualizzati su github",
        "ts": "1526047164.000196"
    },
    {
        "type": "message",
        "user": "U9P6VLG6A",
        "text": "tipo questi",
        "ts": "1526047174.000525"
    },
    {
        "type": "message",
        "subtype": "file_share",
        "text": "<@U9P6VLG6A> uploaded a file: <https:\/\/ingsw1718.slack.com\/files\/U9P6VLG6A\/FAN21C736\/image.png|image.png>",
        "file": {
            "id": "FAN21C736",
            "created": 1526047204,
            "timestamp": 1526047204,
            "name": "image.png",
            "title": "image.png",
            "mimetype": "image\/png",
            "filetype": "png",
            "pretty_type": "PNG",
            "user": "U9P6VLG6A",
            "editable": false,
            "size": 176027,
            "mode": "hosted",
            "is_external": false,
            "external_type": "",
            "is_public": true,
            "public_url_shared": false,
            "display_as_bot": false,
            "username": "",
            "url_private": "https:\/\/files.slack.com\/files-pri\/T9BAB138B-FAN21C736\/image.png?t=xoxe-317351037283-365207707586-364511306800-333c6acf63d6b69e07fd249ca7d3d9ee",
            "url_private_download": "https:\/\/files.slack.com\/files-pri\/T9BAB138B-FAN21C736\/download\/image.png?t=xoxe-317351037283-365207707586-364511306800-333c6acf63d6b69e07fd249ca7d3d9ee",
            "thumb_64": "https:\/\/files.slack.com\/files-tmb\/T9BAB138B-FAN21C736-66abd3a7c9\/image_64.png?t=xoxe-317351037283-365207707586-364511306800-333c6acf63d6b69e07fd249ca7d3d9ee",
            "thumb_80": "https:\/\/files.slack.com\/files-tmb\/T9BAB138B-FAN21C736-66abd3a7c9\/image_80.png?t=xoxe-317351037283-365207707586-364511306800-333c6acf63d6b69e07fd249ca7d3d9ee",
            "thumb_360": "https:\/\/files.slack.com\/files-tmb\/T9BAB138B-FAN21C736-66abd3a7c9\/image_360.png?t=xoxe-317351037283-365207707586-364511306800-333c6acf63d6b69e07fd249ca7d3d9ee",
            "thumb_360_w": 360,
            "thumb_360_h": 203,
            "thumb_480": "https:\/\/files.slack.com\/files-tmb\/T9BAB138B-FAN21C736-66abd3a7c9\/image_480.png?t=xoxe-317351037283-365207707586-364511306800-333c6acf63d6b69e07fd249ca7d3d9ee",
            "thumb_480_w": 480,
            "thumb_480_h": 270,
            "thumb_160": "https:\/\/files.slack.com\/files-tmb\/T9BAB138B-FAN21C736-66abd3a7c9\/image_160.png?t=xoxe-317351037283-365207707586-364511306800-333c6acf63d6b69e07fd249ca7d3d9ee",
            "thumb_720": "https:\/\/files.slack.com\/files-tmb\/T9BAB138B-FAN21C736-66abd3a7c9\/image_720.png?t=xoxe-317351037283-365207707586-364511306800-333c6acf63d6b69e07fd249ca7d3d9ee",
            "thumb_720_w": 720,
            "thumb_720_h": 405,
            "thumb_800": "https:\/\/files.slack.com\/files-tmb\/T9BAB138B-FAN21C736-66abd3a7c9\/image_800.png?t=xoxe-317351037283-365207707586-364511306800-333c6acf63d6b69e07fd249ca7d3d9ee",
            "thumb_800_w": 800,
            "thumb_800_h": 450,
            "thumb_960": "https:\/\/files.slack.com\/files-tmb\/T9BAB138B-FAN21C736-66abd3a7c9\/image_960.png?t=xoxe-317351037283-365207707586-364511306800-333c6acf63d6b69e07fd249ca7d3d9ee",
            "thumb_960_w": 960,
            "thumb_960_h": 540,
            "thumb_1024": "https:\/\/files.slack.com\/files-tmb\/T9BAB138B-FAN21C736-66abd3a7c9\/image_1024.png?t=xoxe-317351037283-365207707586-364511306800-333c6acf63d6b69e07fd249ca7d3d9ee",
            "thumb_1024_w": 1024,
            "thumb_1024_h": 576,
            "image_exif_rotation": 1,
            "original_w": 1920,
            "original_h": 1080,
            "permalink": "https:\/\/ingsw1718.slack.com\/files\/U9P6VLG6A\/FAN21C736\/image.png",
            "permalink_public": "https:\/\/slack-files.com\/T9BAB138B-FAN21C736-07aebe852b",
            "channels": [],
            "groups": [],
            "ims": [],
            "comments_count": 0
        },
        "user": "U9P6VLG6A",
        "upload": true,
        "display_as_bot": false,
        "username": "andreaelia",
        "bot_id": null,
        "ts": "1526047209.000928"
    },
    {
        "type": "message",
        "user": "U9P6VLG6A",
        "text": "qui c'e' origin\/issue#27 origin\/issue#26 origin\/issue#45",
        "ts": "1526047259.000016"
    },
    {
        "type": "message",
        "user": "U9MML6PLG",
        "text": "mi risulta che è stato tolto l'issue",
        "ts": "1526049952.000131"
    },
    {
        "type": "message",
        "user": "U9P6VLG6A",
        "text": "da github nn si vede nulla",
        "ts": "1526049976.000743"
    },
    {
        "type": "message",
        "user": "U9P6VLG6A",
        "text": "a me escono nuovi(vecchi) brranch gia cancellati",
        "ts": "1526050006.000749"
    },
    {
        "type": "message",
        "user": "U9P6VLG6A",
        "text": "escono sicuro anche a te qualcuno",
        "ts": "1526050017.000293"
    },
    {
        "type": "message",
        "user": "U9P6VLG6A",
        "text": "fai git branch -r e ti escono quelli remoti",
        "ts": "1526050042.000679"
    },
    {
        "type": "message",
        "user": "U9MML6PLG",
        "text": "no parlavo dell'assegnamento",
        "ts": "1526050115.000701"
    },
    {
        "type": "message",
        "user": "U9MML6PLG",
        "text": "dell'issue",
        "ts": "1526050118.000214"
    },
    {
        "type": "message",
        "user": "U9P6VLG6A",
        "text": "oddio mi sono dimenticato di fare i javadoc....",
        "ts": "1526067435.000208"
    },
    {
        "type": "message",
        "user": "U9P6VLG6A",
        "text": "non mergiate...",
        "ts": "1526067439.000412"
    },
    {
        "type": "message",
        "user": "U9P6VLG6A",
        "text": "domani li faccio",
        "ts": "1526067446.000251"
    },
    {
        "type": "message",
        "user": "U9P6VLG6A",
        "text": "e faccio anche un output nel caso in cui non ci siano mentions da visualizzare",
        "ts": "1526067468.000391"
    }
]