[
    {
        "type": "message",
        "user": "U9P6VLG6A",
        "text": "ok... fatto",
        "ts": "1526199576.000070"
    },
    {
        "type": "message",
        "user": "U9P6VLG6A",
        "text": "<@U9NSX31U2> controlla accetta e fai merge",
        "ts": "1526199612.000080"
    },
    {
        "type": "message",
        "user": "U9P6VLG6A",
        "text": "allora ho modificato il programma per fare la stampa di tutte le mentions di tutti i canali senza effettuare il set",
        "ts": "1526227432.000107"
    },
    {
        "type": "message",
        "subtype": "file_share",
        "text": "<@U9P6VLG6A> uploaded a file: <https:\/\/ingsw1718.slack.com\/files\/U9P6VLG6A\/FANRL4KRR\/-.txt|Untitled>",
        "file": {
            "id": "FANRL4KRR",
            "created": 1526227447,
            "timestamp": 1526227447,
            "name": "-.txt",
            "title": "Untitled",
            "mimetype": "text\/plain",
            "filetype": "text",
            "pretty_type": "Plain Text",
            "user": "U9P6VLG6A",
            "editable": true,
            "size": 15082,
            "mode": "snippet",
            "is_external": false,
            "external_type": "",
            "is_public": true,
            "public_url_shared": false,
            "display_as_bot": false,
            "username": "",
            "url_private": "https:\/\/files.slack.com\/files-pri\/T9BAB138B-FANRL4KRR\/-.txt?t=xoxe-317351037283-365207707586-364511306800-333c6acf63d6b69e07fd249ca7d3d9ee",
            "url_private_download": "https:\/\/files.slack.com\/files-pri\/T9BAB138B-FANRL4KRR\/download\/-.txt?t=xoxe-317351037283-365207707586-364511306800-333c6acf63d6b69e07fd249ca7d3d9ee",
            "permalink": "https:\/\/ingsw1718.slack.com\/files\/U9P6VLG6A\/FANRL4KRR\/-.txt",
            "permalink_public": "https:\/\/slack-files.com\/T9BAB138B-FANRL4KRR-abfab6f3fb",
            "edit_link": "https:\/\/ingsw1718.slack.com\/files\/U9P6VLG6A\/FANRL4KRR\/-.txt\/edit",
            "preview": "@mention rivest\tFROM: Mario                         TO: Fabio\r\n@mention liskov\tFROM: Caterina                      TO: Alessandra Dagnello\r\n@mention liskov\tFROM: Caterina                      TO: Silvia Lorusso\r\n@mention shamir\tFROM: Francesco Lippolis            TO: Pio Raffaele Fina\r\n@mention shamir\tFROM: Marco Cafaro                  TO: Lanubile\r",
            "preview_highlight": "<div class=\"CodeMirror cm-s-default CodeMirrorServer\" oncopy=\"if(event.clipboardData){event.clipboardData.setData('text\/plain',window.getSelection().toString().replace(\/\\u200b\/g,''));event.preventDefault();event.stopPropagation();}\">\n<div class=\"CodeMirror-code\">\n<div><pre>@mention rivest FROM: Mario                         TO: Fabio<\/pre><\/div>\n<div><pre>@mention liskov FROM: Caterina                      TO: Alessandra Dagnello<\/pre><\/div>\n<div><pre>@mention liskov FROM: Caterina                      TO: Silvia Lorusso<\/pre><\/div>\n<div><pre>@mention shamir FROM: Francesco Lippolis            TO: Pio Raffaele Fina<\/pre><\/div>\n<div><pre>@mention shamir FROM: Marco Cafaro                  TO: Lanubile<\/pre><\/div>\n<div><pre><\/pre><\/div>\n<\/div>\n<\/div>\n",
            "lines": 212,
            "lines_more": 207,
            "preview_is_truncated": true,
            "channels": [],
            "groups": [],
            "ims": [],
            "comments_count": 0,
            "reactions": [
                {
                    "name": "+1",
                    "users": [
                        "U9NAK1VB5"
                    ],
                    "count": 1
                }
            ]
        },
        "user": "U9P6VLG6A",
        "upload": true,
        "display_as_bot": false,
        "username": "andreaelia",
        "bot_id": null,
        "ts": "1526227447.000050"
    },
    {
        "type": "message",
        "user": "U9P6VLG6A",
        "text": "$ docker run -v \/c:\/ns softenginfuniba\/hamming -z \/ns\/Users\/Andrea\/Documents\/uniba\/ingsw\/ingsw1718May3.zip --mentions-from \"Simone Cicerello\" shamir\n@mention        FROM: Simone Cicerello              TO: Francesco Lippolis\n@mention        FROM: Simone Cicerello              TO: Giovanni Forleo",
        "ts": "1526231696.000101"
    },
    {
        "type": "message",
        "user": "U9P6VLG6A",
        "text": "su shamir non lo fa",
        "ts": "1526231702.000066"
    },
    {
        "type": "message",
        "user": "U9NAK1VB5",
        "text": "lo fa",
        "ts": "1526232168.000007"
    },
    {
        "type": "message",
        "user": "U9P6VLG6A",
        "text": "se uso il mention-from e mention-to non lo fa pero'",
        "ts": "1526232251.000113"
    },
    {
        "type": "message",
        "user": "U9P6VLG6A",
        "text": "cazzo",
        "ts": "1526232253.000087"
    },
    {
        "type": "message",
        "user": "U9P6VLG6A",
        "text": "che cosa sbaglia!!",
        "ts": "1526232260.000037"
    }
]