[
    {
        "user": "U9N7WANGG",
        "text": "<@U9N7WANGG> has joined the channel",
        "type": "message",
        "subtype": "channel_join",
        "ts": "1525635799.000114"
    },
    {
        "user": "U9N7WANGG",
        "purpose": "channel to be deleted",
        "text": "<@U9N7WANGG> set the channel purpose: channel to be deleted",
        "type": "message",
        "subtype": "channel_purpose",
        "ts": "1525635800.000077"
    },
    {
        "type": "message",
        "user": "U9N7WANGG",
        "text": "<@U9NSLHZAQ>",
        "edited": {
            "user": "U9N7WANGG",
            "ts": "1525635842.000000"
        },
        "ts": "1525635815.000016"
    },
    {
        "user": "U9N7WANGG",
        "text": "<@U9N7WANGG> archived the channel",
        "type": "message",
        "subtype": "channel_archive",
        "ts": "1525636662.000062"
    }
]