[
    {
        "type": "message",
        "subtype": "file_share",
        "text": "<@U9SUDJ8J2> uploaded a file: <https:\/\/ingsw1718.slack.com\/files\/U9SUDJ8J2\/FAP3YJFRU\/schermata_2018-05-11_alle_13.17.10.png|Tab gradle exec.png> and commented: <@U9CDZPXLN> Professore scusi se la disturbo, faccio parte del gruppo floyd, abbiamo modificato i files build.gradle e .gitignore secondo quanto scritto da lei su general, ma purtroppo non riesco a capire perchè i report non vengono creati in locale (ho visto che su Travis-CI ci sono), quindi non posso caricarlo nel repository tramite git.\nHo notato che la la build passa su Travis, e Gradle mi restituisce build successful nel tab “console” di eclipse senza errori o warning, ma nel tab “gradle execution” la prima voce run build è segnata in rosso, il resto sono tutte verdi.",
        "file": {
            "id": "FAP3YJFRU",
            "created": 1526041951,
            "timestamp": 1526041951,
            "name": "Schermata 2018-05-11 alle 13.17.10.png",
            "title": "Tab gradle exec.png",
            "mimetype": "image\/png",
            "filetype": "png",
            "pretty_type": "PNG",
            "user": "U9SUDJ8J2",
            "editable": false,
            "size": 182890,
            "mode": "hosted",
            "is_external": false,
            "external_type": "",
            "is_public": true,
            "public_url_shared": false,
            "display_as_bot": false,
            "username": "",
            "url_private": "https:\/\/files.slack.com\/files-pri\/T9BAB138B-FAP3YJFRU\/schermata_2018-05-11_alle_13.17.10.png?t=xoxe-317351037283-365207707586-364511306800-333c6acf63d6b69e07fd249ca7d3d9ee",
            "url_private_download": "https:\/\/files.slack.com\/files-pri\/T9BAB138B-FAP3YJFRU\/download\/schermata_2018-05-11_alle_13.17.10.png?t=xoxe-317351037283-365207707586-364511306800-333c6acf63d6b69e07fd249ca7d3d9ee",
            "thumb_64": "https:\/\/files.slack.com\/files-tmb\/T9BAB138B-FAP3YJFRU-4bb6f043a6\/schermata_2018-05-11_alle_13.17.10_64.png?t=xoxe-317351037283-365207707586-364511306800-333c6acf63d6b69e07fd249ca7d3d9ee",
            "thumb_80": "https:\/\/files.slack.com\/files-tmb\/T9BAB138B-FAP3YJFRU-4bb6f043a6\/schermata_2018-05-11_alle_13.17.10_80.png?t=xoxe-317351037283-365207707586-364511306800-333c6acf63d6b69e07fd249ca7d3d9ee",
            "thumb_360": "https:\/\/files.slack.com\/files-tmb\/T9BAB138B-FAP3YJFRU-4bb6f043a6\/schermata_2018-05-11_alle_13.17.10_360.png?t=xoxe-317351037283-365207707586-364511306800-333c6acf63d6b69e07fd249ca7d3d9ee",
            "thumb_360_w": 360,
            "thumb_360_h": 191,
            "thumb_480": "https:\/\/files.slack.com\/files-tmb\/T9BAB138B-FAP3YJFRU-4bb6f043a6\/schermata_2018-05-11_alle_13.17.10_480.png?t=xoxe-317351037283-365207707586-364511306800-333c6acf63d6b69e07fd249ca7d3d9ee",
            "thumb_480_w": 480,
            "thumb_480_h": 255,
            "thumb_160": "https:\/\/files.slack.com\/files-tmb\/T9BAB138B-FAP3YJFRU-4bb6f043a6\/schermata_2018-05-11_alle_13.17.10_160.png?t=xoxe-317351037283-365207707586-364511306800-333c6acf63d6b69e07fd249ca7d3d9ee",
            "thumb_720": "https:\/\/files.slack.com\/files-tmb\/T9BAB138B-FAP3YJFRU-4bb6f043a6\/schermata_2018-05-11_alle_13.17.10_720.png?t=xoxe-317351037283-365207707586-364511306800-333c6acf63d6b69e07fd249ca7d3d9ee",
            "thumb_720_w": 720,
            "thumb_720_h": 382,
            "thumb_800": "https:\/\/files.slack.com\/files-tmb\/T9BAB138B-FAP3YJFRU-4bb6f043a6\/schermata_2018-05-11_alle_13.17.10_800.png?t=xoxe-317351037283-365207707586-364511306800-333c6acf63d6b69e07fd249ca7d3d9ee",
            "thumb_800_w": 800,
            "thumb_800_h": 424,
            "thumb_960": "https:\/\/files.slack.com\/files-tmb\/T9BAB138B-FAP3YJFRU-4bb6f043a6\/schermata_2018-05-11_alle_13.17.10_960.png?t=xoxe-317351037283-365207707586-364511306800-333c6acf63d6b69e07fd249ca7d3d9ee",
            "thumb_960_w": 960,
            "thumb_960_h": 509,
            "thumb_1024": "https:\/\/files.slack.com\/files-tmb\/T9BAB138B-FAP3YJFRU-4bb6f043a6\/schermata_2018-05-11_alle_13.17.10_1024.png?t=xoxe-317351037283-365207707586-364511306800-333c6acf63d6b69e07fd249ca7d3d9ee",
            "thumb_1024_w": 1024,
            "thumb_1024_h": 543,
            "image_exif_rotation": 1,
            "original_w": 1614,
            "original_h": 856,
            "permalink": "https:\/\/ingsw1718.slack.com\/files\/U9SUDJ8J2\/FAP3YJFRU\/schermata_2018-05-11_alle_13.17.10.png",
            "permalink_public": "https:\/\/slack-files.com\/T9BAB138B-FAP3YJFRU-9cf6c73ca1",
            "channels": [],
            "groups": [],
            "ims": [],
            "comments_count": 1,
            "initial_comment": {
                "id": "FcAP3YKCMU",
                "created": 1526041951,
                "timestamp": 1526041951,
                "user": "U9SUDJ8J2",
                "is_intro": true,
                "comment": "<@U9CDZPXLN> Professore scusi se la disturbo, faccio parte del gruppo floyd, abbiamo modificato i files build.gradle e .gitignore secondo quanto scritto da lei su general, ma purtroppo non riesco a capire perchè i report non vengono creati in locale (ho visto che su Travis-CI ci sono), quindi non posso caricarlo nel repository tramite git.\nHo notato che la la build passa su Travis, e Gradle mi restituisce build successful nel tab “console” di eclipse senza errori o warning, ma nel tab “gradle execution” la prima voce run build è segnata in rosso, il resto sono tutte verdi."
            }
        },
        "user": "U9SUDJ8J2",
        "upload": true,
        "display_as_bot": false,
        "username": "a.eliotropio",
        "bot_id": null,
        "ts": "1526041955.000135"
    },
    {
        "type": "message",
        "user": "U9BD7NMPC",
        "text": "<@U9SUDJ8J2> Ripristinate il .gitignore allo stato precedente e caricate manualmente i report. Fate prima. Verificate se ripristinando la vecchia versione del build.gradle avete lo stesso problema",
        "thread_ts": "1526042117.000317",
        "reply_count": 3,
        "replies": [
            {
                "user": "U9SUDJ8J2",
                "ts": "1526042172.000131"
            },
            {
                "user": "U9BD7NMPC",
                "ts": "1526057879.000601"
            },
            {
                "user": "U9SUDJ8J2",
                "ts": "1526057988.000692"
            }
        ],
        "unread_count": 3,
        "ts": "1526042117.000317"
    },
    {
        "text": "Prof ma i report non me li crea, li posso vedere solo da Travis-CI",
        "thread_ts": "1526042117.000317",
        "type": "message",
        "subtype": "thread_broadcast",
        "user": "U9SUDJ8J2",
        "root": {
            "type": "message",
            "user": "U9BD7NMPC",
            "text": "<@U9SUDJ8J2> Ripristinate il .gitignore allo stato precedente e caricate manualmente i report. Fate prima. Verificate se ripristinando la vecchia versione del build.gradle avete lo stesso problema",
            "thread_ts": "1526042117.000317",
            "reply_count": 3,
            "replies": [
                {
                    "user": "U9SUDJ8J2",
                    "ts": "1526042172.000131"
                },
                {
                    "user": "U9BD7NMPC",
                    "ts": "1526057879.000601"
                },
                {
                    "user": "U9SUDJ8J2",
                    "ts": "1526057988.000692"
                }
            ],
            "unread_count": 3,
            "ts": "1526042117.000317"
        },
        "ts": "1526042172.000131"
    },
    {
        "type": "message",
        "user": "U9NRSQ859",
        "text": "<@U9SUDJ8J2> fai tasto destro sul pallino rosso e controlla l'errore che ti da :slightly_smiling_face:",
        "thread_ts": "1526043578.000339",
        "reply_count": 2,
        "replies": [
            {
                "user": "U9SUDJ8J2",
                "ts": "1526043700.000375"
            },
            {
                "user": "U9NRSQ859",
                "ts": "1526048186.000282"
            }
        ],
        "unread_count": 2,
        "ts": "1526043578.000339"
    },
    {
        "type": "message",
        "user": "U9SUDJ8J2",
        "text": "org.gradle.tooling.internal.protocol.test.InternalTestExecutionException: Error while running test(s) \nChe non ho capito come risolvere",
        "thread_ts": "1526043578.000339",
        "parent_user_id": "U9NRSQ859",
        "ts": "1526043700.000375"
    },
    {
        "type": "message",
        "user": "U9NRSQ859",
        "text": "Hai cancellato per caso i casi di test di junit ? Perchè leggo che potrebbe essere questo il problema",
        "thread_ts": "1526043578.000339",
        "parent_user_id": "U9NRSQ859",
        "ts": "1526048186.000282"
    },
    {
        "type": "message",
        "user": "U9NSLHZAQ",
        "text": "Salve, in definiva, se noi volessimo cercare i mentions provenienti o in arrivo a un determinato user, ad esempio se volessimo usare come user lei prof. Lanubile, dovremmo passare come parametro: \"filippo.lanubile\" oppure \"Lanubile\" come appare su slack? Grazie",
        "thread_ts": "1525962220.000104",
        "parent_user_id": "U9JS0QR60",
        "ts": "1526052163.000676"
    },
    {
        "type": "message",
        "user": "U9BD7NMPC",
        "text": "Nemmeno con lo script gradle originale? Mi pare strano. Che ne pensi <@U9CDZPXLN>?",
        "thread_ts": "1526042117.000317",
        "parent_user_id": "U9BD7NMPC",
        "ts": "1526057879.000601"
    },
    {
        "type": "message",
        "user": "U9SUDJ8J2",
        "text": "Da questo errore org.gradle.tooling.internal.protocol.test.InternalTestExecutionException: Error while running test(s) \nChe non ho capito come risolvere, con qualsiasi classe parta grade.\nDovevo provare a rimettere i test junit ma non l'ho ancora fatto",
        "client_msg_id": "25195e66-4171-493f-a64c-772d416edd32",
        "thread_ts": "1526042117.000317",
        "parent_user_id": "U9BD7NMPC",
        "ts": "1526057988.000692"
    },
    {
        "type": "message",
        "user": "U9BD7NMPC",
        "text": "io preferisco come appare su slack",
        "thread_ts": "1525962220.000104",
        "parent_user_id": "U9JS0QR60",
        "ts": "1526058196.000235"
    },
    {
        "type": "message",
        "user": "U9NSLHZAQ",
        "text": "Vabene grazie, un'altra cosa prof <@U9BD7NMPC>: poiché la sintassi dei nomi su slack è variabile, non è un problema se da riga di comando si è obbligati a inserire il nome dell'user tra parentesi quadre [ ] ? Perché è l'unica soluzione che mi viene in mente per poter capire, tra i parametri passati, quali sono i quelli contenenti l'user e quali i restanti.",
        "thread_ts": "1525962220.000104",
        "parent_user_id": "U9JS0QR60",
        "ts": "1526061126.000566"
    },
    {
        "type": "message",
        "user": "U9N7WANGG",
        "text": "<@U9BD7NMPC> prof, siccome Slack nella UI può avere tag identici per diversi utenti (e questo succede, per esempio, quando due utenti hanno lo stesso full_name e nessuno dei due ha il display_name) , non esiste un modo per determinare univocamente di quale utente si stia parlando ",
        "client_msg_id": "c0f7da69-f94f-42df-b56c-e0bffae0a525",
        "edited": {
            "user": "U9N7WANGG",
            "ts": "1526107815.000000"
        },
        "ts": "1526075802.000140",
        "reactions": [
            {
                "name": "+1",
                "users": [
                    "U9NG44DUJ",
                    "U9NSLHZAQ"
                ],
                "count": 2
            }
        ]
    }
]