[
    {
        "type": "message",
        "subtype": "file_share",
        "text": "<@U9P18U17X> uploaded a file: <https:\/\/ingsw1718.slack.com\/files\/U9P18U17X\/FALUSBALE\/gitignore.png|gitIgnore.PNG> and commented: prof abbiamo riscontrato che pur creando la cartella build (che nel mio caso era già presente in locale) questa non viene caricata in remoto. Ho notato che nel file .gitIgnore, nell'ultima riga è presente il proprio \/build\/ (allego foto). Bisogna eliminare tale riga da .gitIgnore?",
        "file": {
            "id": "FALUSBALE",
            "created": 1525776010,
            "timestamp": 1525776010,
            "name": "gitIgnore.PNG",
            "title": "gitIgnore.PNG",
            "mimetype": "image\/png",
            "filetype": "png",
            "pretty_type": "PNG",
            "user": "U9P18U17X",
            "editable": false,
            "size": 18845,
            "mode": "hosted",
            "is_external": false,
            "external_type": "",
            "is_public": true,
            "public_url_shared": false,
            "display_as_bot": false,
            "username": "",
            "url_private": "https:\/\/files.slack.com\/files-pri\/T9BAB138B-FALUSBALE\/gitignore.png?t=xoxe-317351037283-365207707586-364511306800-333c6acf63d6b69e07fd249ca7d3d9ee",
            "url_private_download": "https:\/\/files.slack.com\/files-pri\/T9BAB138B-FALUSBALE\/download\/gitignore.png?t=xoxe-317351037283-365207707586-364511306800-333c6acf63d6b69e07fd249ca7d3d9ee",
            "thumb_64": "https:\/\/files.slack.com\/files-tmb\/T9BAB138B-FALUSBALE-e4bfe03829\/gitignore_64.png?t=xoxe-317351037283-365207707586-364511306800-333c6acf63d6b69e07fd249ca7d3d9ee",
            "thumb_80": "https:\/\/files.slack.com\/files-tmb\/T9BAB138B-FALUSBALE-e4bfe03829\/gitignore_80.png?t=xoxe-317351037283-365207707586-364511306800-333c6acf63d6b69e07fd249ca7d3d9ee",
            "thumb_360": "https:\/\/files.slack.com\/files-tmb\/T9BAB138B-FALUSBALE-e4bfe03829\/gitignore_360.png?t=xoxe-317351037283-365207707586-364511306800-333c6acf63d6b69e07fd249ca7d3d9ee",
            "thumb_360_w": 360,
            "thumb_360_h": 352,
            "thumb_480": "https:\/\/files.slack.com\/files-tmb\/T9BAB138B-FALUSBALE-e4bfe03829\/gitignore_480.png?t=xoxe-317351037283-365207707586-364511306800-333c6acf63d6b69e07fd249ca7d3d9ee",
            "thumb_480_w": 480,
            "thumb_480_h": 470,
            "thumb_160": "https:\/\/files.slack.com\/files-tmb\/T9BAB138B-FALUSBALE-e4bfe03829\/gitignore_160.png?t=xoxe-317351037283-365207707586-364511306800-333c6acf63d6b69e07fd249ca7d3d9ee",
            "image_exif_rotation": 1,
            "original_w": 698,
            "original_h": 683,
            "permalink": "https:\/\/ingsw1718.slack.com\/files\/U9P18U17X\/FALUSBALE\/gitignore.png",
            "permalink_public": "https:\/\/slack-files.com\/T9BAB138B-FALUSBALE-d39f69eb2e",
            "channels": [],
            "groups": [],
            "ims": [],
            "comments_count": 1,
            "initial_comment": {
                "id": "FcAKUZV1R9",
                "created": 1525776010,
                "timestamp": 1525776010,
                "user": "U9P18U17X",
                "is_intro": true,
                "comment": "prof abbiamo riscontrato che pur creando la cartella build (che nel mio caso era già presente in locale) questa non viene caricata in remoto. Ho notato che nel file .gitIgnore, nell'ultima riga è presente il proprio \/build\/ (allego foto). Bisogna eliminare tale riga da .gitIgnore?"
            },
            "reactions": [
                {
                    "name": "+1",
                    "users": [
                        "U9NJ4EYM7"
                    ],
                    "count": 1
                }
            ]
        },
        "user": "U9P18U17X",
        "upload": true,
        "display_as_bot": false,
        "username": "m.amato17",
        "bot_id": null,
        "ts": "1525776012.000344"
    },
    {
        "type": "message",
        "user": "U9CDZPXLN",
        "text": "<@U9P18U17X> <!channel> corretto, bisogna cambiare il file `.gitignore` in questa mandiera, sostituiendo l’ultima riga `\/build\/` con:\n```\n\/build\/classes\n\/build\/distributions\n\/build\/jacoco\n\/build\/libs\n\/build\/scripts\n\/build\/test-results\n```\n\ndopodichè si puo’ aggiungere la cartella `\/build\/reports` a Git",
        "ts": "1525777040.000050",
        "reactions": [
            {
                "name": "heavy_check_mark",
                "users": [
                    "U9P18U17X"
                ],
                "count": 1
            }
        ]
    },
    {
        "type": "message",
        "user": "U9BD7NMPC",
        "text": "<@U9NDPBTNF> Unix\/Linux e WIndows usano rappresentazioni diverse per l'EOF. E' probabile che il problema sia lì",
        "thread_ts": "1525713271.000299",
        "parent_user_id": "U9NJ8R37E",
        "ts": "1525777328.000310"
    },
    {
        "type": "message",
        "user": "U9NDPBTNF",
        "text": "<@U9BD7NMPC> professore il problema l'abbiamo riscontrato solo su una piccola parte dei file .json, rimuovendo tali file il programma parte e da i risultati attesi.",
        "client_msg_id": "54a3ea8b-d6f4-4208-9cce-889c763d2628",
        "thread_ts": "1525713271.000299",
        "parent_user_id": "U9NJ8R37E",
        "ts": "1525777525.000444"
    },
    {
        "type": "message",
        "user": "U9BD7NMPC",
        "text": "se non avete capito qual è il problema potrebbe ripresentarsi",
        "thread_ts": "1525713271.000299",
        "parent_user_id": "U9NJ8R37E",
        "ts": "1525777784.000271"
    },
    {
        "type": "message",
        "user": "U9BD7NMPC",
        "text": "fate voi",
        "thread_ts": "1525713271.000299",
        "parent_user_id": "U9NJ8R37E",
        "ts": "1525777791.000362"
    },
    {
        "type": "message",
        "subtype": "file_share",
        "text": "<@U9NQ8RQ67> uploaded a file: <https:\/\/ingsw1718.slack.com\/files\/U9NQ8RQ67\/FAKBZN53J\/image.png|README.png> and commented: Mi chiedevo nel file README.md, opportunamente modificato dopo l'inserimento di build\/reports, cosa dovremmo scrivere nel campo: \"Nel seguito si dettagliano i ruoli dei diversi componenti:\"?",
        "file": {
            "id": "FAKBZN53J",
            "created": 1525778591,
            "timestamp": 1525778591,
            "name": "image.png",
            "title": "README.png",
            "mimetype": "image\/png",
            "filetype": "png",
            "pretty_type": "PNG",
            "user": "U9NQ8RQ67",
            "editable": false,
            "size": 127392,
            "mode": "hosted",
            "is_external": false,
            "external_type": "",
            "is_public": true,
            "public_url_shared": false,
            "display_as_bot": false,
            "username": "",
            "url_private": "https:\/\/files.slack.com\/files-pri\/T9BAB138B-FAKBZN53J\/image.png?t=xoxe-317351037283-365207707586-364511306800-333c6acf63d6b69e07fd249ca7d3d9ee",
            "url_private_download": "https:\/\/files.slack.com\/files-pri\/T9BAB138B-FAKBZN53J\/download\/image.png?t=xoxe-317351037283-365207707586-364511306800-333c6acf63d6b69e07fd249ca7d3d9ee",
            "thumb_64": "https:\/\/files.slack.com\/files-tmb\/T9BAB138B-FAKBZN53J-4f77e94927\/image_64.png?t=xoxe-317351037283-365207707586-364511306800-333c6acf63d6b69e07fd249ca7d3d9ee",
            "thumb_80": "https:\/\/files.slack.com\/files-tmb\/T9BAB138B-FAKBZN53J-4f77e94927\/image_80.png?t=xoxe-317351037283-365207707586-364511306800-333c6acf63d6b69e07fd249ca7d3d9ee",
            "thumb_360": "https:\/\/files.slack.com\/files-tmb\/T9BAB138B-FAKBZN53J-4f77e94927\/image_360.png?t=xoxe-317351037283-365207707586-364511306800-333c6acf63d6b69e07fd249ca7d3d9ee",
            "thumb_360_w": 325,
            "thumb_360_h": 360,
            "thumb_480": "https:\/\/files.slack.com\/files-tmb\/T9BAB138B-FAKBZN53J-4f77e94927\/image_480.png?t=xoxe-317351037283-365207707586-364511306800-333c6acf63d6b69e07fd249ca7d3d9ee",
            "thumb_480_w": 434,
            "thumb_480_h": 480,
            "thumb_160": "https:\/\/files.slack.com\/files-tmb\/T9BAB138B-FAKBZN53J-4f77e94927\/image_160.png?t=xoxe-317351037283-365207707586-364511306800-333c6acf63d6b69e07fd249ca7d3d9ee",
            "thumb_720": "https:\/\/files.slack.com\/files-tmb\/T9BAB138B-FAKBZN53J-4f77e94927\/image_720.png?t=xoxe-317351037283-365207707586-364511306800-333c6acf63d6b69e07fd249ca7d3d9ee",
            "thumb_720_w": 651,
            "thumb_720_h": 720,
            "thumb_800": "https:\/\/files.slack.com\/files-tmb\/T9BAB138B-FAKBZN53J-4f77e94927\/image_800.png?t=xoxe-317351037283-365207707586-364511306800-333c6acf63d6b69e07fd249ca7d3d9ee",
            "thumb_800_w": 800,
            "thumb_800_h": 885,
            "image_exif_rotation": 1,
            "original_w": 801,
            "original_h": 886,
            "permalink": "https:\/\/ingsw1718.slack.com\/files\/U9NQ8RQ67\/FAKBZN53J\/image.png",
            "permalink_public": "https:\/\/slack-files.com\/T9BAB138B-FAKBZN53J-5e975f7a35",
            "channels": [],
            "groups": [],
            "ims": [],
            "comments_count": 1,
            "initial_comment": {
                "id": "FcAKBZNPTJ",
                "created": 1525778591,
                "timestamp": 1525778591,
                "user": "U9NQ8RQ67",
                "is_intro": true,
                "comment": "Mi chiedevo nel file README.md, opportunamente modificato dopo l'inserimento di build\/reports, cosa dovremmo scrivere nel campo: \"Nel seguito si dettagliano i ruoli dei diversi componenti:\"?"
            }
        },
        "user": "U9NQ8RQ67",
        "upload": true,
        "display_as_bot": false,
        "username": "m.loi",
        "bot_id": null,
        "ts": "1525778593.000235"
    },
    {
        "type": "message",
        "user": "U9BD7NMPC",
        "text": "Mandiamo noi una nuova versione del README.md",
        "ts": "1525778855.000348",
        "reactions": [
            {
                "name": "+1",
                "users": [
                    "U9NQ8RQ67",
                    "U9N6Y2L9W"
                ],
                "count": 2
            }
        ]
    }
]