[
    {
        "type": "message",
        "user": "U9NQ3SVMH",
        "text": "Ragazzi, abbiamo riscontrato un problema con travis CI. In questo momento i processi rimangono in \"waiting to be queued\" e non si avviano. Anche a voi si sta verificando questo problema?",
        "ts": "1525255570.000012"
    },
    {
        "type": "message",
        "user": "U9SUDJ8J2",
        "text": "A noi faceva la stessa cosa lunedì, dopo un po’ partivano, ma bisogna aspettare",
        "ts": "1525255622.000122"
    },
    {
        "type": "message",
        "user": "U9NQ3SVMH",
        "text": "Noi stiamo aspettando da circa 20 minuti. In realta' ieri si e' avviato in circa 3 minuti.",
        "ts": "1525255765.000005"
    },
    {
        "type": "message",
        "user": "U9CDZPXLN",
        "text": "<@U9NQ3SVMH> “waiting to be queued” non è error. Vi è stato gia’ spiegato che tutti i processi sono concorrenti per lo stesso utente (softeng-inf). Ci sono piu’ di 30 progetti, se in piu’ fate partire piu’ processi per lo stesso progetto… dove avere pazienza… e, possibilmente, evitare di arrivare tutti all’ultimo minuto, in prossimita’ della fine dello sprint.",
        "ts": "1525255911.000140"
    },
    {
        "type": "message",
        "user": "U9NQ3SVMH",
        "text": "Si', sapevamo che l'attesa dipendesse dal numero di processi, ma ci sembrava fosse anomalo l' elevato tempo impiegato.",
        "ts": "1525256195.000354"
    },
    {
        "type": "message",
        "user": "U9PBHQU3H",
        "text": "<#C9NEL4BRA|micali> il nostro software funziona perfettamente se lo esportiamo e lo eseguiamo direttamente sulla nostra macchina, su Docker invece non riesce a trovare il file zip dell'export. Abbiamo provato tutte le soluzioni proposte qui sopra e non sappiamo più cosa fare. Qualcuno ha qualche soluzione che non è ancora stata scritta?",
        "client_msg_id": "6b0cd309-6fef-49a6-9e2a-d7ad5f40643a",
        "ts": "1525270622.000340"
    },
    {
        "type": "message",
        "user": "U9PJQ7YP6",
        "text": "Anche noi siamo nella stessa situazione, siamo del gruppo <#C9Q9H3R7Y|tarjan>.",
        "client_msg_id": "9fd1b20e-9dbd-4738-a2ca-5ddf1ed355d3",
        "ts": "1525270764.000502"
    },
    {
        "type": "message",
        "user": "U9N9XTY8H",
        "text": "Con che parametri eseguite Docker?",
        "ts": "1525270796.000606"
    },
    {
        "type": "message",
        "user": "U9PJQ7YP6",
        "text": "Noi abbiamo seguito le istruzioni riportate su general da Ferrante, però il file zip non viene comunque trovato. Abbiamo provato anche altre soluzioni ma nulla.",
        "client_msg_id": "9efc2bbf-e5de-4d6a-8e00-6061f34c213f",
        "ts": "1525271687.000127"
    },
    {
        "type": "message",
        "user": "U9Q9CDE0P",
        "text": "Domanda stupida",
        "client_msg_id": "46cfced6-19cb-47f9-8ada-d6eb2531301d",
        "ts": "1525271711.000387"
    },
    {
        "type": "message",
        "user": "U9Q9CDE0P",
        "text": "Il file ha gli spazi?",
        "client_msg_id": "eca1c55d-037a-49b2-83b4-98fcc4d3d32a",
        "ts": "1525271716.000386"
    },
    {
        "type": "message",
        "user": "U9NQ1QL72",
        "text": "No",
        "client_msg_id": "b16413f4-e4d1-431f-8909-f312464dadc4",
        "ts": "1525271786.000792"
    },
    {
        "type": "message",
        "user": "U9PUAUSRM",
        "text": "Scrivete il comando che passate per far partire l'applicazione dalla vostra macchina, il comando di docker, e il sistema operativo della vostra macchina, non fateci andare a tentativi per indovinare cosa non va.",
        "ts": "1525271888.000887",
        "reactions": [
            {
                "name": "+1",
                "users": [
                    "U9BD7NMPC"
                ],
                "count": 1
            }
        ]
    },
    {
        "type": "message",
        "user": "U9NQ1QL72",
        "text": "Docker run -v \/c:\/ns softenginfuniba\/tarjan -z ns\/Users\/filas\/Desktop\/ingsw1718.zip -c members",
        "client_msg_id": "da78f4e6-65d0-45f2-be00-0abe77727bbc",
        "ts": "1525272015.000180"
    },
    {
        "type": "message",
        "user": "U9NQ1QL72",
        "text": "Su windows",
        "client_msg_id": "3fd7aef7-8788-4f1c-8ee0-1212fe65ccd9",
        "ts": "1525272019.000253"
    },
    {
        "type": "message",
        "user": "U9NDPBTNF",
        "text": "E l'errore che ricevete qual è?",
        "client_msg_id": "a49cd730-f2da-460c-bc3c-8a66459661d0",
        "ts": "1525272047.000554"
    },
    {
        "type": "message",
        "subtype": "file_share",
        "text": "<@U9NQ1QL72> uploaded a file: <https:\/\/ingsw1718.slack.com\/files\/U9NQ1QL72\/FAH770B0D\/img_20180502_164111.jpg|IMG_20180502_164111.jpg>",
        "file": {
            "id": "FAH770B0D",
            "created": 1525272108,
            "timestamp": 1525272108,
            "name": "IMG_20180502_164111.jpg",
            "title": "IMG_20180502_164111.jpg",
            "mimetype": "image\/jpeg",
            "filetype": "jpg",
            "pretty_type": "JPEG",
            "user": "U9NQ1QL72",
            "editable": false,
            "size": 6615163,
            "mode": "hosted",
            "is_external": false,
            "external_type": "",
            "is_public": true,
            "public_url_shared": false,
            "display_as_bot": false,
            "username": "",
            "url_private": "https:\/\/files.slack.com\/files-pri\/T9BAB138B-FAH770B0D\/img_20180502_164111.jpg?t=xoxe-317351037283-365207707586-364511306800-333c6acf63d6b69e07fd249ca7d3d9ee",
            "url_private_download": "https:\/\/files.slack.com\/files-pri\/T9BAB138B-FAH770B0D\/download\/img_20180502_164111.jpg?t=xoxe-317351037283-365207707586-364511306800-333c6acf63d6b69e07fd249ca7d3d9ee",
            "thumb_64": "https:\/\/files.slack.com\/files-tmb\/T9BAB138B-FAH770B0D-4b2afbc0c1\/img_20180502_164111_64.jpg?t=xoxe-317351037283-365207707586-364511306800-333c6acf63d6b69e07fd249ca7d3d9ee",
            "thumb_80": "https:\/\/files.slack.com\/files-tmb\/T9BAB138B-FAH770B0D-4b2afbc0c1\/img_20180502_164111_80.jpg?t=xoxe-317351037283-365207707586-364511306800-333c6acf63d6b69e07fd249ca7d3d9ee",
            "thumb_360": "https:\/\/files.slack.com\/files-tmb\/T9BAB138B-FAH770B0D-4b2afbc0c1\/img_20180502_164111_360.jpg?t=xoxe-317351037283-365207707586-364511306800-333c6acf63d6b69e07fd249ca7d3d9ee",
            "thumb_360_w": 360,
            "thumb_360_h": 270,
            "thumb_480": "https:\/\/files.slack.com\/files-tmb\/T9BAB138B-FAH770B0D-4b2afbc0c1\/img_20180502_164111_480.jpg?t=xoxe-317351037283-365207707586-364511306800-333c6acf63d6b69e07fd249ca7d3d9ee",
            "thumb_480_w": 480,
            "thumb_480_h": 360,
            "thumb_160": "https:\/\/files.slack.com\/files-tmb\/T9BAB138B-FAH770B0D-4b2afbc0c1\/img_20180502_164111_160.jpg?t=xoxe-317351037283-365207707586-364511306800-333c6acf63d6b69e07fd249ca7d3d9ee",
            "thumb_720": "https:\/\/files.slack.com\/files-tmb\/T9BAB138B-FAH770B0D-4b2afbc0c1\/img_20180502_164111_720.jpg?t=xoxe-317351037283-365207707586-364511306800-333c6acf63d6b69e07fd249ca7d3d9ee",
            "thumb_720_w": 720,
            "thumb_720_h": 540,
            "thumb_800": "https:\/\/files.slack.com\/files-tmb\/T9BAB138B-FAH770B0D-4b2afbc0c1\/img_20180502_164111_800.jpg?t=xoxe-317351037283-365207707586-364511306800-333c6acf63d6b69e07fd249ca7d3d9ee",
            "thumb_800_w": 800,
            "thumb_800_h": 600,
            "thumb_960": "https:\/\/files.slack.com\/files-tmb\/T9BAB138B-FAH770B0D-4b2afbc0c1\/img_20180502_164111_960.jpg?t=xoxe-317351037283-365207707586-364511306800-333c6acf63d6b69e07fd249ca7d3d9ee",
            "thumb_960_w": 960,
            "thumb_960_h": 720,
            "thumb_1024": "https:\/\/files.slack.com\/files-tmb\/T9BAB138B-FAH770B0D-4b2afbc0c1\/img_20180502_164111_1024.jpg?t=xoxe-317351037283-365207707586-364511306800-333c6acf63d6b69e07fd249ca7d3d9ee",
            "thumb_1024_w": 1024,
            "thumb_1024_h": 768,
            "image_exif_rotation": 1,
            "original_w": 4000,
            "original_h": 3000,
            "permalink": "https:\/\/ingsw1718.slack.com\/files\/U9NQ1QL72\/FAH770B0D\/img_20180502_164111.jpg",
            "permalink_public": "https:\/\/slack-files.com\/T9BAB138B-FAH770B0D-6355f10fb9",
            "channels": [],
            "groups": [],
            "ims": [],
            "comments_count": 0
        },
        "user": "U9NQ1QL72",
        "upload": true,
        "display_as_bot": false,
        "username": "iaia.daniele97",
        "bot_id": null,
        "ts": "1525272113.000751"
    },
    {
        "type": "message",
        "user": "U9NDPBTNF",
        "text": "Siete certi che il file zip si trovi in quella posizione sul pc windows?",
        "client_msg_id": "a0eb7cf5-f70b-4502-b42a-5eeff297f289",
        "ts": "1525272160.000492"
    },
    {
        "type": "message",
        "user": "U9NQ1QL72",
        "text": "Si",
        "client_msg_id": "fc030930-c8c5-44df-9627-6962eb17dc6a",
        "ts": "1525272174.000281"
    },
    {
        "type": "message",
        "user": "U9N9XTY8H",
        "text": "Voi usate un oggetto Scanner per prendere la linea da console?",
        "ts": "1525272195.000124"
    },
    {
        "type": "message",
        "user": "U9PUAUSRM",
        "text": "Windows pro? Avete docker normale o toolbox?",
        "ts": "1525272195.000364"
    },
    {
        "type": "message",
        "user": "U9NQ1QL72",
        "text": "Normale su windows pro",
        "client_msg_id": "f15bff12-253c-4a04-a2fc-1c5c998809c7",
        "ts": "1525272207.000201"
    },
    {
        "type": "message",
        "user": "U9NAWRB2Q",
        "text": "scusate ma \"-z\" è un comando che era proprio di ferrante",
        "ts": "1525272216.000472"
    },
    {
        "type": "message",
        "user": "U9NAWRB2Q",
        "text": "quindi o voi l'avete strutturato come ferrante oppure il vostro problema è che in args[0] vi legge il -z",
        "ts": "1525272238.000265"
    },
    {
        "type": "message",
        "user": "U9PUAUSRM",
        "text": "Ho la soluzione: tasto destro sull'icona di docker nel tray, aprite i settings, in una delle tendine (non ricordo quale) vedrete la lista dei dischi sul vostro sistema, spuntate quelli che dovete usare.",
        "ts": "1525272278.000271"
    },
    {
        "type": "message",
        "user": "U9NQ1QL72",
        "text": "Già fatto non va' comunque",
        "client_msg_id": "fddc85d7-6f03-4e78-bc9b-239e7a5b3398",
        "ts": "1525272315.000788"
    },
    {
        "type": "message",
        "user": "U9PUAUSRM",
        "text": "Scusa, con che comando fate partire l'applicazione su windows?",
        "ts": "1525272351.000928"
    },
    {
        "type": "message",
        "user": "U9PUAUSRM",
        "text": "al di fuori di docker intendo.",
        "ts": "1525272360.000529"
    },
    {
        "type": "message",
        "user": "U9NQ1QL72",
        "text": "Fino ad ora lo abbiamo provato solo attraverso eclipse",
        "client_msg_id": "0fc88db0-f64c-4a2d-80f1-7208f95b11cb",
        "ts": "1525272448.000493"
    },
    {
        "type": "message",
        "user": "U9NQ8RQ67",
        "text": "Ma avete creato una funzione che prende l'input da tastiera?",
        "ts": "1525272476.000015"
    },
    {
        "type": "message",
        "user": "U9PUAUSRM",
        "text": "e che gli passate ad eclipse? :neutral_face:",
        "ts": "1525272481.000701"
    },
    {
        "type": "message",
        "user": "U9PUAUSRM",
        "text": "gli passerete gli argomenti in qualche modo",
        "ts": "1525272489.000791"
    },
    {
        "type": "message",
        "user": "U9NQ1QL72",
        "text": "Attraverso scanner",
        "client_msg_id": "aacd1d28-107e-48d5-aa7b-4c7a114300d9",
        "ts": "1525272568.000898"
    },
    {
        "type": "message",
        "user": "U9PNL8V9U",
        "text": "I parametri vanno tutti inseriti da linea di comando",
        "client_msg_id": "5DD9AC24-D8E5-41E8-A89B-ED6725431F4A",
        "ts": "1525272597.000420",
        "reactions": [
            {
                "name": "+1",
                "users": [
                    "U9BD7NMPC"
                ],
                "count": 1
            }
        ]
    },
    {
        "type": "message",
        "user": "U9PNL8V9U",
        "text": "Non si deve richiedere nulla da tastiera dopo aver lanciato il programma ",
        "client_msg_id": "0FBC6E8A-4F5A-4CAA-8E46-80B1A2AADBB1",
        "ts": "1525272611.000358"
    },
    {
        "type": "message",
        "user": "U9VUKMBU4",
        "text": "Noi lo scriviamo così: docker run -v \/c:\/ns -it softenginfuniba\/kahn ns\/Users\/file \/path\/nomeFilezip.zip &lt;comando&gt;",
        "ts": "1525272691.000891"
    },
    {
        "type": "message",
        "user": "U9PUAUSRM",
        "text": "Non mi interessa che libreria usate per fare il parsing, voglio sapere cosa avete detto ad eclipse di usare come argomenti xD non mi sembra difficile come domanda. xD",
        "ts": "1525272795.000238"
    },
    {
        "type": "message",
        "user": "U9NAWRB2Q",
        "text": "scusate quando provate il programma su eclipse mettete qualcosa in run configuration alla voce arguments?",
        "ts": "1525272944.000576"
    },
    {
        "type": "message",
        "user": "U9NQ1QL72",
        "text": "No",
        "client_msg_id": "ae87b7ec-34c0-4fb4-8015-0ec8c907cd62",
        "ts": "1525273034.000187"
    },
    {
        "type": "message",
        "user": "U9NAWRB2Q",
        "text": "quindi voi fate run e poi dall'interno del programma passate tutto?",
        "ts": "1525273103.000043"
    },
    {
        "type": "message",
        "user": "U9NQ1QL72",
        "text": "Si",
        "client_msg_id": "89b906f7-aff2-437c-a84f-25d7dcfd323a",
        "ts": "1525273235.000177"
    },
    {
        "type": "message",
        "user": "U9NAWRB2Q",
        "text": "se fate così sappiate che il prof ha chiesto espressamente che i comandi e il percorso dello zip devono essere passati come argomenti del programma\nin questo caso il vostro errore su docker è che dopo softenginfuniba\/nomegruppo non dovete scrivere altro",
        "edited": {
            "user": "U9NAWRB2Q",
            "ts": "1525273281.000000"
        },
        "ts": "1525273262.000503",
        "reactions": [
            {
                "name": "+1",
                "users": [
                    "U9BD7NMPC"
                ],
                "count": 1
            }
        ]
    },
    {
        "type": "message",
        "user": "U9NQ1QL72",
        "text": "ok grazie allora vediamo di modificare il codice",
        "ts": "1525273419.000651"
    },
    {
        "type": "message",
        "user": "U9NAWRB2Q",
        "text": "prego",
        "ts": "1525273451.000068"
    },
    {
        "type": "message",
        "user": "U9NCMRU8H",
        "text": "Ragazzi ma una volta scritto il nome del team nel Channel consegne non possiamo più toccare ciò che sta su github giusto?",
        "client_msg_id": "9bcad45e-ac26-410e-adc5-bdd0a811706b",
        "thread_ts": "1525274614.000642",
        "reply_count": 3,
        "replies": [
            {
                "user": "U9MNETCD6",
                "ts": "1525275144.000078"
            },
            {
                "user": "U9NCMRU8H",
                "ts": "1525277201.000780"
            },
            {
                "user": "U9BD7NMPC",
                "ts": "1525282716.000448"
            }
        ],
        "unread_count": 3,
        "ts": "1525274614.000642"
    },
    {
        "type": "message",
        "user": "U9MNETCD6",
        "text": "Di regola no, una volta consegnato non dovrebbero essere concesse modifiche..",
        "thread_ts": "1525274614.000642",
        "parent_user_id": "U9NCMRU8H",
        "ts": "1525275144.000078"
    },
    {
        "type": "message",
        "subtype": "file_share",
        "text": "<@U9PQUEFAQ> uploaded a file: <https:\/\/ingsw1718.slack.com\/files\/U9PQUEFAQ\/FAJ630FHD\/image_uploaded_from_ios.jpg|Slack for iOS Upload> and commented: Ragazzi a noi risulta questo problema, quando andiamo ad avviare docker tramite Ubuntu appare questo problema ",
        "file": {
            "id": "FAJ630FHD",
            "created": 1525275670,
            "timestamp": 1525275670,
            "name": "Image uploaded from iOS.jpg",
            "title": "Slack for iOS Upload",
            "mimetype": "image\/jpeg",
            "filetype": "jpg",
            "pretty_type": "JPEG",
            "user": "U9PQUEFAQ",
            "editable": false,
            "size": 6272132,
            "mode": "hosted",
            "is_external": false,
            "external_type": "",
            "is_public": true,
            "public_url_shared": false,
            "display_as_bot": false,
            "username": "",
            "url_private": "https:\/\/files.slack.com\/files-pri\/T9BAB138B-FAJ630FHD\/image_uploaded_from_ios.jpg?t=xoxe-317351037283-365207707586-364511306800-333c6acf63d6b69e07fd249ca7d3d9ee",
            "url_private_download": "https:\/\/files.slack.com\/files-pri\/T9BAB138B-FAJ630FHD\/download\/image_uploaded_from_ios.jpg?t=xoxe-317351037283-365207707586-364511306800-333c6acf63d6b69e07fd249ca7d3d9ee",
            "thumb_64": "https:\/\/files.slack.com\/files-tmb\/T9BAB138B-FAJ630FHD-773938f0aa\/image_uploaded_from_ios_64.jpg?t=xoxe-317351037283-365207707586-364511306800-333c6acf63d6b69e07fd249ca7d3d9ee",
            "thumb_80": "https:\/\/files.slack.com\/files-tmb\/T9BAB138B-FAJ630FHD-773938f0aa\/image_uploaded_from_ios_80.jpg?t=xoxe-317351037283-365207707586-364511306800-333c6acf63d6b69e07fd249ca7d3d9ee",
            "thumb_360": "https:\/\/files.slack.com\/files-tmb\/T9BAB138B-FAJ630FHD-773938f0aa\/image_uploaded_from_ios_360.jpg?t=xoxe-317351037283-365207707586-364511306800-333c6acf63d6b69e07fd249ca7d3d9ee",
            "thumb_360_w": 360,
            "thumb_360_h": 238,
            "thumb_480": "https:\/\/files.slack.com\/files-tmb\/T9BAB138B-FAJ630FHD-773938f0aa\/image_uploaded_from_ios_480.jpg?t=xoxe-317351037283-365207707586-364511306800-333c6acf63d6b69e07fd249ca7d3d9ee",
            "thumb_480_w": 480,
            "thumb_480_h": 317,
            "thumb_160": "https:\/\/files.slack.com\/files-tmb\/T9BAB138B-FAJ630FHD-773938f0aa\/image_uploaded_from_ios_160.jpg?t=xoxe-317351037283-365207707586-364511306800-333c6acf63d6b69e07fd249ca7d3d9ee",
            "thumb_720": "https:\/\/files.slack.com\/files-tmb\/T9BAB138B-FAJ630FHD-773938f0aa\/image_uploaded_from_ios_720.jpg?t=xoxe-317351037283-365207707586-364511306800-333c6acf63d6b69e07fd249ca7d3d9ee",
            "thumb_720_w": 720,
            "thumb_720_h": 475,
            "thumb_800": "https:\/\/files.slack.com\/files-tmb\/T9BAB138B-FAJ630FHD-773938f0aa\/image_uploaded_from_ios_800.jpg?t=xoxe-317351037283-365207707586-364511306800-333c6acf63d6b69e07fd249ca7d3d9ee",
            "thumb_800_w": 800,
            "thumb_800_h": 528,
            "thumb_960": "https:\/\/files.slack.com\/files-tmb\/T9BAB138B-FAJ630FHD-773938f0aa\/image_uploaded_from_ios_960.jpg?t=xoxe-317351037283-365207707586-364511306800-333c6acf63d6b69e07fd249ca7d3d9ee",
            "thumb_960_w": 960,
            "thumb_960_h": 633,
            "thumb_1024": "https:\/\/files.slack.com\/files-tmb\/T9BAB138B-FAJ630FHD-773938f0aa\/image_uploaded_from_ios_1024.jpg?t=xoxe-317351037283-365207707586-364511306800-333c6acf63d6b69e07fd249ca7d3d9ee",
            "thumb_1024_w": 1024,
            "thumb_1024_h": 676,
            "image_exif_rotation": 1,
            "original_w": 3024,
            "original_h": 1995,
            "permalink": "https:\/\/ingsw1718.slack.com\/files\/U9PQUEFAQ\/FAJ630FHD\/image_uploaded_from_ios.jpg",
            "permalink_public": "https:\/\/slack-files.com\/T9BAB138B-FAJ630FHD-5179dd2ac8",
            "channels": [],
            "groups": [],
            "ims": [],
            "comments_count": 2,
            "initial_comment": {
                "id": "FcAH4NFH0S",
                "created": 1525275670,
                "timestamp": 1525275670,
                "user": "U9PQUEFAQ",
                "is_intro": true,
                "comment": "Ragazzi a noi risulta questo problema, quando andiamo ad avviare docker tramite Ubuntu appare questo problema "
            },
            "reactions": [
                {
                    "name": "disappointed",
                    "users": [
                        "U9BD7NMPC"
                    ],
                    "count": 1
                }
            ]
        },
        "user": "U9PQUEFAQ",
        "upload": true,
        "display_as_bot": false,
        "username": "lion-96-",
        "bot_id": null,
        "upload_reply_to": "D65215C9-CCA9-4E9B-9FA1-7568A6D675BC",
        "ts": "1525275675.000666"
    },
    {
        "type": "message",
        "user": "U9NJ3PL4D",
        "text": "È un errore del vostro codice, non dipende da docker, sono eccezioni lanciate da java, evidentemente non trova un elemento richiesto e non avete gestito questo caso",
        "client_msg_id": "b9040707-b534-4a50-b80c-a37583fb08f7",
        "ts": "1525276983.000024"
    },
    {
        "type": "message",
        "user": "U9NJ3PL4D",
        "text": "Provate a cercare informazioni in merito alle try\/catch per gestire le eccezioni",
        "client_msg_id": "21256e2b-d900-460f-a4f8-9c11443c6ad6",
        "ts": "1525277022.000278"
    },
    {
        "type": "message",
        "user": "U9NAWRB2Q",
        "text": "nelle parentesi c'è scritto il nome del file dove ha riscontrato l'errore e dopo i : c'è anche il numero della riga, quindi iniziate a investigare da lì",
        "ts": "1525277088.000110"
    },
    {
        "type": "message",
        "user": "U9NJ3PL4D",
        "text": "Sembra generare l'errore quando non specificate il path per l'unzip",
        "client_msg_id": "203c0b7a-1b41-4cae-b1cf-8c2b80a42c6e",
        "ts": "1525277127.000322"
    },
    {
        "type": "message",
        "user": "U9NCMRU8H",
        "text": "Però non è chiarito",
        "client_msg_id": "8a4309f2-2af9-4fc0-a6cf-5149a33c453f",
        "thread_ts": "1525274614.000642",
        "parent_user_id": "U9NCMRU8H",
        "ts": "1525277201.000780"
    },
    {
        "type": "message",
        "user": "U9NBB7P4K",
        "text": "A volte la il metodo nextLine non attende per l'input per svariati problemi, se cercate su Google troverete le vostre info",
        "client_msg_id": "b72eb548-3d2a-4387-af44-c8322a14c7ff",
        "ts": "1525277681.000511"
    },
    {
        "type": "message",
        "user": "U9N9XTY8H",
        "text": "Lo scanner lancia quell'errore perché docker non si aspetta un input da console in circostanze normali. Provate ad aggiungere i parametri -i -t",
        "edited": {
            "user": "U9N9XTY8H",
            "ts": "1525277770.000000"
        },
        "ts": "1525277738.000420"
    },
    {
        "type": "message",
        "user": "U9BD7NMPC",
        "text": "Se la fine è annunciata noi ci sentiamo autorizzati a valutare quello che c'è",
        "thread_ts": "1525274614.000642",
        "parent_user_id": "U9NCMRU8H",
        "ts": "1525282716.000448"
    },
    {
        "type": "message",
        "subtype": "file_comment",
        "text": "<@U9BD7NMPC> commented on <@U9PQUEFAQ>’s file <https:\/\/ingsw1718.slack.com\/files\/U9PQUEFAQ\/FAJ630FHD\/image_uploaded_from_ios.jpg|Slack for iOS Upload>: Avevo detto che ogni comando deve avere tutto l'input necessario. Niente dialoghi",
        "file": {
            "id": "FAJ630FHD",
            "created": 1525275670,
            "timestamp": 1525275670,
            "name": "Image uploaded from iOS.jpg",
            "title": "Slack for iOS Upload",
            "mimetype": "image\/jpeg",
            "filetype": "jpg",
            "pretty_type": "JPEG",
            "user": "U9PQUEFAQ",
            "editable": false,
            "size": 6272132,
            "mode": "hosted",
            "is_external": false,
            "external_type": "",
            "is_public": true,
            "public_url_shared": false,
            "display_as_bot": false,
            "username": "",
            "url_private": "https:\/\/files.slack.com\/files-pri\/T9BAB138B-FAJ630FHD\/image_uploaded_from_ios.jpg?t=xoxe-317351037283-365207707586-364511306800-333c6acf63d6b69e07fd249ca7d3d9ee",
            "url_private_download": "https:\/\/files.slack.com\/files-pri\/T9BAB138B-FAJ630FHD\/download\/image_uploaded_from_ios.jpg?t=xoxe-317351037283-365207707586-364511306800-333c6acf63d6b69e07fd249ca7d3d9ee",
            "thumb_64": "https:\/\/files.slack.com\/files-tmb\/T9BAB138B-FAJ630FHD-773938f0aa\/image_uploaded_from_ios_64.jpg?t=xoxe-317351037283-365207707586-364511306800-333c6acf63d6b69e07fd249ca7d3d9ee",
            "thumb_80": "https:\/\/files.slack.com\/files-tmb\/T9BAB138B-FAJ630FHD-773938f0aa\/image_uploaded_from_ios_80.jpg?t=xoxe-317351037283-365207707586-364511306800-333c6acf63d6b69e07fd249ca7d3d9ee",
            "thumb_360": "https:\/\/files.slack.com\/files-tmb\/T9BAB138B-FAJ630FHD-773938f0aa\/image_uploaded_from_ios_360.jpg?t=xoxe-317351037283-365207707586-364511306800-333c6acf63d6b69e07fd249ca7d3d9ee",
            "thumb_360_w": 360,
            "thumb_360_h": 238,
            "thumb_480": "https:\/\/files.slack.com\/files-tmb\/T9BAB138B-FAJ630FHD-773938f0aa\/image_uploaded_from_ios_480.jpg?t=xoxe-317351037283-365207707586-364511306800-333c6acf63d6b69e07fd249ca7d3d9ee",
            "thumb_480_w": 480,
            "thumb_480_h": 317,
            "thumb_160": "https:\/\/files.slack.com\/files-tmb\/T9BAB138B-FAJ630FHD-773938f0aa\/image_uploaded_from_ios_160.jpg?t=xoxe-317351037283-365207707586-364511306800-333c6acf63d6b69e07fd249ca7d3d9ee",
            "thumb_720": "https:\/\/files.slack.com\/files-tmb\/T9BAB138B-FAJ630FHD-773938f0aa\/image_uploaded_from_ios_720.jpg?t=xoxe-317351037283-365207707586-364511306800-333c6acf63d6b69e07fd249ca7d3d9ee",
            "thumb_720_w": 720,
            "thumb_720_h": 475,
            "thumb_800": "https:\/\/files.slack.com\/files-tmb\/T9BAB138B-FAJ630FHD-773938f0aa\/image_uploaded_from_ios_800.jpg?t=xoxe-317351037283-365207707586-364511306800-333c6acf63d6b69e07fd249ca7d3d9ee",
            "thumb_800_w": 800,
            "thumb_800_h": 528,
            "thumb_960": "https:\/\/files.slack.com\/files-tmb\/T9BAB138B-FAJ630FHD-773938f0aa\/image_uploaded_from_ios_960.jpg?t=xoxe-317351037283-365207707586-364511306800-333c6acf63d6b69e07fd249ca7d3d9ee",
            "thumb_960_w": 960,
            "thumb_960_h": 633,
            "thumb_1024": "https:\/\/files.slack.com\/files-tmb\/T9BAB138B-FAJ630FHD-773938f0aa\/image_uploaded_from_ios_1024.jpg?t=xoxe-317351037283-365207707586-364511306800-333c6acf63d6b69e07fd249ca7d3d9ee",
            "thumb_1024_w": 1024,
            "thumb_1024_h": 676,
            "image_exif_rotation": 1,
            "original_w": 3024,
            "original_h": 1995,
            "permalink": "https:\/\/ingsw1718.slack.com\/files\/U9PQUEFAQ\/FAJ630FHD\/image_uploaded_from_ios.jpg",
            "permalink_public": "https:\/\/slack-files.com\/T9BAB138B-FAJ630FHD-5179dd2ac8",
            "channels": [],
            "groups": [],
            "ims": [],
            "comments_count": 2,
            "initial_comment": {
                "id": "FcAH4NFH0S",
                "created": 1525275670,
                "timestamp": 1525275670,
                "user": "U9PQUEFAQ",
                "is_intro": true,
                "comment": "Ragazzi a noi risulta questo problema, quando andiamo ad avviare docker tramite Ubuntu appare questo problema "
            },
            "reactions": [
                {
                    "name": "disappointed",
                    "users": [
                        "U9BD7NMPC"
                    ],
                    "count": 1
                }
            ]
        },
        "comment": {
            "id": "FcAGLSDC3T",
            "created": 1525282817,
            "timestamp": 1525282817,
            "user": "U9BD7NMPC",
            "is_intro": false,
            "comment": "Avevo detto che ogni comando deve avere tutto l'input necessario. Niente dialoghi"
        },
        "is_intro": false,
        "ts": "1525282817.000044"
    },
    {
        "type": "message",
        "user": "U9BD7NMPC",
        "text": "Peggio per voi se ignorate quello che è scritto nei criteri di accettazione e ho ribadito a lezione: *i parametri di input devono essere passati da linea di comando*",
        "edited": {
            "user": "U9BD7NMPC",
            "ts": "1525282946.000000"
        },
        "ts": "1525282917.000201"
    }
]