[
    {
        "type": "message",
        "user": "U9PBHQU3H",
        "text": "<#C9NEL4BRA|micali> qualche altro gruppo ha problemi con l'inserimento del badge di coveralls? In particolare nella pagina details non esce nessun 'EMBED' da cui prendere il codice",
        "client_msg_id": "b0d4501f-e37e-4e0a-8780-aad6f1c2cc21",
        "ts": "1526386854.000468"
    },
    {
        "type": "message",
        "user": "U9CDZPXLN",
        "text": "scrolla in basso, alla fine della pagina",
        "ts": "1526386914.000018"
    },
    {
        "type": "message",
        "subtype": "file_share",
        "text": "<@U9PBHQU3H> uploaded a file: <https:\/\/ingsw1718.slack.com\/files\/U9PBHQU3H\/FAP9P6HBJ\/img_20180515_142207.jpg|IMG_20180515_142207.jpg> and commented: <@U9CDZPXLN> spero si veda",
        "file": {
            "id": "FAP9P6HBJ",
            "created": 1526387032,
            "timestamp": 1526387032,
            "name": "IMG_20180515_142207.jpg",
            "title": "IMG_20180515_142207.jpg",
            "mimetype": "image\/jpeg",
            "filetype": "jpg",
            "pretty_type": "JPEG",
            "user": "U9PBHQU3H",
            "editable": false,
            "size": 1898906,
            "mode": "hosted",
            "is_external": false,
            "external_type": "",
            "is_public": true,
            "public_url_shared": false,
            "display_as_bot": false,
            "username": "",
            "url_private": "https:\/\/files.slack.com\/files-pri\/T9BAB138B-FAP9P6HBJ\/img_20180515_142207.jpg?t=xoxe-317351037283-365207707586-364511306800-333c6acf63d6b69e07fd249ca7d3d9ee",
            "url_private_download": "https:\/\/files.slack.com\/files-pri\/T9BAB138B-FAP9P6HBJ\/download\/img_20180515_142207.jpg?t=xoxe-317351037283-365207707586-364511306800-333c6acf63d6b69e07fd249ca7d3d9ee",
            "thumb_64": "https:\/\/files.slack.com\/files-tmb\/T9BAB138B-FAP9P6HBJ-e1dc8a987c\/img_20180515_142207_64.jpg?t=xoxe-317351037283-365207707586-364511306800-333c6acf63d6b69e07fd249ca7d3d9ee",
            "thumb_80": "https:\/\/files.slack.com\/files-tmb\/T9BAB138B-FAP9P6HBJ-e1dc8a987c\/img_20180515_142207_80.jpg?t=xoxe-317351037283-365207707586-364511306800-333c6acf63d6b69e07fd249ca7d3d9ee",
            "thumb_360": "https:\/\/files.slack.com\/files-tmb\/T9BAB138B-FAP9P6HBJ-e1dc8a987c\/img_20180515_142207_360.jpg?t=xoxe-317351037283-365207707586-364511306800-333c6acf63d6b69e07fd249ca7d3d9ee",
            "thumb_360_w": 360,
            "thumb_360_h": 203,
            "thumb_480": "https:\/\/files.slack.com\/files-tmb\/T9BAB138B-FAP9P6HBJ-e1dc8a987c\/img_20180515_142207_480.jpg?t=xoxe-317351037283-365207707586-364511306800-333c6acf63d6b69e07fd249ca7d3d9ee",
            "thumb_480_w": 480,
            "thumb_480_h": 270,
            "thumb_160": "https:\/\/files.slack.com\/files-tmb\/T9BAB138B-FAP9P6HBJ-e1dc8a987c\/img_20180515_142207_160.jpg?t=xoxe-317351037283-365207707586-364511306800-333c6acf63d6b69e07fd249ca7d3d9ee",
            "thumb_720": "https:\/\/files.slack.com\/files-tmb\/T9BAB138B-FAP9P6HBJ-e1dc8a987c\/img_20180515_142207_720.jpg?t=xoxe-317351037283-365207707586-364511306800-333c6acf63d6b69e07fd249ca7d3d9ee",
            "thumb_720_w": 720,
            "thumb_720_h": 405,
            "thumb_800": "https:\/\/files.slack.com\/files-tmb\/T9BAB138B-FAP9P6HBJ-e1dc8a987c\/img_20180515_142207_800.jpg?t=xoxe-317351037283-365207707586-364511306800-333c6acf63d6b69e07fd249ca7d3d9ee",
            "thumb_800_w": 800,
            "thumb_800_h": 450,
            "thumb_960": "https:\/\/files.slack.com\/files-tmb\/T9BAB138B-FAP9P6HBJ-e1dc8a987c\/img_20180515_142207_960.jpg?t=xoxe-317351037283-365207707586-364511306800-333c6acf63d6b69e07fd249ca7d3d9ee",
            "thumb_960_w": 960,
            "thumb_960_h": 540,
            "thumb_1024": "https:\/\/files.slack.com\/files-tmb\/T9BAB138B-FAP9P6HBJ-e1dc8a987c\/img_20180515_142207_1024.jpg?t=xoxe-317351037283-365207707586-364511306800-333c6acf63d6b69e07fd249ca7d3d9ee",
            "thumb_1024_w": 1024,
            "thumb_1024_h": 576,
            "image_exif_rotation": 1,
            "original_w": 3264,
            "original_h": 1836,
            "permalink": "https:\/\/ingsw1718.slack.com\/files\/U9PBHQU3H\/FAP9P6HBJ\/img_20180515_142207.jpg",
            "permalink_public": "https:\/\/slack-files.com\/T9BAB138B-FAP9P6HBJ-69d6c5c303",
            "channels": [],
            "groups": [],
            "ims": [],
            "comments_count": 1,
            "initial_comment": {
                "id": "FcAPPGCQ9J",
                "created": 1526387032,
                "timestamp": 1526387032,
                "user": "U9PBHQU3H",
                "is_intro": true,
                "comment": "<@U9CDZPXLN> spero si veda"
            }
        },
        "user": "U9PBHQU3H",
        "upload": true,
        "display_as_bot": false,
        "username": "ambra.leila",
        "bot_id": null,
        "ts": "1526387038.000528"
    },
    {
        "type": "message",
        "user": "U9CDZPXLN",
        "text": "non so perche’ manca",
        "ts": "1526387239.000396"
    },
    {
        "type": "message",
        "user": "U9CDZPXLN",
        "text": "comunque vai in settings",
        "ts": "1526387244.000442"
    },
    {
        "type": "message",
        "user": "U9CDZPXLN",
        "text": "<https:\/\/coveralls.io\/github\/softeng-inf-uniba\/progetto1718-micali\/settings>",
        "ts": "1526387245.000474"
    },
    {
        "type": "message",
        "user": "U9CDZPXLN",
        "text": "sulla sx",
        "ts": "1526387247.000405"
    },
    {
        "type": "message",
        "user": "U9CDZPXLN",
        "text": "aggiorno la guida",
        "ts": "1526387259.000417"
    },
    {
        "type": "message",
        "user": "U9PBHQU3H",
        "text": "Perfetto, grazie",
        "client_msg_id": "77a9296b-c601-4075-af22-8214837be90f",
        "ts": "1526387275.000044"
    },
    {
        "type": "message",
        "subtype": "file_share",
        "text": "<@U9NRSQ859> uploaded a file: <https:\/\/ingsw1718.slack.com\/files\/U9NRSQ859\/FAQTB5R1U\/screenshot_1.png|Screenshot_1.png> and commented: <@U9CDZPXLN> anche seguendo tutti i passaggi ricevo ancora l'errore segnalato in general ; ho sbagliato qualcosa in travis.yml ?",
        "file": {
            "id": "FAQTB5R1U",
            "created": 1526388180,
            "timestamp": 1526388180,
            "name": "Screenshot_1.png",
            "title": "Screenshot_1.png",
            "mimetype": "image\/png",
            "filetype": "png",
            "pretty_type": "PNG",
            "user": "U9NRSQ859",
            "editable": false,
            "size": 28300,
            "mode": "hosted",
            "is_external": false,
            "external_type": "",
            "is_public": true,
            "public_url_shared": false,
            "display_as_bot": false,
            "username": "",
            "url_private": "https:\/\/files.slack.com\/files-pri\/T9BAB138B-FAQTB5R1U\/screenshot_1.png?t=xoxe-317351037283-365207707586-364511306800-333c6acf63d6b69e07fd249ca7d3d9ee",
            "url_private_download": "https:\/\/files.slack.com\/files-pri\/T9BAB138B-FAQTB5R1U\/download\/screenshot_1.png?t=xoxe-317351037283-365207707586-364511306800-333c6acf63d6b69e07fd249ca7d3d9ee",
            "thumb_64": "https:\/\/files.slack.com\/files-tmb\/T9BAB138B-FAQTB5R1U-1af37e4b86\/screenshot_1_64.png?t=xoxe-317351037283-365207707586-364511306800-333c6acf63d6b69e07fd249ca7d3d9ee",
            "thumb_80": "https:\/\/files.slack.com\/files-tmb\/T9BAB138B-FAQTB5R1U-1af37e4b86\/screenshot_1_80.png?t=xoxe-317351037283-365207707586-364511306800-333c6acf63d6b69e07fd249ca7d3d9ee",
            "thumb_360": "https:\/\/files.slack.com\/files-tmb\/T9BAB138B-FAQTB5R1U-1af37e4b86\/screenshot_1_360.png?t=xoxe-317351037283-365207707586-364511306800-333c6acf63d6b69e07fd249ca7d3d9ee",
            "thumb_360_w": 360,
            "thumb_360_h": 162,
            "thumb_480": "https:\/\/files.slack.com\/files-tmb\/T9BAB138B-FAQTB5R1U-1af37e4b86\/screenshot_1_480.png?t=xoxe-317351037283-365207707586-364511306800-333c6acf63d6b69e07fd249ca7d3d9ee",
            "thumb_480_w": 480,
            "thumb_480_h": 216,
            "thumb_160": "https:\/\/files.slack.com\/files-tmb\/T9BAB138B-FAQTB5R1U-1af37e4b86\/screenshot_1_160.png?t=xoxe-317351037283-365207707586-364511306800-333c6acf63d6b69e07fd249ca7d3d9ee",
            "thumb_720": "https:\/\/files.slack.com\/files-tmb\/T9BAB138B-FAQTB5R1U-1af37e4b86\/screenshot_1_720.png?t=xoxe-317351037283-365207707586-364511306800-333c6acf63d6b69e07fd249ca7d3d9ee",
            "thumb_720_w": 720,
            "thumb_720_h": 324,
            "thumb_800": "https:\/\/files.slack.com\/files-tmb\/T9BAB138B-FAQTB5R1U-1af37e4b86\/screenshot_1_800.png?t=xoxe-317351037283-365207707586-364511306800-333c6acf63d6b69e07fd249ca7d3d9ee",
            "thumb_800_w": 800,
            "thumb_800_h": 360,
            "thumb_960": "https:\/\/files.slack.com\/files-tmb\/T9BAB138B-FAQTB5R1U-1af37e4b86\/screenshot_1_960.png?t=xoxe-317351037283-365207707586-364511306800-333c6acf63d6b69e07fd249ca7d3d9ee",
            "thumb_960_w": 960,
            "thumb_960_h": 432,
            "thumb_1024": "https:\/\/files.slack.com\/files-tmb\/T9BAB138B-FAQTB5R1U-1af37e4b86\/screenshot_1_1024.png?t=xoxe-317351037283-365207707586-364511306800-333c6acf63d6b69e07fd249ca7d3d9ee",
            "thumb_1024_w": 1024,
            "thumb_1024_h": 461,
            "image_exif_rotation": 1,
            "original_w": 1192,
            "original_h": 537,
            "permalink": "https:\/\/ingsw1718.slack.com\/files\/U9NRSQ859\/FAQTB5R1U\/screenshot_1.png",
            "permalink_public": "https:\/\/slack-files.com\/T9BAB138B-FAQTB5R1U-f577d788ea",
            "channels": [],
            "groups": [],
            "ims": [],
            "comments_count": 2,
            "initial_comment": {
                "id": "FcAQ12NVD0",
                "created": 1526388180,
                "timestamp": 1526388180,
                "user": "U9NRSQ859",
                "is_intro": true,
                "comment": "<@U9CDZPXLN> anche seguendo tutti i passaggi ricevo ancora l'errore segnalato in general ; ho sbagliato qualcosa in travis.yml ?"
            }
        },
        "user": "U9NRSQ859",
        "upload": true,
        "display_as_bot": false,
        "username": "ulissis1996",
        "bot_id": null,
        "ts": "1526388182.000646"
    },
    {
        "type": "message",
        "subtype": "file_comment",
        "text": "<@U9L0877K5> commented on <@U9NRSQ859>’s file <https:\/\/ingsw1718.slack.com\/files\/U9NRSQ859\/FAQTB5R1U\/screenshot_1.png|Screenshot_1.png>: Su guida studente c'è scritto\nenv:\n   global:\n      - CI_NAME:travis-pro\n      - COVERALLS_REPO_TOKEN=iltuotoken\n\npotrebbe essere?",
        "file": {
            "id": "FAQTB5R1U",
            "created": 1526388180,
            "timestamp": 1526388180,
            "name": "Screenshot_1.png",
            "title": "Screenshot_1.png",
            "mimetype": "image\/png",
            "filetype": "png",
            "pretty_type": "PNG",
            "user": "U9NRSQ859",
            "editable": false,
            "size": 28300,
            "mode": "hosted",
            "is_external": false,
            "external_type": "",
            "is_public": true,
            "public_url_shared": false,
            "display_as_bot": false,
            "username": "",
            "url_private": "https:\/\/files.slack.com\/files-pri\/T9BAB138B-FAQTB5R1U\/screenshot_1.png?t=xoxe-317351037283-365207707586-364511306800-333c6acf63d6b69e07fd249ca7d3d9ee",
            "url_private_download": "https:\/\/files.slack.com\/files-pri\/T9BAB138B-FAQTB5R1U\/download\/screenshot_1.png?t=xoxe-317351037283-365207707586-364511306800-333c6acf63d6b69e07fd249ca7d3d9ee",
            "thumb_64": "https:\/\/files.slack.com\/files-tmb\/T9BAB138B-FAQTB5R1U-1af37e4b86\/screenshot_1_64.png?t=xoxe-317351037283-365207707586-364511306800-333c6acf63d6b69e07fd249ca7d3d9ee",
            "thumb_80": "https:\/\/files.slack.com\/files-tmb\/T9BAB138B-FAQTB5R1U-1af37e4b86\/screenshot_1_80.png?t=xoxe-317351037283-365207707586-364511306800-333c6acf63d6b69e07fd249ca7d3d9ee",
            "thumb_360": "https:\/\/files.slack.com\/files-tmb\/T9BAB138B-FAQTB5R1U-1af37e4b86\/screenshot_1_360.png?t=xoxe-317351037283-365207707586-364511306800-333c6acf63d6b69e07fd249ca7d3d9ee",
            "thumb_360_w": 360,
            "thumb_360_h": 162,
            "thumb_480": "https:\/\/files.slack.com\/files-tmb\/T9BAB138B-FAQTB5R1U-1af37e4b86\/screenshot_1_480.png?t=xoxe-317351037283-365207707586-364511306800-333c6acf63d6b69e07fd249ca7d3d9ee",
            "thumb_480_w": 480,
            "thumb_480_h": 216,
            "thumb_160": "https:\/\/files.slack.com\/files-tmb\/T9BAB138B-FAQTB5R1U-1af37e4b86\/screenshot_1_160.png?t=xoxe-317351037283-365207707586-364511306800-333c6acf63d6b69e07fd249ca7d3d9ee",
            "thumb_720": "https:\/\/files.slack.com\/files-tmb\/T9BAB138B-FAQTB5R1U-1af37e4b86\/screenshot_1_720.png?t=xoxe-317351037283-365207707586-364511306800-333c6acf63d6b69e07fd249ca7d3d9ee",
            "thumb_720_w": 720,
            "thumb_720_h": 324,
            "thumb_800": "https:\/\/files.slack.com\/files-tmb\/T9BAB138B-FAQTB5R1U-1af37e4b86\/screenshot_1_800.png?t=xoxe-317351037283-365207707586-364511306800-333c6acf63d6b69e07fd249ca7d3d9ee",
            "thumb_800_w": 800,
            "thumb_800_h": 360,
            "thumb_960": "https:\/\/files.slack.com\/files-tmb\/T9BAB138B-FAQTB5R1U-1af37e4b86\/screenshot_1_960.png?t=xoxe-317351037283-365207707586-364511306800-333c6acf63d6b69e07fd249ca7d3d9ee",
            "thumb_960_w": 960,
            "thumb_960_h": 432,
            "thumb_1024": "https:\/\/files.slack.com\/files-tmb\/T9BAB138B-FAQTB5R1U-1af37e4b86\/screenshot_1_1024.png?t=xoxe-317351037283-365207707586-364511306800-333c6acf63d6b69e07fd249ca7d3d9ee",
            "thumb_1024_w": 1024,
            "thumb_1024_h": 461,
            "image_exif_rotation": 1,
            "original_w": 1192,
            "original_h": 537,
            "permalink": "https:\/\/ingsw1718.slack.com\/files\/U9NRSQ859\/FAQTB5R1U\/screenshot_1.png",
            "permalink_public": "https:\/\/slack-files.com\/T9BAB138B-FAQTB5R1U-f577d788ea",
            "channels": [],
            "groups": [],
            "ims": [],
            "comments_count": 2,
            "initial_comment": {
                "id": "FcAQ12NVD0",
                "created": 1526388180,
                "timestamp": 1526388180,
                "user": "U9NRSQ859",
                "is_intro": true,
                "comment": "<@U9CDZPXLN> anche seguendo tutti i passaggi ricevo ancora l'errore segnalato in general ; ho sbagliato qualcosa in travis.yml ?"
            }
        },
        "comment": {
            "id": "FcAPEPQZ09",
            "created": 1526388886,
            "timestamp": 1526388886,
            "user": "U9L0877K5",
            "is_intro": false,
            "comment": "Su guida studente c'è scritto\nenv:\n   global:\n      - CI_NAME:travis-pro\n      - COVERALLS_REPO_TOKEN=iltuotoken\n\npotrebbe essere?",
            "reactions": [
                {
                    "name": "+1",
                    "users": [
                        "U9CDZPXLN"
                    ],
                    "count": 1
                }
            ]
        },
        "is_intro": false,
        "ts": "1526388886.000327"
    },
    {
        "type": "message",
        "user": "U9NRSQ859",
        "text": "Non saprei <@U9L0877K5>, ci provo :wink:",
        "ts": "1526388928.000006"
    },
    {
        "type": "message",
        "user": "U9CDZPXLN",
        "text": "non mi pare di vedere nulla di sbagliato. capovolgo la domanda, a qualcuno ha funzionato?!?",
        "edited": {
            "user": "U9CDZPXLN",
            "ts": "1526389868.000000"
        },
        "ts": "1526389854.000488"
    },
    {
        "type": "message",
        "user": "U9NRSQ859",
        "text": "Seguendo questo suggerimento di Davide , sembra essersi risolto",
        "attachments": [
            {
                "fallback": "[May 15th, 2018 2:54 PM] : <@U9L0877K5> commented on <@U9NRSQ859>’s file <https:\/\/ingsw1718.slack.com\/files\/U9NRSQ859\/FAQTB5R1U\/screenshot_1.png|Screenshot_1.png>: Su guida studente c'è scritto\nenv:\n   global:\n      - CI_NAME:travis-pro\n      - COVERALLS_REPO_TOKEN=iltuotoken\n\npotrebbe essere?",
                "ts": "1526388886.000327",
                "msg_subtype": "file_comment",
                "channel_id": "CA3EZFFGR",
                "channel_name": "assistenza",
                "is_msg_unfurl": true,
                "text": "<@U9L0877K5> commented on <@U9NRSQ859>’s file <https:\/\/ingsw1718.slack.com\/files\/U9NRSQ859\/FAQTB5R1U\/screenshot_1.png|Screenshot_1.png>: Su guida studente c'è scritto\nenv:\n   global:\n      - CI_NAME:travis-pro\n      - COVERALLS_REPO_TOKEN=iltuotoken\n\npotrebbe essere?",
                "color": "D0D0D0",
                "from_url": "https:\/\/ingsw1718.slack.com\/archives\/CA3EZFFGR\/p1526388886000327",
                "is_share": true,
                "footer": "Posted in #assistenza"
            }
        ],
        "ts": "1526389950.000418"
    },
    {
        "type": "message",
        "user": "U9CDZPXLN",
        "text": "ah env, mancava? credevo l’avessi tagliato con lo screenshot",
        "ts": "1526389984.000067"
    },
    {
        "type": "message",
        "user": "U9NRSQ859",
        "text": "Si , mancava ; in general non era specificato ma nella guida si",
        "thread_ts": "1526390018.000701",
        "reply_count": 5,
        "replies": [
            {
                "user": "U9NDPBTNF",
                "ts": "1526468807.000342"
            },
            {
                "user": "U9NRSQ859",
                "ts": "1526471174.000362"
            },
            {
                "user": "U9NDPBTNF",
                "ts": "1526471529.000369"
            },
            {
                "user": "U9NRSQ859",
                "ts": "1526472203.000421"
            },
            {
                "user": "U9NDPBTNF",
                "ts": "1526473644.000359"
            }
        ],
        "unread_count": 5,
        "ts": "1526390018.000701",
        "reactions": [
            {
                "name": "+1",
                "users": [
                    "U9CDZPXLN"
                ],
                "count": 1
            }
        ]
    },
    {
        "type": "message",
        "user": "U9CDZPXLN",
        "text": "ok, correggo in general, grazie.",
        "ts": "1526390041.000217"
    },
    {
        "type": "message",
        "user": "U9T55R65D",
        "text": "<@U9CDZPXLN> prof ho fatto il reset al repository base, ho aggiunto i packages che abbiamo creato per gli issue, ho aggiornato il file build.gradle con quello inserito da lei su slack, se grade parte su una classe che non sia di test mi da questo errore “org.gradle.tooling.internal.protocol.test.InternalTestExecutionException: Error while running test(s)” perchè cerca un test che non trova, se lo faccio partire su una delle classi di test caricate col repository base non mi da errore ma nella cartella reports non trovo i file di chekstyle e findbugs, ma solo due cartelle: jacoco e tests\nHo controllato i diff di .gitignore e risultano solo le modifiche che ci ha detto di apportare\nSu travis però i report di chekstyle e findbugs sono visibili",
        "client_msg_id": "5ecdddf5-783b-4821-9793-281d4cdeadfe",
        "edited": {
            "user": "U9T55R65D",
            "ts": "1526395237.000000"
        },
        "ts": "1526395210.000104"
    },
    {
        "type": "message",
        "user": "U9CDZPXLN",
        "text": "la cartella reports è creata e riempita attraverso una build gradle. Junit non c’entra niente",
        "edited": {
            "user": "U9CDZPXLN",
            "ts": "1526395443.000000"
        },
        "ts": "1526395427.000517"
    },
    {
        "type": "message",
        "user": "U9T55R65D",
        "text": "E allora come mai se non parte su una classe di test mi da quell'errore? Ho cercato e su stackoverflow danno come unica soluzione che gradle cerca un test che non trova\nTra l'altro la build di gradle non fallisce",
        "client_msg_id": "93bc9cf0-ead4-4782-b74a-a20daa66487a",
        "edited": {
            "user": "U9T55R65D",
            "ts": "1526395569.000000"
        },
        "ts": "1526395517.000055"
    },
    {
        "type": "message",
        "user": "U9CDZPXLN",
        "text": "Allora, la frase “faccio partire gradle su una delle classi di test” che significa????",
        "ts": "1526395767.000296"
    },
    {
        "type": "message",
        "user": "U9CDZPXLN",
        "text": "la build gradle o parte o non parte",
        "ts": "1526395781.000074"
    },
    {
        "type": "message",
        "user": "U9CDZPXLN",
        "text": "provo a intuire, certo che se fossi piu’ chiaro mi aiuteresti",
        "ts": "1526395899.000419"
    },
    {
        "type": "message",
        "user": "U9CDZPXLN",
        "text": "nella build gradle c’e’ una sezione che definisce cosa sta dove. era presente anche prima",
        "ts": "1526395917.000120"
    },
    {
        "type": "message",
        "user": "U9CDZPXLN",
        "text": "```\n sourceSets {\n      main {\n         java {\n            srcDir 'src\/main\/java'\n         }\n      }\n      test {\n         java {\n            srcDir 'src\/test\/java'\n         }\n      }\n}```",
        "ts": "1526395924.000244"
    },
    {
        "type": "message",
        "user": "U9CDZPXLN",
        "text": "mi dice dove sta il codice (main) e dove stanno i test",
        "ts": "1526395942.000563"
    },
    {
        "type": "message",
        "user": "U9CDZPXLN",
        "text": "coincide con quello che sta nel vostro repo?",
        "ts": "1526395954.000679"
    },
    {
        "type": "message",
        "user": "U9CDZPXLN",
        "text": "se avete cambiato, non funziona",
        "ts": "1526395962.000027"
    },
    {
        "type": "message",
        "user": "U9T55R65D",
        "text": "Si non sono cambiate le cartelle",
        "client_msg_id": "cec5f3c3-a28e-4aba-acd4-f24bf7018ad7",
        "ts": "1526395986.000419"
    },
    {
        "type": "message",
        "user": "U9CDZPXLN",
        "text": "“perchè cerca un test che non trova,” che significa, che test?",
        "ts": "1526396107.000207"
    },
    {
        "type": "message",
        "user": "U9CDZPXLN",
        "text": "tra l’altro, clicca sulla cartella reports nell’albero a sinistra e seleziona Refresh",
        "ts": "1526396170.000522"
    },
    {
        "type": "message",
        "user": "U9CDZPXLN",
        "text": "per vedere i report in locale, nel caso in eclipse non si fosse aggionrnata la vista",
        "thread_ts": "1526396200.000167",
        "reply_count": 1,
        "replies": [
            {
                "user": "U9T55R65D",
                "ts": "1526396432.000939"
            }
        ],
        "unread_count": 1,
        "ts": "1526396200.000167"
    },
    {
        "type": "message",
        "subtype": "file_share",
        "text": "<@U9T55R65D> shared a file: <https:\/\/ingsw1718.slack.com\/files\/U9SUDJ8J2\/FAQ86LCQ5\/error_gradle.txt|error gradle.txt>",
        "file": {
            "id": "FAQ86LCQ5",
            "created": 1526396188,
            "timestamp": 1526396188,
            "name": "error gradle.txt",
            "title": "error gradle.txt",
            "mimetype": "text\/plain",
            "filetype": "text",
            "pretty_type": "Plain Text",
            "user": "U9SUDJ8J2",
            "editable": true,
            "size": 20758,
            "mode": "snippet",
            "is_external": false,
            "external_type": "",
            "is_public": true,
            "public_url_shared": false,
            "display_as_bot": false,
            "username": "",
            "url_private": "https:\/\/files.slack.com\/files-pri\/T9BAB138B-FAQ86LCQ5\/error_gradle.txt?t=xoxe-317351037283-365207707586-364511306800-333c6acf63d6b69e07fd249ca7d3d9ee",
            "url_private_download": "https:\/\/files.slack.com\/files-pri\/T9BAB138B-FAQ86LCQ5\/download\/error_gradle.txt?t=xoxe-317351037283-365207707586-364511306800-333c6acf63d6b69e07fd249ca7d3d9ee",
            "permalink": "https:\/\/ingsw1718.slack.com\/files\/U9SUDJ8J2\/FAQ86LCQ5\/error_gradle.txt",
            "permalink_public": "https:\/\/slack-files.com\/T9BAB138B-FAQ86LCQ5-194f7bb883",
            "edit_link": "https:\/\/ingsw1718.slack.com\/files\/U9SUDJ8J2\/FAQ86LCQ5\/error_gradle.txt\/edit",
            "preview": "org.gradle.initialization.ReportedException: org.gradle.tooling.internal.protocol.test.InternalTestExecutionException: Error while running test(s)\n\tat org.gradle.tooling.internal.provider.runner.TestExecutionRequestActionRunner.run(TestExecutionRequestActionRunner.java:64)\n\tat org.gradle.launcher.exec.ChainingBuildActionRunner.run(ChainingBuildActionRunner.java:35)\n\tat org.gradle.launcher.exec.ChainingBuildActionRunner.run(ChainingBuildActionRunner.java:35)\n\tat org.gradle.tooling.internal.provider.ValidatingBuildActionRunner.run(ValidatingBuildActionRunner.java:32)",
            "preview_highlight": "<div class=\"CodeMirror cm-s-default CodeMirrorServer\" oncopy=\"if(event.clipboardData){event.clipboardData.setData('text\/plain',window.getSelection().toString().replace(\/\\u200b\/g,''));event.preventDefault();event.stopPropagation();}\">\n<div class=\"CodeMirror-code\">\n<div><pre>org.gradle.initialization.ReportedException: org.gradle.tooling.internal.protocol.test.InternalTestExecutionException: Error while running test(s)<\/pre><\/div>\n<div><pre>    at org.gradle.tooling.internal.provider.runner.TestExecutionRequestActionRunner.run(TestExecutionRequestActionRunner.java:64)<\/pre><\/div>\n<div><pre>    at org.gradle.launcher.exec.ChainingBuildActionRunner.run(ChainingBuildActionRunner.java:35)<\/pre><\/div>\n<div><pre>    at org.gradle.launcher.exec.ChainingBuildActionRunner.run(ChainingBuildActionRunner.java:35)<\/pre><\/div>\n<div><pre>    at org.gradle.tooling.internal.provider.ValidatingBuildActionRunner.run(ValidatingBuildActionRunner.java:32)<\/pre><\/div>\n<\/div>\n<\/div>\n",
            "lines": 200,
            "lines_more": 195,
            "preview_is_truncated": true,
            "channels": [],
            "groups": [],
            "ims": [],
            "comments_count": 1
        },
        "user": "U9T55R65D",
        "upload": false,
        "display_as_bot": false,
        "username": "a.greco109",
        "bot_id": null,
        "ts": "1526396298.000416"
    },
    {
        "type": "message",
        "subtype": "file_comment",
        "text": "<@U9T55R65D> commented on <@U9SUDJ8J2>’s file <https:\/\/ingsw1718.slack.com\/files\/U9SUDJ8J2\/FAQ86LCQ5\/error_gradle.txt|error gradle.txt>: Questo è l'errore che mi compare con gradle",
        "file": {
            "id": "FAQ86LCQ5",
            "created": 1526396188,
            "timestamp": 1526396188,
            "name": "error gradle.txt",
            "title": "error gradle.txt",
            "mimetype": "text\/plain",
            "filetype": "text",
            "pretty_type": "Plain Text",
            "user": "U9SUDJ8J2",
            "editable": true,
            "size": 20758,
            "mode": "snippet",
            "is_external": false,
            "external_type": "",
            "is_public": true,
            "public_url_shared": false,
            "display_as_bot": false,
            "username": "",
            "url_private": "https:\/\/files.slack.com\/files-pri\/T9BAB138B-FAQ86LCQ5\/error_gradle.txt?t=xoxe-317351037283-365207707586-364511306800-333c6acf63d6b69e07fd249ca7d3d9ee",
            "url_private_download": "https:\/\/files.slack.com\/files-pri\/T9BAB138B-FAQ86LCQ5\/download\/error_gradle.txt?t=xoxe-317351037283-365207707586-364511306800-333c6acf63d6b69e07fd249ca7d3d9ee",
            "permalink": "https:\/\/ingsw1718.slack.com\/files\/U9SUDJ8J2\/FAQ86LCQ5\/error_gradle.txt",
            "permalink_public": "https:\/\/slack-files.com\/T9BAB138B-FAQ86LCQ5-194f7bb883",
            "edit_link": "https:\/\/ingsw1718.slack.com\/files\/U9SUDJ8J2\/FAQ86LCQ5\/error_gradle.txt\/edit",
            "preview": "org.gradle.initialization.ReportedException: org.gradle.tooling.internal.protocol.test.InternalTestExecutionException: Error while running test(s)\n\tat org.gradle.tooling.internal.provider.runner.TestExecutionRequestActionRunner.run(TestExecutionRequestActionRunner.java:64)\n\tat org.gradle.launcher.exec.ChainingBuildActionRunner.run(ChainingBuildActionRunner.java:35)\n\tat org.gradle.launcher.exec.ChainingBuildActionRunner.run(ChainingBuildActionRunner.java:35)\n\tat org.gradle.tooling.internal.provider.ValidatingBuildActionRunner.run(ValidatingBuildActionRunner.java:32)",
            "preview_highlight": "<div class=\"CodeMirror cm-s-default CodeMirrorServer\" oncopy=\"if(event.clipboardData){event.clipboardData.setData('text\/plain',window.getSelection().toString().replace(\/\\u200b\/g,''));event.preventDefault();event.stopPropagation();}\">\n<div class=\"CodeMirror-code\">\n<div><pre>org.gradle.initialization.ReportedException: org.gradle.tooling.internal.protocol.test.InternalTestExecutionException: Error while running test(s)<\/pre><\/div>\n<div><pre>    at org.gradle.tooling.internal.provider.runner.TestExecutionRequestActionRunner.run(TestExecutionRequestActionRunner.java:64)<\/pre><\/div>\n<div><pre>    at org.gradle.launcher.exec.ChainingBuildActionRunner.run(ChainingBuildActionRunner.java:35)<\/pre><\/div>\n<div><pre>    at org.gradle.launcher.exec.ChainingBuildActionRunner.run(ChainingBuildActionRunner.java:35)<\/pre><\/div>\n<div><pre>    at org.gradle.tooling.internal.provider.ValidatingBuildActionRunner.run(ValidatingBuildActionRunner.java:32)<\/pre><\/div>\n<\/div>\n<\/div>\n",
            "lines": 200,
            "lines_more": 195,
            "preview_is_truncated": true,
            "channels": [],
            "groups": [],
            "ims": [],
            "comments_count": 1
        },
        "comment": {
            "id": "FcAPHL07CZ",
            "created": 1526396298,
            "timestamp": 1526396298,
            "user": "U9T55R65D",
            "is_intro": false,
            "comment": "Questo è l'errore che mi compare con gradle"
        },
        "is_intro": false,
        "ts": "1526396298.000534"
    },
    {
        "type": "message",
        "user": "U9T55R65D",
        "text": "L'ho fatto e compaiono solo le cartelle jacoco e tests",
        "client_msg_id": "eec88556-3dd7-4ac6-82bb-773bf2e5d39e",
        "thread_ts": "1526396200.000167",
        "parent_user_id": "U9CDZPXLN",
        "ts": "1526396432.000939"
    },
    {
        "type": "message",
        "user": "U9CDZPXLN",
        "text": "al build path hai aggiunto al libreria junit5?",
        "ts": "1526396560.000108"
    },
    {
        "type": "message",
        "user": "U9CDZPXLN",
        "text": "o meglio, e’ presente?",
        "thread_ts": "1526396583.000453",
        "reply_count": 1,
        "replies": [
            {
                "user": "U9T55R65D",
                "ts": "1526396635.000424"
            }
        ],
        "unread_count": 1,
        "ts": "1526396583.000453"
    },
    {
        "type": "message",
        "user": "U9T55R65D",
        "text": "Si è presente",
        "client_msg_id": "376a0bba-61a6-4a79-b0e9-c9c359f3a36f",
        "thread_ts": "1526396583.000453",
        "parent_user_id": "U9CDZPXLN",
        "ts": "1526396635.000424"
    },
    {
        "type": "message",
        "user": "U9CDZPXLN",
        "text": "ma le classi di test ci sono?",
        "thread_ts": "1526396764.000522",
        "reply_count": 1,
        "replies": [
            {
                "user": "U9SUDJ8J2",
                "ts": "1526396810.000671"
            }
        ],
        "unread_count": 1,
        "ts": "1526396764.000522"
    },
    {
        "type": "message",
        "user": "U9CDZPXLN",
        "text": "ci sono metodi annotati con `@Test`?",
        "edited": {
            "user": "U9CDZPXLN",
            "ts": "1526396806.000000"
        },
        "ts": "1526396774.000608"
    },
    {
        "type": "message",
        "user": "U9SUDJ8J2",
        "text": "Ci sono le classi di test del repository base",
        "thread_ts": "1526396764.000522",
        "parent_user_id": "U9CDZPXLN",
        "ts": "1526396810.000671"
    },
    {
        "type": "message",
        "user": "U9CDZPXLN",
        "text": "perché l’errore che dà è ” No matching tests found in any candidate test task.”",
        "ts": "1526396891.000240"
    },
    {
        "type": "message",
        "user": "U9CDZPXLN",
        "text": "potete verificare?",
        "ts": "1526396911.000513"
    },
    {
        "type": "message",
        "user": "U9CDZPXLN",
        "text": "l’altra cosa. Ma almeno da Junit in Eclipse i casi di test partono?",
        "ts": "1526396941.000350"
    },
    {
        "type": "message",
        "user": "U9SUDJ8J2",
        "text": "Ci sono le classi di test che ci sono state fornite col repository base, i tag @Test ci sono e i test partono tranquillamente",
        "ts": "1526397021.000834"
    },
    {
        "type": "message",
        "user": "U9CDZPXLN",
        "text": "e questo problema e’ ripetibile su tutti i computer dei componenti del gruppo?",
        "ts": "1526397065.000602"
    },
    {
        "type": "message",
        "user": "U9SUDJ8J2",
        "text": "Si",
        "ts": "1526397070.000046"
    },
    {
        "type": "message",
        "user": "U9L0877K5",
        "text": "Hai scritto che hai messo il file build.gradle del professore.\nVoi utilizzate librerie esterne, che avete messo nella cartella lib\/ ? Allora occhio a togliere il commento nel file build.gradle riguardante questo passaggio ( a me era rigo 81)",
        "attachments": [
            {
                "fallback": "[May 15th, 2018 4:40 PM] a.greco109: <@U9CDZPXLN> prof ho fatto il reset al repository base, ho aggiunto i packages che abbiamo creato per gli issue, ho aggiornato il file build.gradle con quello inserito da lei su slack, se grade parte su una classe che non sia di test mi da questo errore “org.gradle.tooling.internal.protocol.test.InternalTestExecutionException: Error while running test(s)” perchè cerca un test che non trova, se lo faccio partire su una delle classi di test caricate col repository base non mi da errore ma nella cartella reports non trovo i file di chekstyle e findbugs, ma solo due cartelle: jacoco e tests\nHo controllato i diff di .gitignore e risultano solo le modifiche che ci ha detto di apportare\nSu travis però i report di chekstyle e findbugs sono visibili",
                "ts": "1526395210.000104",
                "author_id": "U9T55R65D",
                "author_subname": "Alberto Greco",
                "channel_id": "CA3EZFFGR",
                "channel_name": "assistenza",
                "is_msg_unfurl": true,
                "text": "<@U9CDZPXLN> prof ho fatto il reset al repository base, ho aggiunto i packages che abbiamo creato per gli issue, ho aggiornato il file build.gradle con quello inserito da lei su slack, se grade parte su una classe che non sia di test mi da questo errore “org.gradle.tooling.internal.protocol.test.InternalTestExecutionException: Error while running test(s)” perchè cerca un test che non trova, se lo faccio partire su una delle classi di test caricate col repository base non mi da errore ma nella cartella reports non trovo i file di chekstyle e findbugs, ma solo due cartelle: jacoco e tests\nHo controllato i diff di .gitignore e risultano solo le modifiche che ci ha detto di apportare\nSu travis però i report di chekstyle e findbugs sono visibili",
                "author_name": "Alberto Greco",
                "author_link": "https:\/\/ingsw1718.slack.com\/team\/U9T55R65D",
                "author_icon": "https:\/\/avatars.slack-edge.com\/2018-03-31\/338969278724_f98da574c94617df0766_48.jpg",
                "mrkdwn_in": [
                    "text"
                ],
                "color": "D0D0D0",
                "from_url": "https:\/\/ingsw1718.slack.com\/archives\/CA3EZFFGR\/p1526395210000104",
                "is_share": true,
                "footer": "Posted in #assistenza"
            }
        ],
        "thread_ts": "1526397156.000827",
        "reply_count": 1,
        "replies": [
            {
                "user": "U9SUDJ8J2",
                "ts": "1526397211.000502"
            }
        ],
        "unread_count": 1,
        "ts": "1526397156.000827"
    },
    {
        "type": "message",
        "user": "U9SUDJ8J2",
        "text": "Si le librerie le trova, abbiamo tolto il commento",
        "thread_ts": "1526397156.000827",
        "parent_user_id": "U9L0877K5",
        "ts": "1526397211.000502",
        "reactions": [
            {
                "name": "+1",
                "users": [
                    "U9L0877K5"
                ],
                "count": 1
            }
        ]
    },
    {
        "type": "message",
        "user": "U9CDZPXLN",
        "text": "e allora non ne ho idea",
        "ts": "1526397538.000315"
    },
    {
        "type": "message",
        "user": "U9SUDJ8J2",
        "text": "E quindi per correggere gli errori di chekstyle e findbugs vado da Travis-CI?",
        "ts": "1526397598.000806"
    },
    {
        "type": "message",
        "user": "U9CDZPXLN",
        "text": "ma su travis i casi di test sono eseguiti via gradle?",
        "thread_ts": "1526397794.000837",
        "reply_count": 1,
        "replies": [
            {
                "user": "U9SUDJ8J2",
                "ts": "1526398443.000668"
            }
        ],
        "unread_count": 1,
        "ts": "1526397794.000837"
    },
    {
        "type": "message",
        "user": "U9SUDJ8J2",
        "text": "Si",
        "thread_ts": "1526397794.000837",
        "parent_user_id": "U9CDZPXLN",
        "ts": "1526398443.000668"
    },
    {
        "type": "message",
        "user": "U9CDZPXLN",
        "text": "e allora avete fatto casini sulle vs macchine, se Travis non ha problemi",
        "ts": "1526398581.000292"
    },
    {
        "type": "message",
        "user": "U9CDZPXLN",
        "text": "ribadisco che i task Checkstile, Findbugs e Junit sono separati",
        "ts": "1526398600.000127"
    },
    {
        "type": "message",
        "user": "U9CDZPXLN",
        "text": "non c’entrano niente l’uno con l’altro",
        "ts": "1526398615.000566"
    },
    {
        "type": "message",
        "user": "U9CDZPXLN",
        "text": "se non mi credete",
        "ts": "1526398619.000081"
    },
    {
        "type": "message",
        "user": "U9CDZPXLN",
        "text": "aprite il file gradle e commentate i blocco",
        "ts": "1526398628.000851"
    },
    {
        "type": "message",
        "user": "U9CDZPXLN",
        "text": "```\ntest {\n    \/\/ Enable JUnit 5 (Gradle 4.6+).\n    useJUnitPlatform()\n\n    \/\/ Always run tests, even when nothing changed.\n    dependsOn 'cleanTest'\n\n    \/\/ Show test results.\n    testLogging {\n        events \"passed\", \"skipped\", \"failed\"\n    }\n    \n    finalizedBy jacocoTestReport\n}```",
        "ts": "1526398643.000832"
    },
    {
        "type": "message",
        "user": "U9CDZPXLN",
        "text": "rilanciate la build gradle",
        "ts": "1526398652.000009"
    },
    {
        "type": "message",
        "user": "U9CDZPXLN",
        "text": "junit non viene piu’ eseguito",
        "ts": "1526398659.000028"
    },
    {
        "type": "message",
        "user": "U9CDZPXLN",
        "text": "vedete cosa succede coi task findbugs e checkstyle",
        "ts": "1526398671.000058"
    },
    {
        "type": "message",
        "user": "U9SUDJ8J2",
        "text": "Adesso da sempre lo stesso errore di prima anche se faccio run as gradle test su una classe di test fornitaci da voi",
        "ts": "1526398813.000740"
    },
    {
        "type": "message",
        "user": "U9CDZPXLN",
        "text": "fai gradle build, tutti i task",
        "thread_ts": "1526398840.000214",
        "reply_count": 5,
        "replies": [
            {
                "user": "U9SUDJ8J2",
                "ts": "1526399059.000840"
            },
            {
                "user": "U9CDZPXLN",
                "ts": "1526399169.000673"
            },
            {
                "user": "U9CDZPXLN",
                "ts": "1526399199.000701"
            },
            {
                "user": "U9SUDJ8J2",
                "ts": "1526399303.000019"
            },
            {
                "user": "U9BD7NMPC",
                "ts": "1526399593.000847"
            }
        ],
        "unread_count": 5,
        "ts": "1526398840.000214"
    },
    {
        "type": "message",
        "user": "U9SUDJ8J2",
        "text": "dal tab gradle tasks?",
        "thread_ts": "1526398840.000214",
        "parent_user_id": "U9CDZPXLN",
        "ts": "1526399059.000840"
    },
    {
        "type": "message",
        "user": "U9CDZPXLN",
        "text": "si, c’e’ il task buid",
        "thread_ts": "1526398840.000214",
        "parent_user_id": "U9CDZPXLN",
        "ts": "1526399169.000673"
    },
    {
        "type": "message",
        "user": "U9CDZPXLN",
        "text": "scusate, ma come fate senno’ la build?????",
        "thread_ts": "1526398840.000214",
        "parent_user_id": "U9CDZPXLN",
        "ts": "1526399199.000701"
    },
    {
        "type": "message",
        "user": "U9SUDJ8J2",
        "text": "Ora le fa, prof non so dirle perchè prima non le faceva",
        "thread_ts": "1526398840.000214",
        "parent_user_id": "U9CDZPXLN",
        "ts": "1526399303.000019",
        "reactions": [
            {
                "name": "scream",
                "users": [
                    "U9BD7NMPC"
                ],
                "count": 1
            }
        ]
    },
    {
        "type": "message",
        "user": "U9CDZPXLN",
        "text": "perchè siete disattenti e confusionari. rimettete a posto il blocco del task test in gradle. da qui in poi vedetevela da soli",
        "thread_ts": "1526399517.000888",
        "reply_count": 1,
        "replies": [
            {
                "user": "U9SUDJ8J2",
                "ts": "1526400647.000302"
            }
        ],
        "unread_count": 1,
        "ts": "1526399517.000888"
    },
    {
        "type": "message",
        "user": "U9BD7NMPC",
        "text": "Ho segnato il contributo di molestia di <@U9T55R65D> e <@U9SUDJ8J2>",
        "thread_ts": "1526398840.000214",
        "parent_user_id": "U9CDZPXLN",
        "ts": "1526399593.000847"
    },
    {
        "type": "message",
        "user": "U9SUDJ8J2",
        "text": "Va bene professore, grazie",
        "client_msg_id": "cf9accdd-1fc2-4b84-9a83-45ac162970d6",
        "thread_ts": "1526399517.000888",
        "parent_user_id": "U9CDZPXLN",
        "ts": "1526400647.000302"
    }
]