[
    {
        "type": "message",
        "user": "U9NAK1VB5",
        "text": "Abbiamo notato dopo aver modificato il file .gitignore come ci aveva detto che ad ogni modifica del codice dopo aver eseguito la build di gradle si modificano molti file  nella cartella build\/reports. questo può essere un problema da parte degli studenti nel fare i commit.",
        "ts": "1525866904.000070"
    },
    {
        "type": "message",
        "subtype": "file_share",
        "text": "<@U9NAK1VB5> uploaded a file: <https:\/\/ingsw1718.slack.com\/files\/U9NAK1VB5\/FAL8MG125\/-.cpp|Untitled>",
        "file": {
            "id": "FAL8MG125",
            "created": 1525866919,
            "timestamp": 1525866919,
            "name": "-.cpp",
            "title": "Untitled",
            "mimetype": "text\/plain",
            "filetype": "cpp",
            "pretty_type": "C++",
            "user": "U9NAK1VB5",
            "editable": true,
            "size": 5762,
            "mode": "snippet",
            "is_external": false,
            "external_type": "",
            "is_public": true,
            "public_url_shared": false,
            "display_as_bot": false,
            "username": "",
            "url_private": "https:\/\/files.slack.com\/files-pri\/T9BAB138B-FAL8MG125\/-.cpp?t=xoxe-317351037283-365207707586-364511306800-333c6acf63d6b69e07fd249ca7d3d9ee",
            "url_private_download": "https:\/\/files.slack.com\/files-pri\/T9BAB138B-FAL8MG125\/download\/-.cpp?t=xoxe-317351037283-365207707586-364511306800-333c6acf63d6b69e07fd249ca7d3d9ee",
            "permalink": "https:\/\/ingsw1718.slack.com\/files\/U9NAK1VB5\/FAL8MG125\/-.cpp",
            "permalink_public": "https:\/\/slack-files.com\/T9BAB138B-FAL8MG125-4a0df8d396",
            "edit_link": "https:\/\/ingsw1718.slack.com\/files\/U9NAK1VB5\/FAL8MG125\/-.cpp\/edit",
            "preview": "root@Polaris:\/mnt\/c\/Users\/roberto\/workspace\/Ingegneria del software\/progetto1718-hamming (master)$ git status\r\nOn branch master\r\nYour branch is up-to-date with 'origin\/master'.\r\nChanges not staged for commit:\r\n  (use \"git add <file>...\" to update what will be committed)\r",
            "preview_highlight": "<div class=\"CodeMirror cm-s-default CodeMirrorServer\" oncopy=\"if(event.clipboardData){event.clipboardData.setData('text\/plain',window.getSelection().toString().replace(\/\\u200b\/g,''));event.preventDefault();event.stopPropagation();}\">\n<div class=\"CodeMirror-code\">\n<div><pre><span class=\"cm-variable\">root<\/span><span class=\"cm-variable\">@Polaris<\/span>:<span class=\"cm-operator\">\/<\/span><span class=\"cm-variable\">mnt<\/span><span class=\"cm-operator\">\/<\/span><span class=\"cm-variable\">c<\/span><span class=\"cm-operator\">\/<\/span><span class=\"cm-variable\">Users<\/span><span class=\"cm-operator\">\/<\/span><span class=\"cm-variable\">roberto<\/span><span class=\"cm-operator\">\/<\/span><span class=\"cm-variable\">workspace<\/span><span class=\"cm-operator\">\/<\/span><span class=\"cm-variable\">Ingegneria<\/span> <span class=\"cm-variable\">del<\/span> <span class=\"cm-variable\">software<\/span><span class=\"cm-operator\">\/<\/span><span class=\"cm-variable\">progetto1718<\/span><span class=\"cm-operator\">-<\/span><span class=\"cm-variable\">hamming<\/span> (<span class=\"cm-variable\">master<\/span>)<span class=\"cm-variable\">$<\/span> <span class=\"cm-variable\">git<\/span> <span class=\"cm-variable\">status<\/span><\/pre><\/div>\n<div><pre><span class=\"cm-variable\">On<\/span> <span class=\"cm-variable\">branch<\/span> <span class=\"cm-variable\">master<\/span><\/pre><\/div>\n<div><pre><span class=\"cm-variable\">Your<\/span> <span class=\"cm-variable\">branch<\/span> <span class=\"cm-variable\">is<\/span> <span class=\"cm-variable\">up<\/span><span class=\"cm-operator\">-<\/span><span class=\"cm-variable\">to<\/span><span class=\"cm-operator\">-<\/span><span class=\"cm-variable\">date<\/span> <span class=\"cm-variable\">with<\/span> <span class=\"cm-string\">'origin\/master'<\/span>.<\/pre><\/div>\n<div><pre><span class=\"cm-variable\">Changes<\/span> <span class=\"cm-variable\">not<\/span> <span class=\"cm-variable\">staged<\/span> <span class=\"cm-keyword\">for<\/span> <span class=\"cm-variable\">commit<\/span>:<\/pre><\/div>\n<div><pre>  (<span class=\"cm-variable\">use<\/span> <span class=\"cm-string\">&quot;git add &lt;file&gt;...&quot;<\/span> <span class=\"cm-variable\">to<\/span> <span class=\"cm-variable\">update<\/span> <span class=\"cm-variable\">what<\/span> <span class=\"cm-variable\">will<\/span> <span class=\"cm-variable\">be<\/span> <span class=\"cm-variable\">committed<\/span>)<\/pre><\/div>\n<\/div>\n<\/div>\n",
            "lines": 74,
            "lines_more": 69,
            "preview_is_truncated": true,
            "channels": [],
            "groups": [],
            "ims": [],
            "comments_count": 0,
            "reactions": [
                {
                    "name": "+1",
                    "users": [
                        "U9BD7NMPC"
                    ],
                    "count": 1
                }
            ]
        },
        "user": "U9NAK1VB5",
        "upload": true,
        "display_as_bot": false,
        "username": "roberto.giovine",
        "bot_id": null,
        "ts": "1525866920.000027"
    },
    {
        "type": "message",
        "user": "U9BD7NMPC",
        "text": "<@U9NAK1VB5> Potete ripristinare il file .gitignore allo stato precedente. L'importante che abbiamo già una copia dei report da analizzare. Successivamente vi chiederemo di ripristinare la versione modificata.",
        "ts": "1525867413.000100"
    },
    {
        "type": "message",
        "user": "U9Q9CDE0P",
        "text": "Per quanto riguarda l'output relativo a FindBugs nei test di Gradle, FindBugs supporta soltanto un formato a scelta fra .html e .xml. Come già menzionato da <@U9PUAUSRM>, è possibile cambiare il tipo di output fornito. Lasciamo come predefinito l'output in xml oppure lo cambiamo in html?",
        "ts": "1525872296.000257"
    },
    {
        "type": "message",
        "user": "U9BD7NMPC",
        "text": "html è preferito",
        "ts": "1525881875.000565"
    },
    {
        "type": "message",
        "user": "U9NRSQ859",
        "text": "Professore avrei un dubbio sui criteri di accettazione : • Verificare che le coppie (From, To) non siano ripetute\n• Verificare che le coppie (From, To) corrispondenti a un @mention siano tutte presenti ; Non sono in conflitto ?",
        "edited": {
            "user": "U9NRSQ859",
            "ts": "1525883156.000000"
        },
        "ts": "1525883087.000474"
    },
    {
        "type": "message",
        "user": "U9BD7NMPC",
        "text": "<@U9NRSQ859> Se vuole la mia attenzione deve usare il mention esplicitamente ed esplicitare il dubbio.",
        "ts": "1525883190.000265"
    },
    {
        "type": "message",
        "subtype": "file_share",
        "text": "<@U9NRSQ859> uploaded a file: <https:\/\/ingsw1718.slack.com\/files\/U9NRSQ859\/FALEDPALR\/-.txt|Untitled> and commented: Nel primo criterio si dice di eliminare le coppie ripetute ( es From utente1 to utente2 deve essere mostrato solo una volta) mentre nel secondo criterio è specificato che tutte le mention devono essere visualizzate ; se applichiamo il primo criterio , non andiamo contro il secondo ?",
        "file": {
            "id": "FALEDPALR",
            "created": 1525883338,
            "timestamp": 1525883338,
            "name": "-.txt",
            "title": "Untitled",
            "mimetype": "text\/plain",
            "filetype": "text",
            "pretty_type": "Plain Text",
            "user": "U9NRSQ859",
            "editable": true,
            "size": 149,
            "mode": "snippet",
            "is_external": false,
            "external_type": "",
            "is_public": true,
            "public_url_shared": false,
            "display_as_bot": false,
            "username": "",
            "url_private": "https:\/\/files.slack.com\/files-pri\/T9BAB138B-FALEDPALR\/-.txt?t=xoxe-317351037283-365207707586-364511306800-333c6acf63d6b69e07fd249ca7d3d9ee",
            "url_private_download": "https:\/\/files.slack.com\/files-pri\/T9BAB138B-FALEDPALR\/download\/-.txt?t=xoxe-317351037283-365207707586-364511306800-333c6acf63d6b69e07fd249ca7d3d9ee",
            "permalink": "https:\/\/ingsw1718.slack.com\/files\/U9NRSQ859\/FALEDPALR\/-.txt",
            "permalink_public": "https:\/\/slack-files.com\/T9BAB138B-FALEDPALR-2d8c34d3f2",
            "edit_link": "https:\/\/ingsw1718.slack.com\/files\/U9NRSQ859\/FALEDPALR\/-.txt\/edit",
            "preview": "• Verificare che le coppie (From, To) non siano ripetute\r\n• Verificare che le coppie (From, To) corrispondenti a un @mention siano tutte presenti",
            "preview_highlight": "<div class=\"CodeMirror cm-s-default CodeMirrorServer\" oncopy=\"if(event.clipboardData){event.clipboardData.setData('text\/plain',window.getSelection().toString().replace(\/\\u200b\/g,''));event.preventDefault();event.stopPropagation();}\">\n<div class=\"CodeMirror-code\">\n<div><pre>• Verificare che le coppie (From, To) non siano ripetute<\/pre><\/div>\n<div><pre>• Verificare che le coppie (From, To) corrispondenti a un @mention siano tutte presenti<\/pre><\/div>\n<\/div>\n<\/div>\n",
            "lines": 2,
            "lines_more": 0,
            "preview_is_truncated": false,
            "channels": [],
            "groups": [],
            "ims": [],
            "comments_count": 1,
            "initial_comment": {
                "id": "FcAL9XHE48",
                "created": 1525883338,
                "timestamp": 1525883338,
                "user": "U9NRSQ859",
                "is_intro": true,
                "comment": "Nel primo criterio si dice di eliminare le coppie ripetute ( es From utente1 to utente2 deve essere mostrato solo una volta) mentre nel secondo criterio è specificato che tutte le mention devono essere visualizzate ; se applichiamo il primo criterio , non andiamo contro il secondo ?"
            }
        },
        "user": "U9NRSQ859",
        "upload": true,
        "display_as_bot": false,
        "username": "ulissis1996",
        "bot_id": null,
        "ts": "1525883339.000004"
    },
    {
        "type": "message",
        "user": "U9Q9CDE0P",
        "text": "<@U9NRSQ859> Noi abbiamo interpretato i due criteri nel seguente modo\n- Per ogni @mention ci deve essere una ed una sola coppia (From,To), cioè se ci sono più mention uguali la coppia mostrata sarà una soltanto;\n- Per ogni @mention bisogna verificare la presenza di una singola coppia, cioè è vero che non devono esserci duplicati, ma devi anche essere certo che ogni mention abbia almeno una coppia (From,To) corrispondente",
        "ts": "1525883384.000345",
        "reactions": [
            {
                "name": "+1",
                "users": [
                    "U9BD7NMPC"
                ],
                "count": 1
            }
        ]
    },
    {
        "type": "message",
        "user": "U9Q9CDE0P",
        "text": "Penso che sia questa l'interpretazione corretta dei due requisiti, il professore mi corregga se sbaglio",
        "ts": "1525883428.000428"
    },
    {
        "type": "message",
        "user": "U9NRSQ859",
        "text": "<@U9Q9CDE0P> Il mio dubbio era proprio su quale delle due correnti seguire per questo chiedevo chiarimenti :slightly_smiling_face:",
        "ts": "1525883460.000009"
    },
    {
        "type": "message",
        "user": "U9JS0QR60",
        "text": "Dovrebbe essere come era per i member e i channel: devi assicurarti che ci siano tutte le mention (ognuna una sola volta) e poi che ci siano solo le mention valide (non ci siano mention non presenti nella realtà). In pratica dovrebbe essere l'implicazione prima in un verso e poi nell'altro",
        "client_msg_id": "37ab5d2c-6c24-43d9-9582-5f7f9f0545b6",
        "ts": "1525883701.000498",
        "reactions": [
            {
                "name": "+1",
                "users": [
                    "U9BD7NMPC"
                ],
                "count": 1
            }
        ]
    },
    {
        "type": "message",
        "user": "U9JS0QR60",
        "text": "Che diventa un : tutte e sole le mention effettivamente presenti",
        "client_msg_id": "37c7402f-8616-4948-8f78-aebffe2f83c5",
        "ts": "1525883751.000124"
    },
    {
        "type": "message",
        "user": "U9Q9CDE0P",
        "text": "<@U9NRSQ859> forse non hai capito cosa intendevo, mi sono spiegato male, provo a farti un esempio. Facciamo conto che l'utente \"ulisse1996\" ha menzionato l'utente \"Pierpasquale Colagrande\" due volte utilizzando il tag <@U9Q9CDE0P>. Per quanto riguarda questa mention, dovrà apparire una sola coppia del tipo *(ulisse1996, Pierpasquale Colagrande)*. L'utente \"ulisse1996\" ha però anche menzionato i due utenti \"pippo\" e \"paperino\", quindi dovrai per forza avere nel tuo programma una mention del tipo *(ulisse1996, pippo)* e una mention del tipo *(ulisse1996, paperino)*. Quello che intendo dire è che il requisito\n• Verificare che le coppie (From, To) corrispondenti a un @mention siano tutte presenti\nIndica che ti devi assicurare che tutte le mention abbiano una corrispondenza nel tuo programma e che però, nel caso di mention doppie, la mention stessa venga mostrata una sola volta.\nNon so se adesso è chiaro :sweat_smile:",
        "edited": {
            "user": "U9Q9CDE0P",
            "ts": "1525883797.000000"
        },
        "ts": "1525883755.000477"
    },
    {
        "type": "message",
        "user": "U9Q9CDE0P",
        "text": "In sostanza il secondo criterio che hai elencato vuol dire che devi assicurarti che vengano effettivamente stampate tutte le mention e che, in riferimento all'esempio sopra, non sia mancante ad esempio la mention *(ulisse, pippo)*",
        "edited": {
            "user": "U9Q9CDE0P",
            "ts": "1525883933.000000"
        },
        "ts": "1525883855.000177"
    },
    {
        "type": "message",
        "user": "U9BD7NMPC",
        "text": "giusto",
        "ts": "1525892238.000739",
        "reactions": [
            {
                "name": "+1",
                "users": [
                    "U9Q9CDE0P"
                ],
                "count": 1
            }
        ]
    }
]