[
    {
        "type": "message",
        "user": "U9NJ8R37E",
        "text": "Ragazzi stiamo avendo problemi leggendo i file .json che si trovano dentro le cartelle dei canali, in particolare in alcuni file che legge non trova l'EOF, apparentemente senza seguire un criterio preciso... in più il problema si presenta solo su piattaforma linux.\nSu alcuni file non da alcun tipo di problema, anche se specifico un canale piuttosto che un altro non da problemi. Ad esempio Allen non da problemi mentre Backus si, non capiamo il motivo.\nQualcuno ha riscontrato lo stesso problema?",
        "client_msg_id": "a1e9798e-6d0b-4bde-938b-27172bb6ac6f",
        "thread_ts": "1525713271.000299",
        "reply_count": 8,
        "replies": [
            {
                "user": "U9NG44DUJ",
                "ts": "1525715035.000271"
            },
            {
                "user": "U9NDPBTNF",
                "ts": "1525716375.000585"
            },
            {
                "user": "U9NG44DUJ",
                "ts": "1525717852.000665"
            },
            {
                "user": "U9NDPBTNF",
                "ts": "1525721053.000082"
            },
            {
                "user": "U9BD7NMPC",
                "ts": "1525777328.000310"
            },
            {
                "user": "U9NDPBTNF",
                "ts": "1525777525.000444"
            },
            {
                "user": "U9BD7NMPC",
                "ts": "1525777784.000271"
            },
            {
                "user": "U9BD7NMPC",
                "ts": "1525777791.000362"
            }
        ],
        "unread_count": 8,
        "ts": "1525713271.000299"
    },
    {
        "type": "message",
        "user": "U9NG44DUJ",
        "text": "Strano che non trovi l’eof. Che metodo usate per leggere i file (magari il metodo di ricerca delle directory adottato è più adatto a windows)? Può essere che ci sia di mezzo qualche controllo dovuto al fatto che alcuni file json hanno delle mention ed altri no? (nell’esempio che hai fatto, in allen risultano fino al 3 maggio dei mention, in backus no)",
        "thread_ts": "1525713271.000299",
        "parent_user_id": "U9NJ8R37E",
        "ts": "1525715035.000271"
    },
    {
        "type": "message",
        "user": "U9NDPBTNF",
        "text": "Si anche noi avevamo pensato ai mention, ma conunque non spiegherebbe come mai noj trova l'eof :joy: inoltre abbiamo provato con thompson che non ha mentions e funziona... comunque il metodo di lettura è lo stesso che abbiamo usato per il primo sprint e li non abbiamo problemi",
        "client_msg_id": "137e8f30-4ee0-481b-a7c2-0784095113bf",
        "thread_ts": "1525713271.000299",
        "parent_user_id": "U9NJ8R37E",
        "ts": "1525716375.000585"
    },
    {
        "type": "message",
        "user": "U9NG44DUJ",
        "text": "Che tipo di messaggio dà in output? Oppure semplicemente non termina il programma? Avete già testato se su docker avete lo stesso problema?",
        "thread_ts": "1525713271.000299",
        "parent_user_id": "U9NJ8R37E",
        "ts": "1525717852.000665"
    },
    {
        "type": "message",
        "user": "U9NDPBTNF",
        "text": "Il problema lo da su docker e su linux, il messaggio è malformed json file, expected EOF, abbiamo provato a stampare ogni volta il file json che legfiamo e lo legge interamente e nel modo giusto, a quanto pare si 'mangia' solo l'EOF",
        "client_msg_id": "8e4931b9-f8d8-4c8a-86e9-b583a038bb1d",
        "thread_ts": "1525713271.000299",
        "parent_user_id": "U9NJ8R37E",
        "ts": "1525721053.000082"
    }
]