[
    {
        "type": "message",
        "user": "U9NDPBTNF",
        "text": "Sei riuscito a risolvere poi? Noi continuiamo ad avere problemi nonostante la correzione suggerita, abbiamo riprovato a fare i passaggi da 0 ma niente.",
        "thread_ts": "1526390018.000701",
        "parent_user_id": "U9NRSQ859",
        "ts": "1526468807.000342"
    },
    {
        "type": "message",
        "user": "U9NRSQ859",
        "text": "<@U9NDPBTNF> certo , bastava quella modifica ; hai qualche errore su travis ?",
        "thread_ts": "1526390018.000701",
        "parent_user_id": "U9NRSQ859",
        "ts": "1526471174.000362"
    },
    {
        "type": "message",
        "user": "U9NDPBTNF",
        "text": "Si, sempre lo stesso",
        "client_msg_id": "ab9bd337-fab0-49e9-ba6a-f5f3940435dd",
        "thread_ts": "1526390018.000701",
        "parent_user_id": "U9NRSQ859",
        "ts": "1526471529.000369"
    },
    {
        "type": "message",
        "user": "U9NRSQ859",
        "text": "Mi faresti uno screen del file coveralls e travis.yml ?",
        "thread_ts": "1526390018.000701",
        "parent_user_id": "U9NRSQ859",
        "ts": "1526472203.000421"
    },
    {
        "type": "message",
        "user": "U9NDPBTNF",
        "text": "ti invio in privato",
        "thread_ts": "1526390018.000701",
        "parent_user_id": "U9NRSQ859",
        "ts": "1526473644.000359"
    },
    {
        "type": "message",
        "user": "U9CDZPXLN",
        "text": "<#C9NEL4BRA|micali> c’era bisogno che cliccassi io sul bottone cancel job \/ restart job?!? e poi non scrivete richieste di aiuto per poi cancellarle…",
        "thread_ts": "1526479317.000440",
        "reply_count": 1,
        "replies": [
            {
                "user": "U9PBHQU3H",
                "ts": "1526484563.000400"
            }
        ],
        "unread_count": 1,
        "ts": "1526479317.000440"
    },
    {
        "type": "message",
        "user": "U9CDZPXLN",
        "text": "vi siete giocati un bonus di richiesta di aiuto. la prossima volta saltate il turno…",
        "ts": "1526479426.000229"
    },
    {
        "type": "message",
        "user": "U9PBHQU3H",
        "text": "Professore, non sapevo fosse stato lei, ho visto che si era risolto e ho pensato che si fosse ripreso il server da solo. Travis è la prima volta che lo usiamo (intendo che è il primo esame) quindi non conosciamo tutti i meccanismi che ci sono dietro. Non era mia intenzione disturbare nessuno e raramente ho fatto richieste di aiuto insensate, ma come potevo sapere che cancellando la build non creasse problemi a quelle dopo? \nAd ogni modo, buona giornata e buon lavoro.",
        "client_msg_id": "8de1b334-11b9-4b8c-842d-d2048fc1beb6",
        "thread_ts": "1526479317.000440",
        "parent_user_id": "U9CDZPXLN",
        "ts": "1526484563.000400"
    },
    {
        "type": "message",
        "user": "U9Q9CDE0P",
        "text": "Per caso sarebbe possibile ottenere una nuova versione dello zip relativo al workspace di Slack?",
        "ts": "1526492642.000484"
    }
]