[
    {
        "type": "message",
        "user": "U9NBXPRDH",
        "text": "Professore, finalmente ho risolto il problema. Ho optato nel riportare il master al 26Aprile, nel quale Travis era in verde. Poi ho aggiunto i sorgenti che abbiamo scritto prima di giovedì mattina. Adesso Travis è di nuovo verde",
        "client_msg_id": "ccc61afa-0155-42cb-a33d-f517f39e303f",
        "thread_ts": "1525359265.000635",
        "parent_user_id": "U9BD7NMPC",
        "ts": "1525436678.000335"
    },
    {
        "type": "message",
        "user": "U9NBXPRDH",
        "text": "Risolto il problema. Ho optato nel riportare il master al 26Aprile, nel quale Travis era in verde. Poi ho aggiunto i sorgenti che abbiamo scritto prima di giovedì mattina. Adesso Travis è di nuovo verde. È l'unica soluzione che mi è venuta  in mente ragazzi. Vi ringrazio tutti per la disponibilità",
        "client_msg_id": "4b270ed2-a02d-4ae7-9918-cfc0e2904836",
        "thread_ts": "1525344771.000326",
        "parent_user_id": "U9NBXPRDH",
        "ts": "1525436835.000278"
    },
    {
        "type": "message",
        "user": "U9NBXPRDH",
        "text": "Professore avendo risolto Travis, le chiediamo una rivalutazione del nostro Sprint1 pur sapendo che la consegna è scaduta ieri. Il codice è lo stesso prima della consegna. Non è una richiesta di reclamo, ma semplicemente una revisione del nostro progetto. Ci scusiamo per l'inconveniente",
        "client_msg_id": "f9896457-30a3-4545-bcee-728d4fa779c5",
        "thread_ts": "1525359265.000635",
        "parent_user_id": "U9BD7NMPC",
        "ts": "1525437390.000123"
    },
    {
        "type": "message",
        "user": "U9BD7NMPC",
        "text": "<@U9NBXPRDH> Quello che posso fare è di farvi proseguire. La valutazione dello sprint 1 rimane quella.",
        "thread_ts": "1525359265.000635",
        "parent_user_id": "U9BD7NMPC",
        "ts": "1525450607.000401"
    }
]