[
    {
        "type": "message",
        "subtype": "file_share",
        "text": "<@U9L0877K5> uploaded a file: <https:\/\/ingsw1718.slack.com\/files\/U9L0877K5\/FANRU6HL3\/dijkstra.txt|dijkstra>",
        "file": {
            "id": "FANRU6HL3",
            "created": 1526230840,
            "timestamp": 1526230840,
            "name": "dijkstra.txt",
            "title": "dijkstra",
            "mimetype": "text\/plain",
            "filetype": "text",
            "pretty_type": "Plain Text",
            "user": "U9L0877K5",
            "editable": true,
            "size": 834,
            "mode": "snippet",
            "is_external": false,
            "external_type": "",
            "is_public": true,
            "public_url_shared": false,
            "display_as_bot": false,
            "username": "",
            "url_private": "https:\/\/files.slack.com\/files-pri\/T9BAB138B-FANRU6HL3\/dijkstra.txt?t=xoxe-317351037283-365207707586-364511306800-333c6acf63d6b69e07fd249ca7d3d9ee",
            "url_private_download": "https:\/\/files.slack.com\/files-pri\/T9BAB138B-FANRU6HL3\/download\/dijkstra.txt?t=xoxe-317351037283-365207707586-364511306800-333c6acf63d6b69e07fd249ca7d3d9ee",
            "permalink": "https:\/\/ingsw1718.slack.com\/files\/U9L0877K5\/FANRU6HL3\/dijkstra.txt",
            "permalink_public": "https:\/\/slack-files.com\/T9BAB138B-FANRU6HL3-585b5c3d82",
            "edit_link": "https:\/\/ingsw1718.slack.com\/files\/U9L0877K5\/FANRU6HL3\/dijkstra.txt\/edit",
            "preview": "N.B. Se il nome utente contiene uno spazio allora questo parametro va posto tra virgolette.\r\n\r\nIn qualità di utente voglio visualizzare la lista dei @mention:\r\ndocker run -v \/c:\/ns softenginfuniba\/dijkstra  ns\/path\/ingsw1718.zip @m\r\ndocker run -v \/c:\/ns softenginfuniba\/dijkstra  ns\/path\/ingsw1718.zip @m canale\r",
            "preview_highlight": "<div class=\"CodeMirror cm-s-default CodeMirrorServer\" oncopy=\"if(event.clipboardData){event.clipboardData.setData('text\/plain',window.getSelection().toString().replace(\/\\u200b\/g,''));event.preventDefault();event.stopPropagation();}\">\n<div class=\"CodeMirror-code\">\n<div><pre>N.B. Se il nome utente contiene uno spazio allora questo parametro va posto tra virgolette.<\/pre><\/div>\n<div><pre><\/pre><\/div>\n<div><pre>In qualità di utente voglio visualizzare la lista dei @mention:<\/pre><\/div>\n<div><pre>docker run -v \/c:\/ns softenginfuniba\/dijkstra  ns\/path\/ingsw1718.zip @m<\/pre><\/div>\n<div><pre>docker run -v \/c:\/ns softenginfuniba\/dijkstra  ns\/path\/ingsw1718.zip @m canale<\/pre><\/div>\n<div><pre><\/pre><\/div>\n<\/div>\n<\/div>\n",
            "lines": 13,
            "lines_more": 8,
            "preview_is_truncated": false,
            "channels": [],
            "groups": [],
            "ims": [],
            "comments_count": 0
        },
        "user": "U9L0877K5",
        "upload": true,
        "display_as_bot": false,
        "username": "lapenta.d",
        "bot_id": null,
        "ts": "1526230841.000032"
    },
    {
        "type": "message",
        "subtype": "file_share",
        "text": "<@U9PBHQU3H> uploaded a file: <https:\/\/ingsw1718.slack.com\/files\/U9PBHQU3H\/FAPRN8LEA\/micali.txt|micali>",
        "file": {
            "id": "FAPRN8LEA",
            "created": 1526231734,
            "timestamp": 1526231734,
            "name": "micali.txt",
            "title": "micali",
            "mimetype": "text\/plain",
            "filetype": "text",
            "pretty_type": "Plain Text",
            "user": "U9PBHQU3H",
            "editable": true,
            "size": 1086,
            "mode": "snippet",
            "is_external": false,
            "external_type": "",
            "is_public": true,
            "public_url_shared": false,
            "display_as_bot": false,
            "username": "",
            "url_private": "https:\/\/files.slack.com\/files-pri\/T9BAB138B-FAPRN8LEA\/micali.txt?t=xoxe-317351037283-365207707586-364511306800-333c6acf63d6b69e07fd249ca7d3d9ee",
            "url_private_download": "https:\/\/files.slack.com\/files-pri\/T9BAB138B-FAPRN8LEA\/download\/micali.txt?t=xoxe-317351037283-365207707586-364511306800-333c6acf63d6b69e07fd249ca7d3d9ee",
            "permalink": "https:\/\/ingsw1718.slack.com\/files\/U9PBHQU3H\/FAPRN8LEA\/micali.txt",
            "permalink_public": "https:\/\/slack-files.com\/T9BAB138B-FAPRN8LEA-bb5d890f82",
            "edit_link": "https:\/\/ingsw1718.slack.com\/files\/U9PBHQU3H\/FAPRN8LEA\/micali.txt\/edit",
            "preview": "* In qualità di utente voglio visualizzare la lista dei @mention\r\ndocker run --rm -v \/c:\/ns -it softenginfuniba\/micali -w ns\/(path)\/(file).zip mention\r\n\r\nnel caso sia specificato, la lista sia ristretta ai soli @mention del Channel\r\ndocker run --rm -v \/c:\/ns -it softenginfuniba\/micali -w ns\/(path)\/(file).zip mention -c canale\r",
            "preview_highlight": "<div class=\"CodeMirror cm-s-default CodeMirrorServer\" oncopy=\"if(event.clipboardData){event.clipboardData.setData('text\/plain',window.getSelection().toString().replace(\/\\u200b\/g,''));event.preventDefault();event.stopPropagation();}\">\n<div class=\"CodeMirror-code\">\n<div><pre>* In qualità di utente voglio visualizzare la lista dei @mention<\/pre><\/div>\n<div><pre>docker run --rm -v \/c:\/ns -it softenginfuniba\/micali -w ns\/(path)\/(file).zip mention<\/pre><\/div>\n<div><pre><\/pre><\/div>\n<div><pre>nel caso sia specificato, la lista sia ristretta ai soli @mention del Channel<\/pre><\/div>\n<div><pre>docker run --rm -v \/c:\/ns -it softenginfuniba\/micali -w ns\/(path)\/(file).zip mention -c canale<\/pre><\/div>\n<div><pre><\/pre><\/div>\n<\/div>\n<\/div>\n",
            "lines": 19,
            "lines_more": 14,
            "preview_is_truncated": true,
            "channels": [],
            "groups": [],
            "ims": [],
            "comments_count": 1
        },
        "user": "U9PBHQU3H",
        "upload": true,
        "display_as_bot": false,
        "username": "ambra.leila",
        "bot_id": null,
        "ts": "1526231735.000002"
    },
    {
        "type": "message",
        "subtype": "file_share",
        "text": "<@U9NAWRB2Q> uploaded a file: <https:\/\/ingsw1718.slack.com\/files\/U9NAWRB2Q\/FAN8BKSCQ\/codd.txt|codd> and commented: <#C9P7FFX4N|codd>",
        "file": {
            "id": "FAN8BKSCQ",
            "created": 1526232075,
            "timestamp": 1526232075,
            "name": "codd.txt",
            "title": "codd",
            "mimetype": "text\/plain",
            "filetype": "text",
            "pretty_type": "Plain Text",
            "user": "U9NAWRB2Q",
            "editable": true,
            "size": 1096,
            "mode": "snippet",
            "is_external": false,
            "external_type": "",
            "is_public": true,
            "public_url_shared": false,
            "display_as_bot": false,
            "username": "",
            "url_private": "https:\/\/files.slack.com\/files-pri\/T9BAB138B-FAN8BKSCQ\/codd.txt?t=xoxe-317351037283-365207707586-364511306800-333c6acf63d6b69e07fd249ca7d3d9ee",
            "url_private_download": "https:\/\/files.slack.com\/files-pri\/T9BAB138B-FAN8BKSCQ\/download\/codd.txt?t=xoxe-317351037283-365207707586-364511306800-333c6acf63d6b69e07fd249ca7d3d9ee",
            "permalink": "https:\/\/ingsw1718.slack.com\/files\/U9NAWRB2Q\/FAN8BKSCQ\/codd.txt",
            "permalink_public": "https:\/\/slack-files.com\/T9BAB138B-FAN8BKSCQ-ac6775b4d3",
            "edit_link": "https:\/\/ingsw1718.slack.com\/files\/U9NAWRB2Q\/FAN8BKSCQ\/codd.txt\/edit",
            "preview": "(Issue #17) Lista di tutte le menzioni di tutti i canali:\r\ndocker run -v \/c:\/ns softenginfuniba\/codd mentions ns\/Users\/Difonzo\/Desktop\/test.zip\r\n\r\n(Issue #17) Lista di tutte le menzioni di Canale\r\ndocker run -v \/c:\/ns softenginfuniba\/codd mentions ns\/Users\/Difonzo\/Desktop\/test.zip Canale\r",
            "preview_highlight": "<div class=\"CodeMirror cm-s-default CodeMirrorServer\" oncopy=\"if(event.clipboardData){event.clipboardData.setData('text\/plain',window.getSelection().toString().replace(\/\\u200b\/g,''));event.preventDefault();event.stopPropagation();}\">\n<div class=\"CodeMirror-code\">\n<div><pre>(Issue #17) Lista di tutte le menzioni di tutti i canali:<\/pre><\/div>\n<div><pre>docker run -v \/c:\/ns softenginfuniba\/codd mentions ns\/Users\/Difonzo\/Desktop\/test.zip<\/pre><\/div>\n<div><pre><\/pre><\/div>\n<div><pre>(Issue #17) Lista di tutte le menzioni di Canale<\/pre><\/div>\n<div><pre>docker run -v \/c:\/ns softenginfuniba\/codd mentions ns\/Users\/Difonzo\/Desktop\/test.zip Canale<\/pre><\/div>\n<div><pre><\/pre><\/div>\n<\/div>\n<\/div>\n",
            "lines": 21,
            "lines_more": 16,
            "preview_is_truncated": true,
            "channels": [],
            "groups": [],
            "ims": [],
            "comments_count": 1,
            "initial_comment": {
                "id": "FcANCU54AV",
                "created": 1526232075,
                "timestamp": 1526232075,
                "user": "U9NAWRB2Q",
                "is_intro": true,
                "comment": "<#C9P7FFX4N|codd>"
            }
        },
        "user": "U9NAWRB2Q",
        "upload": true,
        "display_as_bot": false,
        "username": "adifonzo97",
        "bot_id": null,
        "ts": "1526232075.000107"
    },
    {
        "type": "message",
        "subtype": "file_share",
        "text": "<@U9NQ1QL72> uploaded a file: <https:\/\/ingsw1718.slack.com\/files\/U9NQ1QL72\/FANCXCM4Z\/tarjan.txt|tarjan>",
        "file": {
            "id": "FANCXCM4Z",
            "created": 1526233478,
            "timestamp": 1526233478,
            "name": "tarjan.txt",
            "title": "tarjan",
            "mimetype": "text\/plain",
            "filetype": "text",
            "pretty_type": "Plain Text",
            "user": "U9NQ1QL72",
            "editable": true,
            "size": 694,
            "mode": "snippet",
            "is_external": false,
            "external_type": "",
            "is_public": true,
            "public_url_shared": false,
            "display_as_bot": false,
            "username": "",
            "url_private": "https:\/\/files.slack.com\/files-pri\/T9BAB138B-FANCXCM4Z\/tarjan.txt?t=xoxe-317351037283-365207707586-364511306800-333c6acf63d6b69e07fd249ca7d3d9ee",
            "url_private_download": "https:\/\/files.slack.com\/files-pri\/T9BAB138B-FANCXCM4Z\/download\/tarjan.txt?t=xoxe-317351037283-365207707586-364511306800-333c6acf63d6b69e07fd249ca7d3d9ee",
            "permalink": "https:\/\/ingsw1718.slack.com\/files\/U9NQ1QL72\/FANCXCM4Z\/tarjan.txt",
            "permalink_public": "https:\/\/slack-files.com\/T9BAB138B-FANCXCM4Z-0ad7689c26",
            "edit_link": "https:\/\/ingsw1718.slack.com\/files\/U9NQ1QL72\/FANCXCM4Z\/tarjan.txt\/edit",
            "preview": "Se il nome utente contiene uno spazio allora inserire il nome tra virgolette.\r\nIn qualità di utente voglio visualizzare la lista dei @mention:\r\ndocker run -v \/c:\/ns softenginfuniba\/tarjan mentions ns\/pathToFile\/ingsw1718.zip (opzionale: nome canale)\r\n\r\nIn qualità di utente voglio visualizzare la lista dei @mention che partono da uno User:\r",
            "preview_highlight": "<div class=\"CodeMirror cm-s-default CodeMirrorServer\" oncopy=\"if(event.clipboardData){event.clipboardData.setData('text\/plain',window.getSelection().toString().replace(\/\\u200b\/g,''));event.preventDefault();event.stopPropagation();}\">\n<div class=\"CodeMirror-code\">\n<div><pre>Se il nome utente contiene uno spazio allora inserire il nome tra virgolette.<\/pre><\/div>\n<div><pre>In qualità di utente voglio visualizzare la lista dei @mention:<\/pre><\/div>\n<div><pre>docker run -v \/c:\/ns softenginfuniba\/tarjan mentions ns\/pathToFile\/ingsw1718.zip (opzionale: nome canale)<\/pre><\/div>\n<div><pre><\/pre><\/div>\n<div><pre>In qualità di utente voglio visualizzare la lista dei @mention che partono da uno User:<\/pre><\/div>\n<div><pre><\/pre><\/div>\n<\/div>\n<\/div>\n",
            "lines": 10,
            "lines_more": 5,
            "preview_is_truncated": false,
            "channels": [],
            "groups": [],
            "ims": [],
            "comments_count": 0
        },
        "user": "U9NQ1QL72",
        "upload": true,
        "display_as_bot": false,
        "username": "iaia.daniele97",
        "bot_id": null,
        "ts": "1526233478.000095"
    },
    {
        "type": "message",
        "subtype": "file_share",
        "text": "<@U9SUDJ8J2> uploaded a file: <https:\/\/ingsw1718.slack.com\/files\/U9SUDJ8J2\/FANNA19DJ\/floyd.txt|floyd> and commented: <#C9NDE1PK6|floyd>",
        "file": {
            "id": "FANNA19DJ",
            "created": 1526234371,
            "timestamp": 1526234371,
            "name": "floyd.txt",
            "title": "floyd",
            "mimetype": "text\/plain",
            "filetype": "text",
            "pretty_type": "Plain Text",
            "user": "U9SUDJ8J2",
            "editable": true,
            "size": 1028,
            "mode": "snippet",
            "is_external": false,
            "external_type": "",
            "is_public": true,
            "public_url_shared": false,
            "display_as_bot": false,
            "username": "",
            "url_private": "https:\/\/files.slack.com\/files-pri\/T9BAB138B-FANNA19DJ\/floyd.txt?t=xoxe-317351037283-365207707586-364511306800-333c6acf63d6b69e07fd249ca7d3d9ee",
            "url_private_download": "https:\/\/files.slack.com\/files-pri\/T9BAB138B-FANNA19DJ\/download\/floyd.txt?t=xoxe-317351037283-365207707586-364511306800-333c6acf63d6b69e07fd249ca7d3d9ee",
            "permalink": "https:\/\/ingsw1718.slack.com\/files\/U9SUDJ8J2\/FANNA19DJ\/floyd.txt",
            "permalink_public": "https:\/\/slack-files.com\/T9BAB138B-FANNA19DJ-019c1e8749",
            "edit_link": "https:\/\/ingsw1718.slack.com\/files\/U9SUDJ8J2\/FANNA19DJ\/floyd.txt\/edit",
            "preview": "Se qualche parametro contiene spazi va racchiuso tra doppi apici\r\nComandi per sistema unix:\r\n\r\nIn qualità di utente voglio visualizzare la lista dei @mention\r\ndocker run -v \/:\/ns softenginfuniba\/floyd \"ns\/path.zip\" @m\r",
            "preview_highlight": "<div class=\"CodeMirror cm-s-default CodeMirrorServer\" oncopy=\"if(event.clipboardData){event.clipboardData.setData('text\/plain',window.getSelection().toString().replace(\/\\u200b\/g,''));event.preventDefault();event.stopPropagation();}\">\n<div class=\"CodeMirror-code\">\n<div><pre>Se qualche parametro contiene spazi va racchiuso tra doppi apici<\/pre><\/div>\n<div><pre>Comandi per sistema unix:<\/pre><\/div>\n<div><pre><\/pre><\/div>\n<div><pre>In qualità di utente voglio visualizzare la lista dei @mention<\/pre><\/div>\n<div><pre>docker run -v \/:\/ns softenginfuniba\/floyd &quot;ns\/path.zip&quot; @m<\/pre><\/div>\n<div><pre><\/pre><\/div>\n<\/div>\n<\/div>\n",
            "lines": 18,
            "lines_more": 13,
            "preview_is_truncated": true,
            "channels": [],
            "groups": [],
            "ims": [],
            "comments_count": 1,
            "initial_comment": {
                "id": "FcANNA1AH2",
                "created": 1526234371,
                "timestamp": 1526234371,
                "user": "U9SUDJ8J2",
                "is_intro": true,
                "comment": "<#C9NDE1PK6|floyd>"
            }
        },
        "user": "U9SUDJ8J2",
        "upload": true,
        "display_as_bot": false,
        "username": "a.eliotropio",
        "bot_id": null,
        "ts": "1526234371.000070"
    },
    {
        "type": "message",
        "subtype": "file_share",
        "text": "<@U9NM7AYPN> uploaded a file: <https:\/\/ingsw1718.slack.com\/files\/U9NM7AYPN\/FANV0JM7U\/wilkinson.js|wilkinson>",
        "file": {
            "id": "FANV0JM7U",
            "created": 1526234837,
            "timestamp": 1526234837,
            "name": "wilkinson.js",
            "title": "wilkinson",
            "mimetype": "text\/plain",
            "filetype": "javascript",
            "pretty_type": "JavaScript\/JSON",
            "user": "U9NM7AYPN",
            "editable": true,
            "size": 1470,
            "mode": "snippet",
            "is_external": false,
            "external_type": "",
            "is_public": true,
            "public_url_shared": false,
            "display_as_bot": false,
            "username": "",
            "url_private": "https:\/\/files.slack.com\/files-pri\/T9BAB138B-FANV0JM7U\/wilkinson.js?t=xoxe-317351037283-365207707586-364511306800-333c6acf63d6b69e07fd249ca7d3d9ee",
            "url_private_download": "https:\/\/files.slack.com\/files-pri\/T9BAB138B-FANV0JM7U\/download\/wilkinson.js?t=xoxe-317351037283-365207707586-364511306800-333c6acf63d6b69e07fd249ca7d3d9ee",
            "permalink": "https:\/\/ingsw1718.slack.com\/files\/U9NM7AYPN\/FANV0JM7U\/wilkinson.js",
            "permalink_public": "https:\/\/slack-files.com\/T9BAB138B-FANV0JM7U-ddae1d1e32",
            "edit_link": "https:\/\/ingsw1718.slack.com\/files\/U9NM7AYPN\/FANV0JM7U\/wilkinson.js\/edit",
            "preview": "In qualità di utente voglio visualizzare la lista dei @mention\r\n - se si vuole visualizzare la lista dei @mention di tutto il workspace\r\n     docker run -v\/c:\/ns softenginfuniba\/wilkinson \"ns\/path\/to\/file\/fileName.zip\" \"sna4slack@\" \"\"\r\n - se si vuole visualizzare la lista dei @mention di un determinato Channel\r\n     docker run -v\/c:\/ns softenginfuniba\/wilkinson \"ns\/path\/to\/file\/fileName.zip\" \"sna4slack@\" \"\/nomecanale\"\r",
            "preview_highlight": "<div class=\"CodeMirror cm-s-default CodeMirrorServer\" oncopy=\"if(event.clipboardData){event.clipboardData.setData('text\/plain',window.getSelection().toString().replace(\/\\u200b\/g,''));event.preventDefault();event.stopPropagation();}\">\n<div class=\"CodeMirror-code\">\n<div><pre><span class=\"cm-variable\">In<\/span> <span class=\"cm-variable\">qualità<\/span> <span class=\"cm-variable\">di<\/span> <span class=\"cm-variable\">utente<\/span> <span class=\"cm-variable\">voglio<\/span> <span class=\"cm-variable\">visualizzare<\/span> <span class=\"cm-variable\">la<\/span> <span class=\"cm-variable\">lista<\/span> <span class=\"cm-variable\">dei<\/span> @<span class=\"cm-variable\">mention<\/span><\/pre><\/div>\n<div><pre> <span class=\"cm-operator\">-<\/span> <span class=\"cm-variable\">se<\/span> <span class=\"cm-variable\">si<\/span> <span class=\"cm-variable\">vuole<\/span> <span class=\"cm-variable\">visualizzare<\/span> <span class=\"cm-variable\">la<\/span> <span class=\"cm-variable\">lista<\/span> <span class=\"cm-variable\">dei<\/span> @<span class=\"cm-variable\">mention<\/span> <span class=\"cm-variable\">di<\/span> <span class=\"cm-variable\">tutto<\/span> <span class=\"cm-variable\">il<\/span> <span class=\"cm-variable\">workspace<\/span><\/pre><\/div>\n<div><pre>     <span class=\"cm-variable\">docker<\/span> <span class=\"cm-variable\">run<\/span> <span class=\"cm-operator\">-<\/span><span class=\"cm-variable\">v<\/span><span class=\"cm-operator\">\/<\/span><span class=\"cm-variable\">c<\/span>:<span class=\"cm-string-2\">\/ns softenginfuniba\/<\/span><span class=\"cm-variable\">wilkinson<\/span> <span class=\"cm-string\">&quot;ns\/path\/to\/file\/fileName.zip&quot;<\/span> <span class=\"cm-string\">&quot;sna4slack@&quot;<\/span> <span class=\"cm-string\">&quot;&quot;<\/span><\/pre><\/div>\n<div><pre> <span class=\"cm-operator\">-<\/span> <span class=\"cm-variable\">se<\/span> <span class=\"cm-variable\">si<\/span> <span class=\"cm-variable\">vuole<\/span> <span class=\"cm-variable\">visualizzare<\/span> <span class=\"cm-variable\">la<\/span> <span class=\"cm-variable\">lista<\/span> <span class=\"cm-variable\">dei<\/span> @<span class=\"cm-variable\">mention<\/span> <span class=\"cm-variable\">di<\/span> <span class=\"cm-variable\">un<\/span> <span class=\"cm-variable\">determinato<\/span> <span class=\"cm-variable\">Channel<\/span><\/pre><\/div>\n<div><pre>     <span class=\"cm-variable\">docker<\/span> <span class=\"cm-variable\">run<\/span> <span class=\"cm-operator\">-<\/span><span class=\"cm-variable\">v<\/span><span class=\"cm-operator\">\/<\/span><span class=\"cm-variable\">c<\/span>:<span class=\"cm-string-2\">\/ns softenginfuniba\/<\/span><span class=\"cm-variable\">wilkinson<\/span> <span class=\"cm-string\">&quot;ns\/path\/to\/file\/fileName.zip&quot;<\/span> <span class=\"cm-string\">&quot;sna4slack@&quot;<\/span> <span class=\"cm-string\">&quot;\/nomecanale&quot;<\/span><\/pre><\/div>\n<\/div>\n<\/div>\n",
            "lines": 17,
            "lines_more": 12,
            "preview_is_truncated": true,
            "channels": [],
            "groups": [],
            "ims": [],
            "comments_count": 0
        },
        "user": "U9NM7AYPN",
        "upload": true,
        "display_as_bot": false,
        "username": "gianfri97",
        "bot_id": null,
        "ts": "1526234838.000006"
    },
    {
        "type": "message",
        "subtype": "file_share",
        "text": "<@U9NJ3PL4D> uploaded a file: <https:\/\/ingsw1718.slack.com\/files\/U9NJ3PL4D\/FAND1DXDX\/perlis.sh|perlis>",
        "file": {
            "id": "FAND1DXDX",
            "created": 1526235202,
            "timestamp": 1526235202,
            "name": "perlis.sh",
            "title": "perlis",
            "mimetype": "text\/plain",
            "filetype": "shell",
            "pretty_type": "Shell",
            "user": "U9NJ3PL4D",
            "editable": true,
            "size": 840,
            "mode": "snippet",
            "is_external": false,
            "external_type": "",
            "is_public": true,
            "public_url_shared": false,
            "display_as_bot": false,
            "username": "",
            "url_private": "https:\/\/files.slack.com\/files-pri\/T9BAB138B-FAND1DXDX\/perlis.sh?t=xoxe-317351037283-365207707586-364511306800-333c6acf63d6b69e07fd249ca7d3d9ee",
            "url_private_download": "https:\/\/files.slack.com\/files-pri\/T9BAB138B-FAND1DXDX\/download\/perlis.sh?t=xoxe-317351037283-365207707586-364511306800-333c6acf63d6b69e07fd249ca7d3d9ee",
            "permalink": "https:\/\/ingsw1718.slack.com\/files\/U9NJ3PL4D\/FAND1DXDX\/perlis.sh",
            "permalink_public": "https:\/\/slack-files.com\/T9BAB138B-FAND1DXDX-73e0c12171",
            "edit_link": "https:\/\/ingsw1718.slack.com\/files\/U9NJ3PL4D\/FAND1DXDX\/perlis.sh\/edit",
            "preview": "In qualità di utente voglio visualizzare la lista dei @mention:\r\ndocker run -v \/:\/ns -it softenginfuniba\/perlis -z ns\/path\/to\/file.zip -mentions\r\ndocker run -v \/:\/ns -it softenginfuniba\/perlis -z ns\/path\/to\/file.zip -mentions <nomechannel>\r\n\r\nIn qualità di utente voglio visualizzare la lista dei @mention che partono da uno User:\r",
            "preview_highlight": "<div class=\"CodeMirror cm-s-default CodeMirrorServer\" oncopy=\"if(event.clipboardData){event.clipboardData.setData('text\/plain',window.getSelection().toString().replace(\/\\u200b\/g,''));event.preventDefault();event.stopPropagation();}\">\n<div class=\"CodeMirror-code\">\n<div><pre>In qualità di utente voglio visualizzare la lista dei @mention:<\/pre><\/div>\n<div><pre>docker run <span class=\"cm-attribute\">-v<\/span> \/:\/ns <span class=\"cm-attribute\">-it<\/span> softenginfuniba\/perlis <span class=\"cm-attribute\">-z<\/span> ns\/path\/to\/file.zip <span class=\"cm-attribute\">-mentions<\/span><\/pre><\/div>\n<div><pre>docker run <span class=\"cm-attribute\">-v<\/span> \/:\/ns <span class=\"cm-attribute\">-it<\/span> softenginfuniba\/perlis <span class=\"cm-attribute\">-z<\/span> ns\/path\/to\/file.zip <span class=\"cm-attribute\">-mentions<\/span> &lt;nomechannel&gt;<\/pre><\/div>\n<div><pre>&#8203;<\/pre><\/div>\n<div><pre>In qualità di utente voglio visualizzare la lista dei @mention che partono da uno User:<\/pre><\/div>\n<\/div>\n<\/div>\n",
            "lines": 11,
            "lines_more": 6,
            "preview_is_truncated": false,
            "channels": [],
            "groups": [],
            "ims": [],
            "comments_count": 0
        },
        "user": "U9NJ3PL4D",
        "upload": true,
        "display_as_bot": false,
        "username": "giacinto1996",
        "bot_id": null,
        "ts": "1526235202.000087"
    },
    {
        "type": "message",
        "subtype": "file_share",
        "text": "<@U9P0DMXGD> uploaded a file: <https:\/\/ingsw1718.slack.com\/files\/U9P0DMXGD\/FAQ12DVPH\/backus.txt|backus>",
        "file": {
            "id": "FAQ12DVPH",
            "created": 1526235452,
            "timestamp": 1526235452,
            "name": "backus.txt",
            "title": "backus",
            "mimetype": "text\/plain",
            "filetype": "text",
            "pretty_type": "Plain Text",
            "user": "U9P0DMXGD",
            "editable": true,
            "size": 827,
            "mode": "snippet",
            "is_external": false,
            "external_type": "",
            "is_public": true,
            "public_url_shared": false,
            "display_as_bot": false,
            "username": "",
            "url_private": "https:\/\/files.slack.com\/files-pri\/T9BAB138B-FAQ12DVPH\/backus.txt?t=xoxe-317351037283-365207707586-364511306800-333c6acf63d6b69e07fd249ca7d3d9ee",
            "url_private_download": "https:\/\/files.slack.com\/files-pri\/T9BAB138B-FAQ12DVPH\/download\/backus.txt?t=xoxe-317351037283-365207707586-364511306800-333c6acf63d6b69e07fd249ca7d3d9ee",
            "permalink": "https:\/\/ingsw1718.slack.com\/files\/U9P0DMXGD\/FAQ12DVPH\/backus.txt",
            "permalink_public": "https:\/\/slack-files.com\/T9BAB138B-FAQ12DVPH-ea77852ebc",
            "edit_link": "https:\/\/ingsw1718.slack.com\/files\/U9P0DMXGD\/FAQ12DVPH\/backus.txt\/edit",
            "preview": "Se il nome dello User contiene spazi specificarlo tra virgolette.\r\n\r\nIn qualità di utente voglio visualizzare la lista dei mentions:\r\ndocker run -v \/c:\/n softenginfuniba\/backus mentions \"n\/ingsw1718 Slack export Apr 20 2018.zip\"\r\n\r",
            "preview_highlight": "<div class=\"CodeMirror cm-s-default CodeMirrorServer\" oncopy=\"if(event.clipboardData){event.clipboardData.setData('text\/plain',window.getSelection().toString().replace(\/\\u200b\/g,''));event.preventDefault();event.stopPropagation();}\">\n<div class=\"CodeMirror-code\">\n<div><pre>Se il nome dello User contiene spazi specificarlo tra virgolette.<\/pre><\/div>\n<div><pre><\/pre><\/div>\n<div><pre>In qualità di utente voglio visualizzare la lista dei mentions:<\/pre><\/div>\n<div><pre>docker run -v \/c:\/n softenginfuniba\/backus mentions &quot;n\/ingsw1718 Slack export Apr 20 2018.zip&quot;<\/pre><\/div>\n<div><pre><\/pre><\/div>\n<div><pre><\/pre><\/div>\n<\/div>\n<\/div>\n",
            "lines": 12,
            "lines_more": 7,
            "preview_is_truncated": false,
            "channels": [],
            "groups": [],
            "ims": [],
            "comments_count": 0
        },
        "user": "U9P0DMXGD",
        "upload": true,
        "display_as_bot": false,
        "username": "r.bellarosa1",
        "bot_id": null,
        "ts": "1526235453.000051"
    },
    {
        "type": "message",
        "subtype": "file_share",
        "text": "<@U9PC8DR8W> uploaded a file: <https:\/\/ingsw1718.slack.com\/files\/U9PC8DR8W\/FANS57411\/Untitled.java|Untitled> and commented: <#C9NENP6LD|hellman>",
        "file": {
            "id": "FANS57411",
            "created": 1526235541,
            "timestamp": 1526235541,
            "name": "Untitled.java",
            "title": "Untitled",
            "mimetype": "text\/plain",
            "filetype": "java",
            "pretty_type": "Java",
            "user": "U9PC8DR8W",
            "editable": true,
            "size": 1206,
            "mode": "snippet",
            "is_external": false,
            "external_type": "",
            "is_public": true,
            "public_url_shared": false,
            "display_as_bot": false,
            "username": "",
            "url_private": "https:\/\/files.slack.com\/files-pri\/T9BAB138B-FANS57411\/Untitled.java?t=xoxe-317351037283-365207707586-364511306800-333c6acf63d6b69e07fd249ca7d3d9ee",
            "url_private_download": "https:\/\/files.slack.com\/files-pri\/T9BAB138B-FANS57411\/download\/Untitled.java?t=xoxe-317351037283-365207707586-364511306800-333c6acf63d6b69e07fd249ca7d3d9ee",
            "permalink": "https:\/\/ingsw1718.slack.com\/files\/U9PC8DR8W\/FANS57411\/Untitled.java",
            "permalink_public": "https:\/\/slack-files.com\/T9BAB138B-FANS57411-2e07d6ae87",
            "edit_link": "https:\/\/ingsw1718.slack.com\/files\/U9PC8DR8W\/FANS57411\/Untitled.java\/edit",
            "preview": "In qualita di utente voglio visualizzare la lista dei @mention\r\n\r\n  Stampa tutte le mentions\r\n  docker run -v\/c:\/ns softenginfuniba\/hellman ns\/path\/ SNA4Slack mentions\r\n\r",
            "preview_highlight": "<div class=\"CodeMirror cm-s-default CodeMirrorServer\" oncopy=\"if(event.clipboardData){event.clipboardData.setData('text\/plain',window.getSelection().toString().replace(\/\\u200b\/g,''));event.preventDefault();event.stopPropagation();}\">\n<div class=\"CodeMirror-code\">\n<div><pre><span class=\"cm-variable\">In<\/span> <span class=\"cm-variable\">qualita<\/span> <span class=\"cm-variable\">di<\/span> <span class=\"cm-variable\">utente<\/span> <span class=\"cm-variable\">voglio<\/span> <span class=\"cm-variable\">visualizzare<\/span> <span class=\"cm-variable\">la<\/span> <span class=\"cm-variable\">lista<\/span> <span class=\"cm-variable\">dei<\/span> <span class=\"cm-meta\">@mention<\/span><\/pre><\/div>\n<div><pre>&#8203;<\/pre><\/div>\n<div><pre>  <span class=\"cm-variable\">Stampa<\/span> <span class=\"cm-variable\">tutte<\/span> <span class=\"cm-variable\">le<\/span> <span class=\"cm-variable\">mentions<\/span><\/pre><\/div>\n<div><pre>  <span class=\"cm-variable\">docker<\/span> <span class=\"cm-variable\">run<\/span> <span class=\"cm-operator\">-<\/span><span class=\"cm-variable\">v<\/span><span class=\"cm-operator\">\/<\/span><span class=\"cm-variable\">c<\/span>:<span class=\"cm-operator\">\/<\/span><span class=\"cm-variable\">ns<\/span> <span class=\"cm-variable\">softenginfuniba<\/span><span class=\"cm-operator\">\/<\/span><span class=\"cm-variable\">hellman<\/span> <span class=\"cm-variable\">ns<\/span><span class=\"cm-operator\">\/<\/span><span class=\"cm-variable\">path<\/span><span class=\"cm-operator\">\/<\/span> <span class=\"cm-variable\">SNA4Slack<\/span> <span class=\"cm-variable\">mentions<\/span><\/pre><\/div>\n<div><pre>&#8203;<\/pre><\/div>\n<\/div>\n<\/div>\n",
            "lines": 23,
            "lines_more": 18,
            "preview_is_truncated": true,
            "channels": [],
            "groups": [],
            "ims": [],
            "comments_count": 2,
            "initial_comment": {
                "id": "FcAP3Q4LAZ",
                "created": 1526235541,
                "timestamp": 1526235541,
                "user": "U9PC8DR8W",
                "is_intro": true,
                "comment": "<#C9NENP6LD|hellman>"
            }
        },
        "user": "U9PC8DR8W",
        "upload": true,
        "display_as_bot": false,
        "username": "angelo.ignomeriello20",
        "bot_id": null,
        "ts": "1526235542.000076"
    },
    {
        "type": "message",
        "subtype": "file_share",
        "text": "<@U9PNL8V9U> uploaded a file: <https:\/\/ingsw1718.slack.com\/files\/U9PNL8V9U\/FANNHDUR2\/reddy.txt|reddy> and commented: <#C9PNPP91U|reddy>",
        "file": {
            "id": "FANNHDUR2",
            "created": 1526237553,
            "timestamp": 1526237553,
            "name": "reddy.txt",
            "title": "reddy",
            "mimetype": "text\/plain",
            "filetype": "text",
            "pretty_type": "Plain Text",
            "user": "U9PNL8V9U",
            "editable": true,
            "size": 1098,
            "mode": "snippet",
            "is_external": false,
            "external_type": "",
            "is_public": true,
            "public_url_shared": false,
            "display_as_bot": false,
            "username": "",
            "url_private": "https:\/\/files.slack.com\/files-pri\/T9BAB138B-FANNHDUR2\/reddy.txt?t=xoxe-317351037283-365207707586-364511306800-333c6acf63d6b69e07fd249ca7d3d9ee",
            "url_private_download": "https:\/\/files.slack.com\/files-pri\/T9BAB138B-FANNHDUR2\/download\/reddy.txt?t=xoxe-317351037283-365207707586-364511306800-333c6acf63d6b69e07fd249ca7d3d9ee",
            "permalink": "https:\/\/ingsw1718.slack.com\/files\/U9PNL8V9U\/FANNHDUR2\/reddy.txt",
            "permalink_public": "https:\/\/slack-files.com\/T9BAB138B-FANNHDUR2-60ed70afb4",
            "edit_link": "https:\/\/ingsw1718.slack.com\/files\/U9PNL8V9U\/FANNHDUR2\/reddy.txt\/edit",
            "preview": "In qualità di utente voglio visualizzare la lista dei @mention:\r\n\tdocker run -v \/c:\/ns softenginfuniba\/reddy -z ns\/path\/to\/file\/fileName.zip -c mentions\r\n\tFiltrato per canale:\r\n\t\tdocker run -v \/c:\/ns softenginfuniba\/reddy -z ns\/path\/to\/file\/fileName.zip -c mentions -ch channel\r\n\r",
            "preview_highlight": "<div class=\"CodeMirror cm-s-default CodeMirrorServer\" oncopy=\"if(event.clipboardData){event.clipboardData.setData('text\/plain',window.getSelection().toString().replace(\/\\u200b\/g,''));event.preventDefault();event.stopPropagation();}\">\n<div class=\"CodeMirror-code\">\n<div><pre>In qualità di utente voglio visualizzare la lista dei @mention:<\/pre><\/div>\n<div><pre>    docker run -v \/c:\/ns softenginfuniba\/reddy -z ns\/path\/to\/file\/fileName.zip -c mentions<\/pre><\/div>\n<div><pre>    Filtrato per canale:<\/pre><\/div>\n<div><pre>        docker run -v \/c:\/ns softenginfuniba\/reddy -z ns\/path\/to\/file\/fileName.zip -c mentions -ch channel<\/pre><\/div>\n<div><pre><\/pre><\/div>\n<div><pre><\/pre><\/div>\n<\/div>\n<\/div>\n",
            "lines": 18,
            "lines_more": 13,
            "preview_is_truncated": true,
            "channels": [],
            "groups": [],
            "ims": [],
            "comments_count": 1,
            "initial_comment": {
                "id": "FcANNHDVLL",
                "created": 1526237553,
                "timestamp": 1526237553,
                "user": "U9PNL8V9U",
                "is_intro": true,
                "comment": "<#C9PNPP91U|reddy>"
            }
        },
        "user": "U9PNL8V9U",
        "upload": true,
        "display_as_bot": false,
        "username": "f.ferrante22",
        "bot_id": null,
        "ts": "1526237554.000028"
    },
    {
        "type": "message",
        "subtype": "file_share",
        "text": "<@U9NS5BECU> uploaded a file: <https:\/\/ingsw1718.slack.com\/files\/U9NS5BECU\/FAPS9P10W\/-.txt|Untitled> and commented: <#CA47B3L9K|hopcroft>",
        "file": {
            "id": "FAPS9P10W",
            "created": 1526241043,
            "timestamp": 1526241043,
            "name": "-.txt",
            "title": "Untitled",
            "mimetype": "text\/plain",
            "filetype": "text",
            "pretty_type": "Plain Text",
            "user": "U9NS5BECU",
            "editable": true,
            "size": 6407,
            "mode": "snippet",
            "is_external": false,
            "external_type": "",
            "is_public": true,
            "public_url_shared": false,
            "display_as_bot": false,
            "username": "",
            "url_private": "https:\/\/files.slack.com\/files-pri\/T9BAB138B-FAPS9P10W\/-.txt?t=xoxe-317351037283-365207707586-364511306800-333c6acf63d6b69e07fd249ca7d3d9ee",
            "url_private_download": "https:\/\/files.slack.com\/files-pri\/T9BAB138B-FAPS9P10W\/download\/-.txt?t=xoxe-317351037283-365207707586-364511306800-333c6acf63d6b69e07fd249ca7d3d9ee",
            "permalink": "https:\/\/ingsw1718.slack.com\/files\/U9NS5BECU\/FAPS9P10W\/-.txt",
            "permalink_public": "https:\/\/slack-files.com\/T9BAB138B-FAPS9P10W-9751e37e45",
            "edit_link": "https:\/\/ingsw1718.slack.com\/files\/U9NS5BECU\/FAPS9P10W\/-.txt\/edit",
            "preview": "LINUX\r\n\r\n1)In qualità di utente voglio visualizzare la lista dei @Mention;\r\n\r\ndocker run -v \/:\/ns softenginfuniba\/hopcroft \"ns\/\/Path\/to\/file\/nome.zip\" \"ns\/\/path\/to\/folder\" \"Mentions\" \"\" (vuoto se si vuole la stampa di tutti i mention)\r",
            "preview_highlight": "<div class=\"CodeMirror cm-s-default CodeMirrorServer\" oncopy=\"if(event.clipboardData){event.clipboardData.setData('text\/plain',window.getSelection().toString().replace(\/\\u200b\/g,''));event.preventDefault();event.stopPropagation();}\">\n<div class=\"CodeMirror-code\">\n<div><pre>LINUX<\/pre><\/div>\n<div><pre><\/pre><\/div>\n<div><pre>1)In qualità di utente voglio visualizzare la lista dei @Mention;<\/pre><\/div>\n<div><pre><\/pre><\/div>\n<div><pre>docker run -v \/:\/ns softenginfuniba\/hopcroft &quot;ns\/\/Path\/to\/file\/nome.zip&quot; &quot;ns\/\/path\/to\/folder&quot; &quot;Mentions&quot; &quot;&quot; (vuoto se si vuole la stampa di tutti i mention)<\/pre><\/div>\n<div><pre><\/pre><\/div>\n<\/div>\n<\/div>\n",
            "lines": 98,
            "lines_more": 93,
            "preview_is_truncated": true,
            "channels": [],
            "groups": [],
            "ims": [],
            "comments_count": 1,
            "initial_comment": {
                "id": "FcAN8YARDW",
                "created": 1526241043,
                "timestamp": 1526241043,
                "user": "U9NS5BECU",
                "is_intro": true,
                "comment": "<#CA47B3L9K|hopcroft>"
            }
        },
        "user": "U9NS5BECU",
        "upload": true,
        "display_as_bot": false,
        "username": "v.liantonio",
        "bot_id": null,
        "ts": "1526241043.000078"
    },
    {
        "type": "message",
        "subtype": "file_share",
        "text": "<@U9NRSQ859> uploaded a file: <https:\/\/ingsw1718.slack.com\/files\/U9NRSQ859\/FANNVPVJQ\/bernerslee.txt|bernerslee>",
        "file": {
            "id": "FANNVPVJQ",
            "created": 1526242923,
            "timestamp": 1526242923,
            "name": "bernerslee.txt",
            "title": "bernerslee",
            "mimetype": "text\/plain",
            "filetype": "text",
            "pretty_type": "Plain Text",
            "user": "U9NRSQ859",
            "editable": true,
            "size": 874,
            "mode": "snippet",
            "is_external": false,
            "external_type": "",
            "is_public": true,
            "public_url_shared": false,
            "display_as_bot": false,
            "username": "",
            "url_private": "https:\/\/files.slack.com\/files-pri\/T9BAB138B-FANNVPVJQ\/bernerslee.txt?t=xoxe-317351037283-365207707586-364511306800-333c6acf63d6b69e07fd249ca7d3d9ee",
            "url_private_download": "https:\/\/files.slack.com\/files-pri\/T9BAB138B-FANNVPVJQ\/download\/bernerslee.txt?t=xoxe-317351037283-365207707586-364511306800-333c6acf63d6b69e07fd249ca7d3d9ee",
            "permalink": "https:\/\/ingsw1718.slack.com\/files\/U9NRSQ859\/FANNVPVJQ\/bernerslee.txt",
            "permalink_public": "https:\/\/slack-files.com\/T9BAB138B-FANNVPVJQ-936b112b11",
            "edit_link": "https:\/\/ingsw1718.slack.com\/files\/U9NRSQ859\/FANNVPVJQ\/bernerslee.txt\/edit",
            "preview": "In caso di spazio nel nome del member , usare \"Nome Cognome\" per indicarlo\r\n\r\nIn qualità di utente voglio visualizzare la lista dei @mention\r\n- docker run -v \/c:\/ns softenfinuniba\/bernerslee mentionsList ns\/path\/to\/file\/ingsw1718May3.zip\r\n- docker run -v \/c:\/ns softenfinuniba\/bernerslee mentionsListChannel channel ns\/path\/to\/file\/ingsw1718May3.zip\r",
            "preview_highlight": "<div class=\"CodeMirror cm-s-default CodeMirrorServer\" oncopy=\"if(event.clipboardData){event.clipboardData.setData('text\/plain',window.getSelection().toString().replace(\/\\u200b\/g,''));event.preventDefault();event.stopPropagation();}\">\n<div class=\"CodeMirror-code\">\n<div><pre>In caso di spazio nel nome del member , usare &quot;Nome Cognome&quot; per indicarlo<\/pre><\/div>\n<div><pre><\/pre><\/div>\n<div><pre>In qualità di utente voglio visualizzare la lista dei @mention<\/pre><\/div>\n<div><pre>- docker run -v \/c:\/ns softenfinuniba\/bernerslee mentionsList ns\/path\/to\/file\/ingsw1718May3.zip<\/pre><\/div>\n<div><pre>- docker run -v \/c:\/ns softenfinuniba\/bernerslee mentionsListChannel channel ns\/path\/to\/file\/ingsw1718May3.zip<\/pre><\/div>\n<div><pre><\/pre><\/div>\n<\/div>\n<\/div>\n",
            "lines": 13,
            "lines_more": 8,
            "preview_is_truncated": false,
            "channels": [],
            "groups": [],
            "ims": [],
            "comments_count": 0
        },
        "user": "U9NRSQ859",
        "upload": true,
        "display_as_bot": false,
        "username": "ulissis1996",
        "bot_id": null,
        "ts": "1526242923.000067"
    },
    {
        "type": "message",
        "subtype": "file_share",
        "text": "<@U9NG44DUJ> uploaded a file: <https:\/\/ingsw1718.slack.com\/files\/U9NG44DUJ\/FAP06RZ1Q\/rivest.txt|rivest> and commented: <#C9NVCLHRN|rivest>",
        "file": {
            "id": "FAP06RZ1Q",
            "created": 1526243707,
            "timestamp": 1526243707,
            "name": "rivest.txt",
            "title": "rivest",
            "mimetype": "text\/plain",
            "filetype": "text",
            "pretty_type": "Plain Text",
            "user": "U9NG44DUJ",
            "editable": true,
            "size": 817,
            "mode": "snippet",
            "is_external": false,
            "external_type": "",
            "is_public": true,
            "public_url_shared": false,
            "display_as_bot": false,
            "username": "",
            "url_private": "https:\/\/files.slack.com\/files-pri\/T9BAB138B-FAP06RZ1Q\/rivest.txt?t=xoxe-317351037283-365207707586-364511306800-333c6acf63d6b69e07fd249ca7d3d9ee",
            "url_private_download": "https:\/\/files.slack.com\/files-pri\/T9BAB138B-FAP06RZ1Q\/download\/rivest.txt?t=xoxe-317351037283-365207707586-364511306800-333c6acf63d6b69e07fd249ca7d3d9ee",
            "permalink": "https:\/\/ingsw1718.slack.com\/files\/U9NG44DUJ\/FAP06RZ1Q\/rivest.txt",
            "permalink_public": "https:\/\/slack-files.com\/T9BAB138B-FAP06RZ1Q-34048e8830",
            "edit_link": "https:\/\/ingsw1718.slack.com\/files\/U9NG44DUJ\/FAP06RZ1Q\/rivest.txt\/edit",
            "preview": "- In qualità di utente voglio visualizzare la lista dei @mention\r\n\tdocker run -v \/c:\/ns softenginfuniba\/rivest sna4slack -am ns\/(path)\/nome_file.zip\r\n\tdocker run -v \/c:\/ns softenginfuniba\/rivest sna4slack -am <channel> ns\/(path)\/nome_file.zip\r\n\r\n- In qualità di utente voglio visualizzare la lista dei @mention che partono da uno User\r",
            "preview_highlight": "<div class=\"CodeMirror cm-s-default CodeMirrorServer\" oncopy=\"if(event.clipboardData){event.clipboardData.setData('text\/plain',window.getSelection().toString().replace(\/\\u200b\/g,''));event.preventDefault();event.stopPropagation();}\">\n<div class=\"CodeMirror-code\">\n<div><pre>- In qualità di utente voglio visualizzare la lista dei @mention<\/pre><\/div>\n<div><pre>    docker run -v \/c:\/ns softenginfuniba\/rivest sna4slack -am ns\/(path)\/nome_file.zip<\/pre><\/div>\n<div><pre>    docker run -v \/c:\/ns softenginfuniba\/rivest sna4slack -am &lt;channel&gt; ns\/(path)\/nome_file.zip<\/pre><\/div>\n<div><pre><\/pre><\/div>\n<div><pre>- In qualità di utente voglio visualizzare la lista dei @mention che partono da uno User<\/pre><\/div>\n<div><pre><\/pre><\/div>\n<\/div>\n<\/div>\n",
            "lines": 11,
            "lines_more": 6,
            "preview_is_truncated": false,
            "channels": [],
            "groups": [],
            "ims": [],
            "comments_count": 1,
            "initial_comment": {
                "id": "FcANDLQF5X",
                "created": 1526243707,
                "timestamp": 1526243707,
                "user": "U9NG44DUJ",
                "is_intro": true,
                "comment": "<#C9NVCLHRN|rivest>"
            }
        },
        "user": "U9NG44DUJ",
        "upload": true,
        "display_as_bot": false,
        "username": "pierbale97",
        "bot_id": null,
        "ts": "1526243707.000075"
    },
    {
        "type": "message",
        "subtype": "file_share",
        "text": "<@U9N9XTY8H> uploaded a file: <https:\/\/ingsw1718.slack.com\/files\/U9N9XTY8H\/FANDM246M\/nygaard.txt|nygaard>",
        "file": {
            "id": "FANDM246M",
            "created": 1526243813,
            "timestamp": 1526243813,
            "name": "nygaard.txt",
            "title": "nygaard",
            "mimetype": "text\/plain",
            "filetype": "text",
            "pretty_type": "Plain Text",
            "user": "U9N9XTY8H",
            "editable": true,
            "size": 1055,
            "mode": "snippet",
            "is_external": false,
            "external_type": "",
            "is_public": true,
            "public_url_shared": false,
            "display_as_bot": false,
            "username": "",
            "url_private": "https:\/\/files.slack.com\/files-pri\/T9BAB138B-FANDM246M\/nygaard.txt?t=xoxe-317351037283-365207707586-364511306800-333c6acf63d6b69e07fd249ca7d3d9ee",
            "url_private_download": "https:\/\/files.slack.com\/files-pri\/T9BAB138B-FANDM246M\/download\/nygaard.txt?t=xoxe-317351037283-365207707586-364511306800-333c6acf63d6b69e07fd249ca7d3d9ee",
            "permalink": "https:\/\/ingsw1718.slack.com\/files\/U9N9XTY8H\/FANDM246M\/nygaard.txt",
            "permalink_public": "https:\/\/slack-files.com\/T9BAB138B-FANDM246M-184cece523",
            "edit_link": "https:\/\/ingsw1718.slack.com\/files\/U9N9XTY8H\/FANDM246M\/nygaard.txt\/edit",
            "preview": "In qualità di utente voglio visualizzare la lista dei mention\r\ndocker run --rm -v \/c:\/ns softenginfuniba\/nygaard -w \"ns\/(path)\/(file).zip\" -m\r\n\r\nnel caso sia specificato, la lista sia ristretta ai soli mention di un channel\r\ndocker run --rm -v \/c:\/ns softenginfuniba\/nygaard -w \"ns\/(path)\/(file).zip\" -m in <channel>\r",
            "preview_highlight": "<div class=\"CodeMirror cm-s-default CodeMirrorServer\" oncopy=\"if(event.clipboardData){event.clipboardData.setData('text\/plain',window.getSelection().toString().replace(\/\\u200b\/g,''));event.preventDefault();event.stopPropagation();}\">\n<div class=\"CodeMirror-code\">\n<div><pre>In qualità di utente voglio visualizzare la lista dei mention<\/pre><\/div>\n<div><pre>docker run --rm -v \/c:\/ns softenginfuniba\/nygaard -w &quot;ns\/(path)\/(file).zip&quot; -m<\/pre><\/div>\n<div><pre><\/pre><\/div>\n<div><pre>nel caso sia specificato, la lista sia ristretta ai soli mention di un channel<\/pre><\/div>\n<div><pre>docker run --rm -v \/c:\/ns softenginfuniba\/nygaard -w &quot;ns\/(path)\/(file).zip&quot; -m in &lt;channel&gt;<\/pre><\/div>\n<div><pre><\/pre><\/div>\n<\/div>\n<\/div>\n",
            "lines": 19,
            "lines_more": 14,
            "preview_is_truncated": true,
            "channels": [],
            "groups": [],
            "ims": [],
            "comments_count": 0
        },
        "user": "U9N9XTY8H",
        "upload": true,
        "display_as_bot": false,
        "username": "ottavio.lischio42",
        "bot_id": null,
        "ts": "1526243813.000065"
    },
    {
        "type": "message",
        "subtype": "file_share",
        "text": "<@U9NSLHZAQ> uploaded a file: <https:\/\/ingsw1718.slack.com\/files\/U9NSLHZAQ\/FANDMHP6D\/hoare.sh|hoare>",
        "file": {
            "id": "FANDMHP6D",
            "created": 1526244052,
            "timestamp": 1526244052,
            "name": "hoare.sh",
            "title": "hoare",
            "mimetype": "text\/plain",
            "filetype": "shell",
            "pretty_type": "Shell",
            "user": "U9NSLHZAQ",
            "editable": true,
            "size": 1177,
            "mode": "snippet",
            "is_external": false,
            "external_type": "",
            "is_public": true,
            "public_url_shared": false,
            "display_as_bot": false,
            "username": "",
            "url_private": "https:\/\/files.slack.com\/files-pri\/T9BAB138B-FANDMHP6D\/hoare.sh?t=xoxe-317351037283-365207707586-364511306800-333c6acf63d6b69e07fd249ca7d3d9ee",
            "url_private_download": "https:\/\/files.slack.com\/files-pri\/T9BAB138B-FANDMHP6D\/download\/hoare.sh?t=xoxe-317351037283-365207707586-364511306800-333c6acf63d6b69e07fd249ca7d3d9ee",
            "permalink": "https:\/\/ingsw1718.slack.com\/files\/U9NSLHZAQ\/FANDMHP6D\/hoare.sh",
            "permalink_public": "https:\/\/slack-files.com\/T9BAB138B-FANDMHP6D-6a48415955",
            "edit_link": "https:\/\/ingsw1718.slack.com\/files\/U9NSLHZAQ\/FANDMHP6D\/hoare.sh\/edit",
            "preview": "In qualità di utente voglio visualizzare la lista dei Mentions\ndocker run -v \/c:\/ns softenginfuniba\/hoare  ns\/(path to file)\/(file).zip mentions\n\t\tFiltro su un determinato channel:\n\t\t\tdocker run -v \/c:\/ns softenginfuniba\/hoare  ns\/(path to file)\/(file).zip mentions channel_name\n",
            "preview_highlight": "<div class=\"CodeMirror cm-s-default CodeMirrorServer\" oncopy=\"if(event.clipboardData){event.clipboardData.setData('text\/plain',window.getSelection().toString().replace(\/\\u200b\/g,''));event.preventDefault();event.stopPropagation();}\">\n<div class=\"CodeMirror-code\">\n<div><pre>In qualità di utente voglio visualizzare la lista dei Mentions<\/pre><\/div>\n<div><pre>docker run <span class=\"cm-attribute\">-v<\/span> \/c:\/ns softenginfuniba\/hoare  ns\/(path to file)\/(file).zip mentions<\/pre><\/div>\n<div><pre>\t\tFiltro <span class=\"cm-builtin\">su<\/span> un determinato channel:<\/pre><\/div>\n<div><pre>\t\t\tdocker run <span class=\"cm-attribute\">-v<\/span> \/c:\/ns softenginfuniba\/hoare  ns\/(path to file)\/(file).zip mentions channel_name<\/pre><\/div>\n<\/div>\n<\/div>\n",
            "lines": 22,
            "lines_more": 17,
            "preview_is_truncated": true,
            "channels": [],
            "groups": [],
            "ims": [],
            "comments_count": 0
        },
        "user": "U9NSLHZAQ",
        "upload": true,
        "display_as_bot": false,
        "username": "fra95-kesh",
        "bot_id": null,
        "ts": "1526244053.000040"
    },
    {
        "type": "message",
        "subtype": "file_share",
        "text": "<@U9Q9CDE0P> uploaded a file: <https:\/\/ingsw1718.slack.com\/files\/U9Q9CDE0P\/FANP07HSQ\/ritchie.txt|ritchie>",
        "file": {
            "id": "FANP07HSQ",
            "created": 1526244967,
            "timestamp": 1526244967,
            "name": "ritchie.txt",
            "title": "ritchie",
            "mimetype": "text\/plain",
            "filetype": "text",
            "pretty_type": "Plain Text",
            "user": "U9Q9CDE0P",
            "editable": true,
            "size": 1141,
            "mode": "snippet",
            "is_external": false,
            "external_type": "",
            "is_public": true,
            "public_url_shared": false,
            "display_as_bot": false,
            "username": "",
            "url_private": "https:\/\/files.slack.com\/files-pri\/T9BAB138B-FANP07HSQ\/ritchie.txt?t=xoxe-317351037283-365207707586-364511306800-333c6acf63d6b69e07fd249ca7d3d9ee",
            "url_private_download": "https:\/\/files.slack.com\/files-pri\/T9BAB138B-FANP07HSQ\/download\/ritchie.txt?t=xoxe-317351037283-365207707586-364511306800-333c6acf63d6b69e07fd249ca7d3d9ee",
            "permalink": "https:\/\/ingsw1718.slack.com\/files\/U9Q9CDE0P\/FANP07HSQ\/ritchie.txt",
            "permalink_public": "https:\/\/slack-files.com\/T9BAB138B-FANP07HSQ-220f8eb484",
            "edit_link": "https:\/\/ingsw1718.slack.com\/files\/U9Q9CDE0P\/FANP07HSQ\/ritchie.txt\/edit",
            "preview": "In qualità di utente voglio visualizzare la lista dei @mention (User Story #45)\r\nCanale non specificato\r\ndocker run -v \/c:\/ns\/ softenginfuniba\/ritchie mentions -f \"ns\/PATH\/TO\/FILE\/WORKSPACE FILE.zip\"\r\nCanale specificato\r\ndocker run -v \/c:\/ns\/ softenginfuniba\/ritchie mentions -ch \"CHANNEL NAME\" -f \"ns\/PATH\/TO\/FILE\/WORKSPACE FILE.zip\"\r",
            "preview_highlight": "<div class=\"CodeMirror cm-s-default CodeMirrorServer\" oncopy=\"if(event.clipboardData){event.clipboardData.setData('text\/plain',window.getSelection().toString().replace(\/\\u200b\/g,''));event.preventDefault();event.stopPropagation();}\">\n<div class=\"CodeMirror-code\">\n<div><pre>In qualità di utente voglio visualizzare la lista dei @mention (User Story #45)<\/pre><\/div>\n<div><pre>Canale non specificato<\/pre><\/div>\n<div><pre>docker run -v \/c:\/ns\/ softenginfuniba\/ritchie mentions -f &quot;ns\/PATH\/TO\/FILE\/WORKSPACE FILE.zip&quot;<\/pre><\/div>\n<div><pre>Canale specificato<\/pre><\/div>\n<div><pre>docker run -v \/c:\/ns\/ softenginfuniba\/ritchie mentions -ch &quot;CHANNEL NAME&quot; -f &quot;ns\/PATH\/TO\/FILE\/WORKSPACE FILE.zip&quot;<\/pre><\/div>\n<div><pre><\/pre><\/div>\n<\/div>\n<\/div>\n",
            "lines": 19,
            "lines_more": 14,
            "preview_is_truncated": true,
            "channels": [],
            "groups": [],
            "ims": [],
            "comments_count": 0
        },
        "user": "U9Q9CDE0P",
        "upload": true,
        "display_as_bot": false,
        "username": "p.colagrande",
        "bot_id": null,
        "ts": "1526244968.000038"
    },
    {
        "type": "message",
        "subtype": "file_share",
        "text": "<@U9NAK1VB5> uploaded a file: <https:\/\/ingsw1718.slack.com\/files\/U9NAK1VB5\/FAPSJKB1U\/hamming.sh|hamming>",
        "file": {
            "id": "FAPSJKB1U",
            "created": 1526245028,
            "timestamp": 1526245028,
            "name": "hamming.sh",
            "title": "hamming",
            "mimetype": "text\/plain",
            "filetype": "shell",
            "pretty_type": "Shell",
            "user": "U9NAK1VB5",
            "editable": true,
            "size": 1160,
            "mode": "snippet",
            "is_external": false,
            "external_type": "",
            "is_public": true,
            "public_url_shared": false,
            "display_as_bot": false,
            "username": "",
            "url_private": "https:\/\/files.slack.com\/files-pri\/T9BAB138B-FAPSJKB1U\/hamming.sh?t=xoxe-317351037283-365207707586-364511306800-333c6acf63d6b69e07fd249ca7d3d9ee",
            "url_private_download": "https:\/\/files.slack.com\/files-pri\/T9BAB138B-FAPSJKB1U\/download\/hamming.sh?t=xoxe-317351037283-365207707586-364511306800-333c6acf63d6b69e07fd249ca7d3d9ee",
            "permalink": "https:\/\/ingsw1718.slack.com\/files\/U9NAK1VB5\/FAPSJKB1U\/hamming.sh",
            "permalink_public": "https:\/\/slack-files.com\/T9BAB138B-FAPSJKB1U-1fde91a359",
            "edit_link": "https:\/\/ingsw1718.slack.com\/files\/U9NAK1VB5\/FAPSJKB1U\/hamming.sh\/edit",
            "preview": "In qualità di utente voglio visualizzare la lista dei @mention\r\ndocker run -v \/c:\/ns softenginfuniba\/hamming  --mentions -z ns\/<path to .zip file>\r\n\r\nIn qualità di utente voglio visualizzare la lista dei @mention ristretta ad un channel\r\ndocker run -v \/c:\/ns softenginfuniba\/hamming  --mentions \"channel\" -z ns\/<path to .zip file>\r",
            "preview_highlight": "<div class=\"CodeMirror cm-s-default CodeMirrorServer\" oncopy=\"if(event.clipboardData){event.clipboardData.setData('text\/plain',window.getSelection().toString().replace(\/\\u200b\/g,''));event.preventDefault();event.stopPropagation();}\">\n<div class=\"CodeMirror-code\">\n<div><pre>In qualità di utente voglio visualizzare la lista dei @mention<\/pre><\/div>\n<div><pre>docker run <span class=\"cm-attribute\">-v<\/span> \/c:\/ns softenginfuniba\/hamming  <span class=\"cm-attribute\">--mentions<\/span> <span class=\"cm-attribute\">-z<\/span> ns\/&lt;path to .zip file&gt;<\/pre><\/div>\n<div><pre>&#8203;<\/pre><\/div>\n<div><pre>In qualità di utente voglio visualizzare la lista dei @mention ristretta ad un channel<\/pre><\/div>\n<div><pre>docker run <span class=\"cm-attribute\">-v<\/span> \/c:\/ns softenginfuniba\/hamming  <span class=\"cm-attribute\">--mentions<\/span> <span class=\"cm-string\">&quot;channel&quot;<\/span> <span class=\"cm-attribute\">-z<\/span> ns\/&lt;path to .zip file&gt;<\/pre><\/div>\n<\/div>\n<\/div>\n",
            "lines": 17,
            "lines_more": 12,
            "preview_is_truncated": true,
            "channels": [],
            "groups": [],
            "ims": [],
            "comments_count": 0
        },
        "user": "U9NAK1VB5",
        "upload": true,
        "display_as_bot": false,
        "username": "roberto.giovine",
        "bot_id": null,
        "ts": "1526245028.000069"
    },
    {
        "type": "message",
        "subtype": "file_share",
        "text": "<@U9P18U17X> uploaded a file: <https:\/\/ingsw1718.slack.com\/files\/U9P18U17X\/FANSTKM8T\/scott.txt|scott> and commented: scott",
        "file": {
            "id": "FANSTKM8T",
            "created": 1526245398,
            "timestamp": 1526245398,
            "name": "scott.txt",
            "title": "scott",
            "mimetype": "text\/plain",
            "filetype": "text",
            "pretty_type": "Plain Text",
            "user": "U9P18U17X",
            "editable": true,
            "size": 955,
            "mode": "snippet",
            "is_external": false,
            "external_type": "",
            "is_public": true,
            "public_url_shared": false,
            "display_as_bot": false,
            "username": "",
            "url_private": "https:\/\/files.slack.com\/files-pri\/T9BAB138B-FANSTKM8T\/scott.txt?t=xoxe-317351037283-365207707586-364511306800-333c6acf63d6b69e07fd249ca7d3d9ee",
            "url_private_download": "https:\/\/files.slack.com\/files-pri\/T9BAB138B-FANSTKM8T\/download\/scott.txt?t=xoxe-317351037283-365207707586-364511306800-333c6acf63d6b69e07fd249ca7d3d9ee",
            "permalink": "https:\/\/ingsw1718.slack.com\/files\/U9P18U17X\/FANSTKM8T\/scott.txt",
            "permalink_public": "https:\/\/slack-files.com\/T9BAB138B-FANSTKM8T-1f93300031",
            "edit_link": "https:\/\/ingsw1718.slack.com\/files\/U9P18U17X\/FANSTKM8T\/scott.txt\/edit",
            "preview": "User Story: In qualità di utente voglio visualizzare la lista dei @mention:\r\ndocker run -v \/c:\/ns\/ softenginfuniba\/scott list mentions \"ns\/path\/workspace_name.zip\"\r\ndocker run -v \/c:\/ns\/ softenginfuniba\/scott list mentions channel \"channel_name\" \"ns\/path\/workspace_name.zip\"\r\n\r\nUser Story: In qualità di utente voglio visualizzare la lista dei @mention che partono da uno User:\r",
            "preview_highlight": "<div class=\"CodeMirror cm-s-default CodeMirrorServer\" oncopy=\"if(event.clipboardData){event.clipboardData.setData('text\/plain',window.getSelection().toString().replace(\/\\u200b\/g,''));event.preventDefault();event.stopPropagation();}\">\n<div class=\"CodeMirror-code\">\n<div><pre>User Story: In qualità di utente voglio visualizzare la lista dei @mention:<\/pre><\/div>\n<div><pre>docker run -v \/c:\/ns\/ softenginfuniba\/scott list mentions &quot;ns\/path\/workspace_name.zip&quot;<\/pre><\/div>\n<div><pre>docker run -v \/c:\/ns\/ softenginfuniba\/scott list mentions channel &quot;channel_name&quot; &quot;ns\/path\/workspace_name.zip&quot;<\/pre><\/div>\n<div><pre><\/pre><\/div>\n<div><pre>User Story: In qualità di utente voglio visualizzare la lista dei @mention che partono da uno User:<\/pre><\/div>\n<div><pre><\/pre><\/div>\n<\/div>\n<\/div>\n",
            "lines": 12,
            "lines_more": 7,
            "preview_is_truncated": false,
            "channels": [],
            "groups": [],
            "ims": [],
            "comments_count": 1,
            "initial_comment": {
                "id": "FcANSTKNCB",
                "created": 1526245398,
                "timestamp": 1526245398,
                "user": "U9P18U17X",
                "is_intro": true,
                "comment": "scott"
            }
        },
        "user": "U9P18U17X",
        "upload": true,
        "display_as_bot": false,
        "username": "m.amato17",
        "bot_id": null,
        "ts": "1526245399.000022"
    },
    {
        "type": "message",
        "subtype": "file_share",
        "text": "<@U9PNDSW4R> uploaded a file: <https:\/\/ingsw1718.slack.com\/files\/U9PNDSW4R\/FAP4EHD53\/lampson.txt|lampson> and commented: lampson",
        "file": {
            "id": "FAP4EHD53",
            "created": 1526246332,
            "timestamp": 1526246332,
            "name": "lampson.txt",
            "title": "lampson",
            "mimetype": "text\/plain",
            "filetype": "text",
            "pretty_type": "Plain Text",
            "user": "U9PNDSW4R",
            "editable": true,
            "size": 1914,
            "mode": "snippet",
            "is_external": false,
            "external_type": "",
            "is_public": true,
            "public_url_shared": false,
            "display_as_bot": false,
            "username": "",
            "url_private": "https:\/\/files.slack.com\/files-pri\/T9BAB138B-FAP4EHD53\/lampson.txt?t=xoxe-317351037283-365207707586-364511306800-333c6acf63d6b69e07fd249ca7d3d9ee",
            "url_private_download": "https:\/\/files.slack.com\/files-pri\/T9BAB138B-FAP4EHD53\/download\/lampson.txt?t=xoxe-317351037283-365207707586-364511306800-333c6acf63d6b69e07fd249ca7d3d9ee",
            "permalink": "https:\/\/ingsw1718.slack.com\/files\/U9PNDSW4R\/FAP4EHD53\/lampson.txt",
            "permalink_public": "https:\/\/slack-files.com\/T9BAB138B-FAP4EHD53-14c2ae2108",
            "edit_link": "https:\/\/ingsw1718.slack.com\/files\/U9PNDSW4R\/FAP4EHD53\/lampson.txt\/edit",
            "preview": "E' consigliato l'utilizzo di PowerShell per evitare eventuali mancate visualizzazioni dovute a una limitata memoria disponibile al buffer di stampa del terminale di base.\r\n1) In qualità di utente voglio visualizzare la lista dei @mention\r\n\tdocker run -v \/c:\/ns softenginfuniba\/lampson --unzip ns\/path\/to\/file\/file.zip mentions\r\n\tdocker run -v \/c:\/ns softenginfuniba\/lampson --unzip ns\/path\/to\/file\/file.zip mentions <channel>\r\n\r",
            "preview_highlight": "<div class=\"CodeMirror cm-s-default CodeMirrorServer\" oncopy=\"if(event.clipboardData){event.clipboardData.setData('text\/plain',window.getSelection().toString().replace(\/\\u200b\/g,''));event.preventDefault();event.stopPropagation();}\">\n<div class=\"CodeMirror-code\">\n<div><pre>E' consigliato l'utilizzo di PowerShell per evitare eventuali mancate visualizzazioni dovute a una limitata memoria disponibile al buffer di stampa del terminale di base.<\/pre><\/div>\n<div><pre>1) In qualità di utente voglio visualizzare la lista dei @mention<\/pre><\/div>\n<div><pre>    docker run -v \/c:\/ns softenginfuniba\/lampson --unzip ns\/path\/to\/file\/file.zip mentions<\/pre><\/div>\n<div><pre>    docker run -v \/c:\/ns softenginfuniba\/lampson --unzip ns\/path\/to\/file\/file.zip mentions &lt;channel&gt;<\/pre><\/div>\n<div><pre><\/pre><\/div>\n<div><pre><\/pre><\/div>\n<\/div>\n<\/div>\n",
            "lines": 17,
            "lines_more": 12,
            "preview_is_truncated": true,
            "channels": [],
            "groups": [],
            "ims": [],
            "comments_count": 1,
            "initial_comment": {
                "id": "FcAP4EHDTP",
                "created": 1526246332,
                "timestamp": 1526246332,
                "user": "U9PNDSW4R",
                "is_intro": true,
                "comment": "lampson"
            }
        },
        "user": "U9PNDSW4R",
        "upload": true,
        "display_as_bot": false,
        "username": "giovanni.barese",
        "bot_id": null,
        "ts": "1526246333.000034"
    },
    {
        "type": "message",
        "subtype": "file_share",
        "text": "<@U9N8GRK3J> uploaded a file: <https:\/\/ingsw1718.slack.com\/files\/U9N8GRK3J\/FAN9AR3T2\/goldwasser.txt|goldwasser>",
        "file": {
            "id": "FAN9AR3T2",
            "created": 1526246666,
            "timestamp": 1526246666,
            "name": "goldwasser.txt",
            "title": "goldwasser",
            "mimetype": "text\/plain",
            "filetype": "text",
            "pretty_type": "Plain Text",
            "user": "U9N8GRK3J",
            "editable": true,
            "size": 1524,
            "mode": "snippet",
            "is_external": false,
            "external_type": "",
            "is_public": true,
            "public_url_shared": false,
            "display_as_bot": false,
            "username": "",
            "url_private": "https:\/\/files.slack.com\/files-pri\/T9BAB138B-FAN9AR3T2\/goldwasser.txt?t=xoxe-317351037283-365207707586-364511306800-333c6acf63d6b69e07fd249ca7d3d9ee",
            "url_private_download": "https:\/\/files.slack.com\/files-pri\/T9BAB138B-FAN9AR3T2\/download\/goldwasser.txt?t=xoxe-317351037283-365207707586-364511306800-333c6acf63d6b69e07fd249ca7d3d9ee",
            "permalink": "https:\/\/ingsw1718.slack.com\/files\/U9N8GRK3J\/FAN9AR3T2\/goldwasser.txt",
            "permalink_public": "https:\/\/slack-files.com\/T9BAB138B-FAN9AR3T2-8817d76a29",
            "edit_link": "https:\/\/ingsw1718.slack.com\/files\/U9N8GRK3J\/FAN9AR3T2\/goldwasser.txt\/edit",
            "preview": "-- In qualità di utente voglio visualizzare la lista dei @mention\r\n- Linux:\r\ndocker run -v \/:\/ns softenginfuniba\/goldwasser --mentions \"ns\/\/path\/to\/file.zip\"\r\ndocker run -v \/:\/ns softenginfuniba\/goldwasser --mentions-channel <channel> \"ns\/\/path\/to\/file.zip\"\r\n\r",
            "preview_highlight": "<div class=\"CodeMirror cm-s-default CodeMirrorServer\" oncopy=\"if(event.clipboardData){event.clipboardData.setData('text\/plain',window.getSelection().toString().replace(\/\\u200b\/g,''));event.preventDefault();event.stopPropagation();}\">\n<div class=\"CodeMirror-code\">\n<div><pre>-- In qualità di utente voglio visualizzare la lista dei @mention<\/pre><\/div>\n<div><pre>- Linux:<\/pre><\/div>\n<div><pre>docker run -v \/:\/ns softenginfuniba\/goldwasser --mentions &quot;ns\/\/path\/to\/file.zip&quot;<\/pre><\/div>\n<div><pre>docker run -v \/:\/ns softenginfuniba\/goldwasser --mentions-channel &lt;channel&gt; &quot;ns\/\/path\/to\/file.zip&quot;<\/pre><\/div>\n<div><pre><\/pre><\/div>\n<div><pre><\/pre><\/div>\n<\/div>\n<\/div>\n",
            "lines": 26,
            "lines_more": 21,
            "preview_is_truncated": true,
            "channels": [],
            "groups": [],
            "ims": [],
            "comments_count": 0
        },
        "user": "U9N8GRK3J",
        "upload": true,
        "display_as_bot": false,
        "username": "s.festa5",
        "bot_id": null,
        "ts": "1526246666.000064"
    },
    {
        "type": "message",
        "subtype": "file_share",
        "text": "<@U9PK3NZ8F> uploaded a file: <https:\/\/ingsw1718.slack.com\/files\/U9PK3NZ8F\/FANSWSQSF\/engelbart.txt|engelbart>",
        "file": {
            "id": "FANSWSQSF",
            "created": 1526246940,
            "timestamp": 1526246940,
            "name": "engelbart.txt",
            "title": "engelbart",
            "mimetype": "text\/plain",
            "filetype": "text",
            "pretty_type": "Plain Text",
            "user": "U9PK3NZ8F",
            "editable": true,
            "size": 1164,
            "mode": "snippet",
            "is_external": false,
            "external_type": "",
            "is_public": true,
            "public_url_shared": false,
            "display_as_bot": false,
            "username": "",
            "url_private": "https:\/\/files.slack.com\/files-pri\/T9BAB138B-FANSWSQSF\/engelbart.txt?t=xoxe-317351037283-365207707586-364511306800-333c6acf63d6b69e07fd249ca7d3d9ee",
            "url_private_download": "https:\/\/files.slack.com\/files-pri\/T9BAB138B-FANSWSQSF\/download\/engelbart.txt?t=xoxe-317351037283-365207707586-364511306800-333c6acf63d6b69e07fd249ca7d3d9ee",
            "permalink": "https:\/\/ingsw1718.slack.com\/files\/U9PK3NZ8F\/FANSWSQSF\/engelbart.txt",
            "permalink_public": "https:\/\/slack-files.com\/T9BAB138B-FANSWSQSF-a23d517485",
            "edit_link": "https:\/\/ingsw1718.slack.com\/files\/U9PK3NZ8F\/FANSWSQSF\/engelbart.txt\/edit",
            "preview": "In qualità di utente voglio visualizzare la lista dei @mention\r\ndocker run -v\/c:\/ns softenginfuniba\/engelbart ns\/path\/to\/file\/fileName.zip \/showAllMentions\r\nIn qualità di utente voglio visualizzare la lista dei @mention in un canale specifico\r\ndocker run -v\/c:\/ns softenginfuniba\/engelbart ns\/path\/to\/file\/fileName.zip \/showMentions *channel*\r\n\r",
            "preview_highlight": "<div class=\"CodeMirror cm-s-default CodeMirrorServer\" oncopy=\"if(event.clipboardData){event.clipboardData.setData('text\/plain',window.getSelection().toString().replace(\/\\u200b\/g,''));event.preventDefault();event.stopPropagation();}\">\n<div class=\"CodeMirror-code\">\n<div><pre>In qualità di utente voglio visualizzare la lista dei @mention<\/pre><\/div>\n<div><pre>docker run -v\/c:\/ns softenginfuniba\/engelbart ns\/path\/to\/file\/fileName.zip \/showAllMentions<\/pre><\/div>\n<div><pre>In qualità di utente voglio visualizzare la lista dei @mention in un canale specifico<\/pre><\/div>\n<div><pre>docker run -v\/c:\/ns softenginfuniba\/engelbart ns\/path\/to\/file\/fileName.zip \/showMentions *channel*<\/pre><\/div>\n<div><pre>&#8203;<\/pre><\/div>\n<\/div>\n<\/div>\n",
            "lines": 14,
            "lines_more": 9,
            "preview_is_truncated": true,
            "channels": [],
            "groups": [],
            "ims": [],
            "comments_count": 0
        },
        "user": "U9PK3NZ8F",
        "upload": true,
        "display_as_bot": false,
        "username": "andrea.de.stradis",
        "bot_id": null,
        "ts": "1526246940.000112"
    },
    {
        "type": "message",
        "subtype": "file_share",
        "text": "<@U9L4K57T6> uploaded a file: <https:\/\/ingsw1718.slack.com\/files\/U9L4K57T6\/FAP4KR57F\/knuth.txt|knuth>",
        "file": {
            "id": "FAP4KR57F",
            "created": 1526248876,
            "timestamp": 1526248876,
            "name": "knuth.txt",
            "title": "knuth",
            "mimetype": "text\/plain",
            "filetype": "text",
            "pretty_type": "Plain Text",
            "user": "U9L4K57T6",
            "editable": true,
            "size": 500,
            "mode": "snippet",
            "is_external": false,
            "external_type": "",
            "is_public": true,
            "public_url_shared": false,
            "display_as_bot": false,
            "username": "",
            "url_private": "https:\/\/files.slack.com\/files-pri\/T9BAB138B-FAP4KR57F\/knuth.txt?t=xoxe-317351037283-365207707586-364511306800-333c6acf63d6b69e07fd249ca7d3d9ee",
            "url_private_download": "https:\/\/files.slack.com\/files-pri\/T9BAB138B-FAP4KR57F\/download\/knuth.txt?t=xoxe-317351037283-365207707586-364511306800-333c6acf63d6b69e07fd249ca7d3d9ee",
            "permalink": "https:\/\/ingsw1718.slack.com\/files\/U9L4K57T6\/FAP4KR57F\/knuth.txt",
            "permalink_public": "https:\/\/slack-files.com\/T9BAB138B-FAP4KR57F-6d88e5e7c2",
            "edit_link": "https:\/\/ingsw1718.slack.com\/files\/U9L4K57T6\/FAP4KR57F\/knuth.txt\/edit",
            "preview": "User story:\r\nin qualità di utente voglio visualizzare la lista dei @mention:\r\ndocker run --rm -i -t softenginfuniba\/knuth menzioni path file .zip\r\n\r\nin qualità di utente voglio visualizzare la lista dei @mention che partono da uno User:\r",
            "preview_highlight": "<div class=\"CodeMirror cm-s-default CodeMirrorServer\" oncopy=\"if(event.clipboardData){event.clipboardData.setData('text\/plain',window.getSelection().toString().replace(\/\\u200b\/g,''));event.preventDefault();event.stopPropagation();}\">\n<div class=\"CodeMirror-code\">\n<div><pre>User story:<\/pre><\/div>\n<div><pre>in qualità di utente voglio visualizzare la lista dei @mention:<\/pre><\/div>\n<div><pre>docker run --rm -i -t softenginfuniba\/knuth menzioni path file .zip<\/pre><\/div>\n<div><pre><\/pre><\/div>\n<div><pre>in qualità di utente voglio visualizzare la lista dei @mention che partono da uno User:<\/pre><\/div>\n<div><pre><\/pre><\/div>\n<\/div>\n<\/div>\n",
            "lines": 9,
            "lines_more": 4,
            "preview_is_truncated": false,
            "channels": [],
            "groups": [],
            "ims": [],
            "comments_count": 0
        },
        "user": "U9L4K57T6",
        "upload": true,
        "display_as_bot": false,
        "username": "a.dagnello4",
        "bot_id": null,
        "ts": "1526248877.000029"
    },
    {
        "type": "message",
        "subtype": "file_share",
        "text": "<@U9MUU9N57> uploaded a file: <https:\/\/ingsw1718.slack.com\/files\/U9MUU9N57\/FAP0NP9GA\/liskov.txt|liskov> and commented: <#C9NK7QADT|liskov>",
        "file": {
            "id": "FAP0NP9GA",
            "created": 1526251209,
            "timestamp": 1526251209,
            "name": "liskov.txt",
            "title": "liskov",
            "mimetype": "text\/plain",
            "filetype": "text",
            "pretty_type": "Plain Text",
            "user": "U9MUU9N57",
            "editable": true,
            "size": 1118,
            "mode": "snippet",
            "is_external": false,
            "external_type": "",
            "is_public": true,
            "public_url_shared": false,
            "display_as_bot": false,
            "username": "",
            "url_private": "https:\/\/files.slack.com\/files-pri\/T9BAB138B-FAP0NP9GA\/liskov.txt?t=xoxe-317351037283-365207707586-364511306800-333c6acf63d6b69e07fd249ca7d3d9ee",
            "url_private_download": "https:\/\/files.slack.com\/files-pri\/T9BAB138B-FAP0NP9GA\/download\/liskov.txt?t=xoxe-317351037283-365207707586-364511306800-333c6acf63d6b69e07fd249ca7d3d9ee",
            "permalink": "https:\/\/ingsw1718.slack.com\/files\/U9MUU9N57\/FAP0NP9GA\/liskov.txt",
            "permalink_public": "https:\/\/slack-files.com\/T9BAB138B-FAP0NP9GA-19fb1e8524",
            "edit_link": "https:\/\/ingsw1718.slack.com\/files\/U9MUU9N57\/FAP0NP9GA\/liskov.txt\/edit",
            "preview": "In qualità di utente voglio visualizzare la lista dei @mention\r\n  docker run -v \/:\/ns softenginfuniba\/liskov \"mentions\" \"ns\/path\/workspace.zip\"\r\n\r\nIn qualità di utente voglio visualizzare la lista dei @mention in un canale specifico\r\n  docker run -v \/:\/ns softenginfuniba\/liskov \"mentions\" \"ns\/path\/workspace.zip\" \"channel\"\r",
            "preview_highlight": "<div class=\"CodeMirror cm-s-default CodeMirrorServer\" oncopy=\"if(event.clipboardData){event.clipboardData.setData('text\/plain',window.getSelection().toString().replace(\/\\u200b\/g,''));event.preventDefault();event.stopPropagation();}\">\n<div class=\"CodeMirror-code\">\n<div><pre>In qualità di utente voglio visualizzare la lista dei @mention<\/pre><\/div>\n<div><pre>  docker run -v \/:\/ns softenginfuniba\/liskov &quot;mentions&quot; &quot;ns\/path\/workspace.zip&quot;<\/pre><\/div>\n<div><pre><\/pre><\/div>\n<div><pre>In qualità di utente voglio visualizzare la lista dei @mention in un canale specifico<\/pre><\/div>\n<div><pre>  docker run -v \/:\/ns softenginfuniba\/liskov &quot;mentions&quot; &quot;ns\/path\/workspace.zip&quot; &quot;channel&quot;<\/pre><\/div>\n<div><pre><\/pre><\/div>\n<\/div>\n<\/div>\n",
            "lines": 18,
            "lines_more": 13,
            "preview_is_truncated": true,
            "channels": [],
            "groups": [],
            "ims": [],
            "comments_count": 1,
            "initial_comment": {
                "id": "FcANPDBVJQ",
                "created": 1526251209,
                "timestamp": 1526251209,
                "user": "U9MUU9N57",
                "is_intro": true,
                "comment": "<#C9NK7QADT|liskov>"
            }
        },
        "user": "U9MUU9N57",
        "upload": true,
        "display_as_bot": false,
        "username": "a.dagnello2",
        "bot_id": null,
        "ts": "1526251210.000017"
    },
    {
        "type": "message",
        "subtype": "file_share",
        "text": "<@U9NTC20N6> uploaded a file: <https:\/\/ingsw1718.slack.com\/files\/U9NTC20N6\/FAP105Y2E\/allen.txt|allen> and commented: <#C9NQ5BM5Z|allen>",
        "file": {
            "id": "FAP105Y2E",
            "created": 1526256080,
            "timestamp": 1526256080,
            "name": "allen.txt",
            "title": "allen",
            "mimetype": "text\/plain",
            "filetype": "text",
            "pretty_type": "Plain Text",
            "user": "U9NTC20N6",
            "editable": true,
            "size": 1107,
            "mode": "snippet",
            "is_external": false,
            "external_type": "",
            "is_public": true,
            "public_url_shared": false,
            "display_as_bot": false,
            "username": "",
            "url_private": "https:\/\/files.slack.com\/files-pri\/T9BAB138B-FAP105Y2E\/allen.txt?t=xoxe-317351037283-365207707586-364511306800-333c6acf63d6b69e07fd249ca7d3d9ee",
            "url_private_download": "https:\/\/files.slack.com\/files-pri\/T9BAB138B-FAP105Y2E\/download\/allen.txt?t=xoxe-317351037283-365207707586-364511306800-333c6acf63d6b69e07fd249ca7d3d9ee",
            "permalink": "https:\/\/ingsw1718.slack.com\/files\/U9NTC20N6\/FAP105Y2E\/allen.txt",
            "permalink_public": "https:\/\/slack-files.com\/T9BAB138B-FAP105Y2E-3bd533ebc1",
            "edit_link": "https:\/\/ingsw1718.slack.com\/files\/U9NTC20N6\/FAP105Y2E\/allen.txt\/edit",
            "preview": "Le sintassi dei comandi sono le seguenti:\r\n-Comando che permette di visualizzare tutte le menzioni fatte dagli utenti in tutti i canali o in uno specifico.\r\ndocker run -v \/c:\/ns softenginfuniba\/allen ns\/path\/to\/file\/nomeFileZip.zip -showallmentions\r\ndocker run -v \/c:\/ns softenginfuniba\/allen ns\/path\/to\/file\/nomeFileZip.zip -showallmentions nomeCanale\r\n-Comando che permette di visualizzare le menzioni fatte da un utente specifico in tutti i canali o in uno specifico.\r",
            "preview_highlight": "<div class=\"CodeMirror cm-s-default CodeMirrorServer\" oncopy=\"if(event.clipboardData){event.clipboardData.setData('text\/plain',window.getSelection().toString().replace(\/\\u200b\/g,''));event.preventDefault();event.stopPropagation();}\">\n<div class=\"CodeMirror-code\">\n<div><pre>Le sintassi dei comandi sono le seguenti:<\/pre><\/div>\n<div><pre>-Comando che permette di visualizzare tutte le menzioni fatte dagli utenti in tutti i canali o in uno specifico.<\/pre><\/div>\n<div><pre>docker run -v \/c:\/ns softenginfuniba\/allen ns\/path\/to\/file\/nomeFileZip.zip -showallmentions<\/pre><\/div>\n<div><pre>docker run -v \/c:\/ns softenginfuniba\/allen ns\/path\/to\/file\/nomeFileZip.zip -showallmentions nomeCanale<\/pre><\/div>\n<div><pre>-Comando che permette di visualizzare le menzioni fatte da un utente specifico in tutti i canali o in uno specifico.<\/pre><\/div>\n<div><pre><\/pre><\/div>\n<\/div>\n<\/div>\n",
            "lines": 12,
            "lines_more": 7,
            "preview_is_truncated": true,
            "channels": [],
            "groups": [],
            "ims": [],
            "comments_count": 1,
            "initial_comment": {
                "id": "FcAP105ZDG",
                "created": 1526256080,
                "timestamp": 1526256080,
                "user": "U9NTC20N6",
                "is_intro": true,
                "comment": "<#C9NQ5BM5Z|allen>"
            }
        },
        "user": "U9NTC20N6",
        "upload": true,
        "display_as_bot": false,
        "username": "d.ancler",
        "bot_id": null,
        "ts": "1526256080.000103"
    },
    {
        "type": "message",
        "subtype": "file_share",
        "text": "<@U9P3A065A> uploaded a file: <https:\/\/ingsw1718.slack.com\/files\/U9P3A065A\/FANEE3Q57\/kay.xml|kay>",
        "file": {
            "id": "FANEE3Q57",
            "created": 1526256087,
            "timestamp": 1526256087,
            "name": "kay.xml",
            "title": "kay",
            "mimetype": "text\/plain",
            "filetype": "xml",
            "pretty_type": "XML",
            "user": "U9P3A065A",
            "editable": true,
            "size": 958,
            "mode": "snippet",
            "is_external": false,
            "external_type": "",
            "is_public": true,
            "public_url_shared": false,
            "display_as_bot": false,
            "username": "",
            "url_private": "https:\/\/files.slack.com\/files-pri\/T9BAB138B-FANEE3Q57\/kay.xml?t=xoxe-317351037283-365207707586-364511306800-333c6acf63d6b69e07fd249ca7d3d9ee",
            "url_private_download": "https:\/\/files.slack.com\/files-pri\/T9BAB138B-FANEE3Q57\/download\/kay.xml?t=xoxe-317351037283-365207707586-364511306800-333c6acf63d6b69e07fd249ca7d3d9ee",
            "permalink": "https:\/\/ingsw1718.slack.com\/files\/U9P3A065A\/FANEE3Q57\/kay.xml",
            "permalink_public": "https:\/\/slack-files.com\/T9BAB138B-FANEE3Q57-0810472c49",
            "edit_link": "https:\/\/ingsw1718.slack.com\/files\/U9P3A065A\/FANEE3Q57\/kay.xml\/edit",
            "preview": "In qualità di utente voglio visualizzare la lista dei @mention:\r\ndocker run -v \/c:\/ns softenginfuniba\/kay ns\/path\/ingsw1718.zip mentions\r\n\tFiltrata per canale:\r\n\tdocker run -v \/c:\/ns softenginfuniba\/kay ns\/path\/ingsw1718.zip mentions general\r\n\r",
            "preview_highlight": "<div class=\"CodeMirror cm-s-default CodeMirrorServer\" oncopy=\"if(event.clipboardData){event.clipboardData.setData('text\/plain',window.getSelection().toString().replace(\/\\u200b\/g,''));event.preventDefault();event.stopPropagation();}\">\n<div class=\"CodeMirror-code\">\n<div><pre>In qualità di utente voglio visualizzare la lista dei @mention:<\/pre><\/div>\n<div><pre>docker run -v \/c:\/ns softenginfuniba\/kay ns\/path\/ingsw1718.zip mentions<\/pre><\/div>\n<div><pre>\tFiltrata per canale:<\/pre><\/div>\n<div><pre>\tdocker run -v \/c:\/ns softenginfuniba\/kay ns\/path\/ingsw1718.zip mentions general<\/pre><\/div>\n<div><pre>&#8203;<\/pre><\/div>\n<\/div>\n<\/div>\n",
            "lines": 17,
            "lines_more": 12,
            "preview_is_truncated": false,
            "channels": [],
            "groups": [],
            "ims": [],
            "comments_count": 0
        },
        "user": "U9P3A065A",
        "upload": true,
        "display_as_bot": false,
        "username": "iannotta.ma",
        "bot_id": null,
        "ts": "1526256088.000109"
    },
    {
        "type": "message",
        "subtype": "file_share",
        "text": "<@U9PQX9LAZ> uploaded a file: <https:\/\/ingsw1718.slack.com\/files\/U9PQX9LAZ\/FAP10LR8S\/feigenbaum.txt|feigenbaum>",
        "file": {
            "id": "FAP10LR8S",
            "created": 1526256232,
            "timestamp": 1526256232,
            "name": "feigenbaum.txt",
            "title": "feigenbaum",
            "mimetype": "text\/plain",
            "filetype": "text",
            "pretty_type": "Plain Text",
            "user": "U9PQX9LAZ",
            "editable": true,
            "size": 1023,
            "mode": "snippet",
            "is_external": false,
            "external_type": "",
            "is_public": true,
            "public_url_shared": false,
            "display_as_bot": false,
            "username": "",
            "url_private": "https:\/\/files.slack.com\/files-pri\/T9BAB138B-FAP10LR8S\/feigenbaum.txt?t=xoxe-317351037283-365207707586-364511306800-333c6acf63d6b69e07fd249ca7d3d9ee",
            "url_private_download": "https:\/\/files.slack.com\/files-pri\/T9BAB138B-FAP10LR8S\/download\/feigenbaum.txt?t=xoxe-317351037283-365207707586-364511306800-333c6acf63d6b69e07fd249ca7d3d9ee",
            "permalink": "https:\/\/ingsw1718.slack.com\/files\/U9PQX9LAZ\/FAP10LR8S\/feigenbaum.txt",
            "permalink_public": "https:\/\/slack-files.com\/T9BAB138B-FAP10LR8S-67becf6dc4",
            "edit_link": "https:\/\/ingsw1718.slack.com\/files\/U9PQX9LAZ\/FAP10LR8S\/feigenbaum.txt\/edit",
            "preview": "Inserire il nome dell'user tra virgolette.\r\n\r\nIn qualità di utente voglio visualizzare la lista dei @mention:\r\nIn tutti i canali:\r\ndocker run -v \/:\/ns softenginfuniba\/feigenbaum  ns\/(path per il file)\/filezip.zip allmentions all\r",
            "preview_highlight": "<div class=\"CodeMirror cm-s-default CodeMirrorServer\" oncopy=\"if(event.clipboardData){event.clipboardData.setData('text\/plain',window.getSelection().toString().replace(\/\\u200b\/g,''));event.preventDefault();event.stopPropagation();}\">\n<div class=\"CodeMirror-code\">\n<div><pre><span class=\"cm-variable\">Inserire<\/span> <span class=\"cm-variable\">il<\/span> <span class=\"cm-variable\">nome<\/span> <span class=\"cm-variable\">dell<\/span><span class=\"cm-operator\">'<\/span><span class=\"cm-variable\">user<\/span> <span class=\"cm-variable\">tra<\/span> <span class=\"cm-variable\">virgolette<\/span><span class=\"cm-error\">.<\/span><\/pre><\/div>\n<div><pre>&#8203;<\/pre><\/div>\n<div><pre><span class=\"cm-variable\">In<\/span> <span class=\"cm-variable\">qualità<\/span> <span class=\"cm-variable\">di<\/span> <span class=\"cm-variable\">utente<\/span> <span class=\"cm-variable\">voglio<\/span> <span class=\"cm-variable\">visualizzare<\/span> <span class=\"cm-variable\">la<\/span> <span class=\"cm-variable\">lista<\/span> <span class=\"cm-variable\">dei<\/span> <span class=\"cm-operator\">@<\/span><span class=\"cm-variable\">mention<\/span>:<\/pre><\/div>\n<div><pre><span class=\"cm-variable\">In<\/span> <span class=\"cm-variable\">tutti<\/span> <span class=\"cm-variable\">i<\/span> <span class=\"cm-variable\">canali<\/span>:<\/pre><\/div>\n<div><pre><span class=\"cm-variable\">docker<\/span> <span class=\"cm-variable\">run<\/span> <span class=\"cm-operator\">-<\/span><span class=\"cm-variable\">v<\/span> <span class=\"cm-operator\">\/<\/span>:<span class=\"cm-operator\">\/<\/span><span class=\"cm-variable\">ns<\/span> <span class=\"cm-variable\">softenginfuniba<\/span><span class=\"cm-operator\">\/<\/span><span class=\"cm-variable\">feigenbaum<\/span>  <span class=\"cm-variable\">ns<\/span><span class=\"cm-operator\">\/<\/span>(<span class=\"cm-variable\">path<\/span> <span class=\"cm-variable\">per<\/span> <span class=\"cm-variable\">il<\/span> <span class=\"cm-variable\">file<\/span>)<span class=\"cm-operator\">\/<\/span><span class=\"cm-variable\">filezip<\/span><span class=\"cm-error\">.<\/span><span class=\"cm-variable\">zip<\/span> <span class=\"cm-variable\">allmentions<\/span> <span class=\"cm-variable\">all<\/span><\/pre><\/div>\n<\/div>\n<\/div>\n",
            "lines": 21,
            "lines_more": 16,
            "preview_is_truncated": true,
            "channels": [],
            "groups": [],
            "ims": [],
            "comments_count": 0
        },
        "user": "U9PQX9LAZ",
        "upload": true,
        "display_as_bot": false,
        "username": "francesco.ianuzziello",
        "bot_id": null,
        "ts": "1526256232.000159"
    },
    {
        "type": "message",
        "subtype": "file_share",
        "text": "<@UA2P4MQ23> uploaded a file: <https:\/\/ingsw1718.slack.com\/files\/UA2P4MQ23\/FAP05SGMR\/thacker.txt|thacker>",
        "file": {
            "id": "FAP05SGMR",
            "created": 1526276137,
            "timestamp": 1526276137,
            "name": "thacker.txt",
            "title": "thacker",
            "mimetype": "text\/plain",
            "filetype": "text",
            "pretty_type": "Plain Text",
            "user": "UA2P4MQ23",
            "editable": true,
            "size": 821,
            "mode": "snippet",
            "is_external": false,
            "external_type": "",
            "is_public": true,
            "public_url_shared": false,
            "display_as_bot": false,
            "username": "",
            "url_private": "https:\/\/files.slack.com\/files-pri\/T9BAB138B-FAP05SGMR\/thacker.txt?t=xoxe-317351037283-365207707586-364511306800-333c6acf63d6b69e07fd249ca7d3d9ee",
            "url_private_download": "https:\/\/files.slack.com\/files-pri\/T9BAB138B-FAP05SGMR\/download\/thacker.txt?t=xoxe-317351037283-365207707586-364511306800-333c6acf63d6b69e07fd249ca7d3d9ee",
            "permalink": "https:\/\/ingsw1718.slack.com\/files\/UA2P4MQ23\/FAP05SGMR\/thacker.txt",
            "permalink_public": "https:\/\/slack-files.com\/T9BAB138B-FAP05SGMR-d24be2ac25",
            "edit_link": "https:\/\/ingsw1718.slack.com\/files\/UA2P4MQ23\/FAP05SGMR\/thacker.txt\/edit",
            "preview": "1.In qualità di utente voglio visualizzare la lista dei @mention\r\ndocker run -v \/:\/ns softenginfuniba\/thacker -getMent 'ns\/ PATH \/ingsw1718May3.zip'\r\ndocker run -v \/:\/ns softenginfuniba\/thacker -getMC 'ns\/ PATH \/ingsw1718May3.zip' CHANNELNAME\r\n\r\n2.In qualità di utente voglio visualizzare la lista dei @mention che partono da uno User\r",
            "preview_highlight": "<div class=\"CodeMirror cm-s-default CodeMirrorServer\" oncopy=\"if(event.clipboardData){event.clipboardData.setData('text\/plain',window.getSelection().toString().replace(\/\\u200b\/g,''));event.preventDefault();event.stopPropagation();}\">\n<div class=\"CodeMirror-code\">\n<div><pre>1.In qualità di utente voglio visualizzare la lista dei @mention<\/pre><\/div>\n<div><pre>docker run -v \/:\/ns softenginfuniba\/thacker -getMent 'ns\/ PATH \/ingsw1718May3.zip'<\/pre><\/div>\n<div><pre>docker run -v \/:\/ns softenginfuniba\/thacker -getMC 'ns\/ PATH \/ingsw1718May3.zip' CHANNELNAME<\/pre><\/div>\n<div><pre><\/pre><\/div>\n<div><pre>2.In qualità di utente voglio visualizzare la lista dei @mention che partono da uno User<\/pre><\/div>\n<div><pre><\/pre><\/div>\n<\/div>\n<\/div>\n",
            "lines": 11,
            "lines_more": 6,
            "preview_is_truncated": false,
            "channels": [],
            "groups": [],
            "ims": [],
            "comments_count": 0
        },
        "user": "UA2P4MQ23",
        "upload": true,
        "display_as_bot": false,
        "username": "g.caka",
        "bot_id": null,
        "ts": "1526276138.000107"
    }
]