[
    {
        "type": "message",
        "subtype": "file_share",
        "text": "<@U9N82V6JC> uploaded a file: <https:\/\/ingsw1718.slack.com\/files\/U9N82V6JC\/FAGS2CQ00\/_micali.txt|#micali>",
        "file": {
            "id": "FAGS2CQ00",
            "created": 1525332454,
            "timestamp": 1525332454,
            "name": "_micali.txt",
            "title": "#micali",
            "mimetype": "text\/plain",
            "filetype": "text",
            "pretty_type": "Plain Text",
            "user": "U9N82V6JC",
            "editable": true,
            "size": 912,
            "mode": "snippet",
            "is_external": false,
            "external_type": "",
            "is_public": true,
            "public_url_shared": false,
            "display_as_bot": false,
            "username": "",
            "url_private": "https:\/\/files.slack.com\/files-pri\/T9BAB138B-FAGS2CQ00\/_micali.txt?t=xoxe-317351037283-365207707586-364511306800-333c6acf63d6b69e07fd249ca7d3d9ee",
            "url_private_download": "https:\/\/files.slack.com\/files-pri\/T9BAB138B-FAGS2CQ00\/download\/_micali.txt?t=xoxe-317351037283-365207707586-364511306800-333c6acf63d6b69e07fd249ca7d3d9ee",
            "permalink": "https:\/\/ingsw1718.slack.com\/files\/U9N82V6JC\/FAGS2CQ00\/_micali.txt",
            "permalink_public": "https:\/\/slack-files.com\/T9BAB138B-FAGS2CQ00-95d9323414",
            "edit_link": "https:\/\/ingsw1718.slack.com\/files\/U9N82V6JC\/FAGS2CQ00\/_micali.txt\/edit",
            "preview": "In qualità di utente voglio visualizzare la lista dei Member\r\ndocker run --rm -v \/c:\/ns -it softenginfuniba\/micali -w ns\/(path)\/(file).zip -m\r\n\r\nIn qualità di utente voglio visualizzare la lista dei Channel\r\ndocker run --rm -v\/c:\/ns -it softenginfuniba\/micali -w ns\/(path)\/(file).zip -c\r",
            "preview_highlight": "<div class=\"CodeMirror cm-s-default CodeMirrorServer\" oncopy=\"if(event.clipboardData){event.clipboardData.setData('text\/plain',window.getSelection().toString().replace(\/\\u200b\/g,''));event.preventDefault();event.stopPropagation();}\">\n<div class=\"CodeMirror-code\">\n<div><pre>In qualità di utente voglio visualizzare la lista dei Member<\/pre><\/div>\n<div><pre>docker run --rm -v \/c:\/ns -it softenginfuniba\/micali -w ns\/(path)\/(file).zip -m<\/pre><\/div>\n<div><pre><\/pre><\/div>\n<div><pre>In qualità di utente voglio visualizzare la lista dei Channel<\/pre><\/div>\n<div><pre>docker run --rm -v\/c:\/ns -it softenginfuniba\/micali -w ns\/(path)\/(file).zip -c<\/pre><\/div>\n<div><pre><\/pre><\/div>\n<\/div>\n<\/div>\n",
            "lines": 18,
            "lines_more": 13,
            "preview_is_truncated": false,
            "channels": [],
            "groups": [],
            "ims": [],
            "comments_count": 0
        },
        "user": "U9N82V6JC",
        "upload": true,
        "display_as_bot": false,
        "username": "a.leo19",
        "bot_id": null,
        "ts": "1525332454.000258"
    },
    {
        "type": "message",
        "user": "U9N82V6JC",
        "text": "<#C9NEL4BRA|micali>",
        "ts": "1525332464.000157"
    },
    {
        "type": "message",
        "subtype": "file_share",
        "text": "<@U9NSNMBMG> uploaded a file: <https:\/\/ingsw1718.slack.com\/files\/U9NSNMBMG\/FAHE849L3\/text_snippet.txt|Shamir>",
        "file": {
            "id": "FAHE849L3",
            "created": 1525332555,
            "timestamp": 1525332555,
            "name": "Text Snippet.txt",
            "title": "Shamir",
            "mimetype": "text\/plain",
            "filetype": "text",
            "pretty_type": "Plain Text",
            "user": "U9NSNMBMG",
            "editable": true,
            "size": 2130,
            "mode": "snippet",
            "is_external": false,
            "external_type": "",
            "is_public": true,
            "public_url_shared": false,
            "display_as_bot": false,
            "username": "",
            "url_private": "https:\/\/files.slack.com\/files-pri\/T9BAB138B-FAHE849L3\/text_snippet.txt?t=xoxe-317351037283-365207707586-364511306800-333c6acf63d6b69e07fd249ca7d3d9ee",
            "url_private_download": "https:\/\/files.slack.com\/files-pri\/T9BAB138B-FAHE849L3\/download\/text_snippet.txt?t=xoxe-317351037283-365207707586-364511306800-333c6acf63d6b69e07fd249ca7d3d9ee",
            "permalink": "https:\/\/ingsw1718.slack.com\/files\/U9NSNMBMG\/FAHE849L3\/text_snippet.txt",
            "permalink_public": "https:\/\/slack-files.com\/T9BAB138B-FAHE849L3-1125bb62c7",
            "edit_link": "https:\/\/ingsw1718.slack.com\/files\/U9NSNMBMG\/FAHE849L3\/text_snippet.txt\/edit",
            "preview": "User story: In qualità di utente voglio ricevere informazioni di help:\r\nWINDOWS\/LINUX:\r\ndocker run softenginfuniba\/shamir\r\ndocker run softenginfuniba\/shamir help\r\ndocker run softenginfuniba\/shamir help members\r",
            "preview_highlight": "<div class=\"CodeMirror cm-s-default CodeMirrorServer\" oncopy=\"if(event.clipboardData){event.clipboardData.setData('text\/plain',window.getSelection().toString().replace(\/\\u200b\/g,''));event.preventDefault();event.stopPropagation();}\">\n<div class=\"CodeMirror-code\">\n<div><pre>User story: In qualità di utente voglio ricevere informazioni di help:<\/pre><\/div>\n<div><pre>WINDOWS\/LINUX:<\/pre><\/div>\n<div><pre>docker run softenginfuniba\/shamir<\/pre><\/div>\n<div><pre>docker run softenginfuniba\/shamir help<\/pre><\/div>\n<div><pre>docker run softenginfuniba\/shamir help members<\/pre><\/div>\n<div><pre><\/pre><\/div>\n<\/div>\n<\/div>\n",
            "lines": 32,
            "lines_more": 27,
            "preview_is_truncated": true,
            "channels": [],
            "groups": [],
            "ims": [],
            "comments_count": 0
        },
        "user": "U9NSNMBMG",
        "upload": true,
        "display_as_bot": false,
        "username": "simone.cicerello",
        "bot_id": null,
        "ts": "1525332555.000263"
    },
    {
        "type": "message",
        "user": "U9NSNMBMG",
        "text": "<#C9PCTK26A|shamir>",
        "ts": "1525332567.000251"
    },
    {
        "type": "message",
        "subtype": "file_share",
        "text": "<@U9L4K57T6> uploaded a file: <https:\/\/ingsw1718.slack.com\/files\/U9L4K57T6\/FAH1ARY3B\/knuth.txt|knuth>",
        "file": {
            "id": "FAH1ARY3B",
            "created": 1525333452,
            "timestamp": 1525333452,
            "name": "knuth.txt",
            "title": "knuth",
            "mimetype": "text\/plain",
            "filetype": "text",
            "pretty_type": "Plain Text",
            "user": "U9L4K57T6",
            "editable": true,
            "size": 705,
            "mode": "snippet",
            "is_external": false,
            "external_type": "",
            "is_public": true,
            "public_url_shared": false,
            "display_as_bot": false,
            "username": "",
            "url_private": "https:\/\/files.slack.com\/files-pri\/T9BAB138B-FAH1ARY3B\/knuth.txt?t=xoxe-317351037283-365207707586-364511306800-333c6acf63d6b69e07fd249ca7d3d9ee",
            "url_private_download": "https:\/\/files.slack.com\/files-pri\/T9BAB138B-FAH1ARY3B\/download\/knuth.txt?t=xoxe-317351037283-365207707586-364511306800-333c6acf63d6b69e07fd249ca7d3d9ee",
            "permalink": "https:\/\/ingsw1718.slack.com\/files\/U9L4K57T6\/FAH1ARY3B\/knuth.txt",
            "permalink_public": "https:\/\/slack-files.com\/T9BAB138B-FAH1ARY3B-67af376094",
            "edit_link": "https:\/\/ingsw1718.slack.com\/files\/U9L4K57T6\/FAH1ARY3B\/knuth.txt\/edit",
            "preview": "in qualità di utente voglio visualizzare la lista dei Member\r\ndocker run --rm -i -t softenginfuniba\/knuth\r\n\r\nin qualità di utente voglio visualizzare la lista dei Channel\r\ndocker run --rm -i -t softenginfuniba\/knuth\r",
            "preview_highlight": "<div class=\"CodeMirror cm-s-default CodeMirrorServer\" oncopy=\"if(event.clipboardData){event.clipboardData.setData('text\/plain',window.getSelection().toString().replace(\/\\u200b\/g,''));event.preventDefault();event.stopPropagation();}\">\n<div class=\"CodeMirror-code\">\n<div><pre>in qualità di utente voglio visualizzare la lista dei Member<\/pre><\/div>\n<div><pre>docker run --rm -i -t softenginfuniba\/knuth<\/pre><\/div>\n<div><pre><\/pre><\/div>\n<div><pre>in qualità di utente voglio visualizzare la lista dei Channel<\/pre><\/div>\n<div><pre>docker run --rm -i -t softenginfuniba\/knuth<\/pre><\/div>\n<div><pre><\/pre><\/div>\n<\/div>\n<\/div>\n",
            "lines": 18,
            "lines_more": 13,
            "preview_is_truncated": false,
            "channels": [],
            "groups": [],
            "ims": [],
            "comments_count": 0
        },
        "user": "U9L4K57T6",
        "upload": true,
        "display_as_bot": false,
        "username": "a.dagnello4",
        "bot_id": null,
        "ts": "1525333453.000182"
    },
    {
        "type": "message",
        "user": "U9L4K57T6",
        "text": "<#C9NQWH24T|knuth>",
        "ts": "1525333473.000213"
    },
    {
        "type": "message",
        "user": "U9NS5BECU",
        "text": "<#CA47B3L9K|hopcroft> \nNon alleghiamo un text snippet in quanto il nostro applicativo non funziona da linea di comando, ma tramite interfaccia con l’utente da tastiera. Avevamo pensato di avviare una shell in background da Docker, ma ci siamo resi conto che sarebbe stato un aggirare il problema senza veramente risolverlo. Ci scusiamo per la mancanza.",
        "client_msg_id": "8D6C6551-77BA-47AA-9431-8431D867B5E2",
        "ts": "1525336054.000061"
    },
    {
        "type": "message",
        "subtype": "file_share",
        "text": "<@U9N8GRK3J> uploaded a file: <https:\/\/ingsw1718.slack.com\/files\/U9N8GRK3J\/FAHFCV9PV\/goldwasser.txt|goldwasser>",
        "file": {
            "id": "FAHFCV9PV",
            "created": 1525337602,
            "timestamp": 1525337602,
            "name": "goldwasser.txt",
            "title": "goldwasser",
            "mimetype": "text\/plain",
            "filetype": "text",
            "pretty_type": "Plain Text",
            "user": "U9N8GRK3J",
            "editable": true,
            "size": 1395,
            "mode": "snippet",
            "is_external": false,
            "external_type": "",
            "is_public": true,
            "public_url_shared": false,
            "display_as_bot": false,
            "username": "",
            "url_private": "https:\/\/files.slack.com\/files-pri\/T9BAB138B-FAHFCV9PV\/goldwasser.txt?t=xoxe-317351037283-365207707586-364511306800-333c6acf63d6b69e07fd249ca7d3d9ee",
            "url_private_download": "https:\/\/files.slack.com\/files-pri\/T9BAB138B-FAHFCV9PV\/download\/goldwasser.txt?t=xoxe-317351037283-365207707586-364511306800-333c6acf63d6b69e07fd249ca7d3d9ee",
            "permalink": "https:\/\/ingsw1718.slack.com\/files\/U9N8GRK3J\/FAHFCV9PV\/goldwasser.txt",
            "permalink_public": "https:\/\/slack-files.com\/T9BAB138B-FAHFCV9PV-409d8ba29a",
            "edit_link": "https:\/\/ingsw1718.slack.com\/files\/U9N8GRK3J\/FAHFCV9PV\/goldwasser.txt\/edit",
            "preview": "Goldwasser [user story]:\r\n\r\n-- In qualità di utente voglio visualizzare la lista dei Member\r\n- Windows: docker run -v \/c:\/ns softenginfuniba\/goldwasser \"ns\/path\/to\/file.zip\" --list members -all\r\n- Linux: docker run -v \/:\/ns softenginfuniba\/goldwasser \"ns\/\/path\/to\/file.zip\" --list members -all\r",
            "preview_highlight": "<div class=\"CodeMirror cm-s-default CodeMirrorServer\" oncopy=\"if(event.clipboardData){event.clipboardData.setData('text\/plain',window.getSelection().toString().replace(\/\\u200b\/g,''));event.preventDefault();event.stopPropagation();}\">\n<div class=\"CodeMirror-code\">\n<div><pre>Goldwasser [user story]:<\/pre><\/div>\n<div><pre><\/pre><\/div>\n<div><pre>-- In qualità di utente voglio visualizzare la lista dei Member<\/pre><\/div>\n<div><pre>- Windows: docker run -v \/c:\/ns softenginfuniba\/goldwasser &quot;ns\/path\/to\/file.zip&quot; --list members -all<\/pre><\/div>\n<div><pre>- Linux: docker run -v \/:\/ns softenginfuniba\/goldwasser &quot;ns\/\/path\/to\/file.zip&quot; --list members -all<\/pre><\/div>\n<div><pre><\/pre><\/div>\n<\/div>\n<\/div>\n",
            "lines": 21,
            "lines_more": 16,
            "preview_is_truncated": true,
            "channels": [],
            "groups": [],
            "ims": [],
            "comments_count": 0
        },
        "user": "U9N8GRK3J",
        "upload": true,
        "display_as_bot": false,
        "username": "s.festa5",
        "bot_id": null,
        "ts": "1525337603.000097"
    },
    {
        "type": "message",
        "user": "U9N8GRK3J",
        "text": "goldwasser",
        "ts": "1525338234.000133"
    },
    {
        "type": "message",
        "user": "U9NBUHYJF",
        "text": "<#C9NF85V1Q|stonebraker>",
        "ts": "1525338861.000332"
    },
    {
        "type": "message",
        "user": "U9PUTB10X",
        "text": "<#C9VV4Q74J|kahn>",
        "ts": "1525339511.000044"
    },
    {
        "type": "message",
        "subtype": "file_share",
        "text": "<@U9N7WANGG> uploaded a file: <https:\/\/ingsw1718.slack.com\/files\/U9N7WANGG\/FAHJUBFRQ\/-.txt|Untitled> and commented: <#C9PUZRZCP|hoare>",
        "file": {
            "id": "FAHJUBFRQ",
            "created": 1525339735,
            "timestamp": 1525339735,
            "name": "-.txt",
            "title": "Untitled",
            "mimetype": "text\/plain",
            "filetype": "text",
            "pretty_type": "Plain Text",
            "user": "U9N7WANGG",
            "editable": true,
            "size": 811,
            "mode": "snippet",
            "is_external": false,
            "external_type": "",
            "is_public": true,
            "public_url_shared": false,
            "display_as_bot": false,
            "username": "",
            "url_private": "https:\/\/files.slack.com\/files-pri\/T9BAB138B-FAHJUBFRQ\/-.txt?t=xoxe-317351037283-365207707586-364511306800-333c6acf63d6b69e07fd249ca7d3d9ee",
            "url_private_download": "https:\/\/files.slack.com\/files-pri\/T9BAB138B-FAHJUBFRQ\/download\/-.txt?t=xoxe-317351037283-365207707586-364511306800-333c6acf63d6b69e07fd249ca7d3d9ee",
            "permalink": "https:\/\/ingsw1718.slack.com\/files\/U9N7WANGG\/FAHJUBFRQ\/-.txt",
            "permalink_public": "https:\/\/slack-files.com\/T9BAB138B-FAHJUBFRQ-318fab29a0",
            "edit_link": "https:\/\/ingsw1718.slack.com\/files\/U9N7WANGG\/FAHJUBFRQ\/-.txt\/edit",
            "preview": "In qualità di utente voglio poter avere informazioni di help:\r\ndocker run -v \/c:\/ns softenginfuniba\/hoare  ns\/(path to file)\/ingsw1718.zip help\r\n\r\nIn qualità di utente voglio visualizzare la lista dei Member di un Channel:\r\ndocker run -v \/c:\/ns softenginfuniba\/hoare  ns\/(path to file)\/ingsw1718.zip members (nome canale)\r",
            "preview_highlight": "<div class=\"CodeMirror cm-s-default CodeMirrorServer\" oncopy=\"if(event.clipboardData){event.clipboardData.setData('text\/plain',window.getSelection().toString().replace(\/\\u200b\/g,''));event.preventDefault();event.stopPropagation();}\">\n<div class=\"CodeMirror-code\">\n<div><pre>In qualità di utente voglio poter avere informazioni di help:<\/pre><\/div>\n<div><pre>docker run -v \/c:\/ns softenginfuniba\/hoare  ns\/(path to file)\/ingsw1718.zip help<\/pre><\/div>\n<div><pre><\/pre><\/div>\n<div><pre>In qualità di utente voglio visualizzare la lista dei Member di un Channel:<\/pre><\/div>\n<div><pre>docker run -v \/c:\/ns softenginfuniba\/hoare  ns\/(path to file)\/ingsw1718.zip members (nome canale)<\/pre><\/div>\n<div><pre><\/pre><\/div>\n<\/div>\n<\/div>\n",
            "lines": 14,
            "lines_more": 9,
            "preview_is_truncated": false,
            "channels": [],
            "groups": [],
            "ims": [],
            "comments_count": 1,
            "initial_comment": {
                "id": "FcAGTR84UQ",
                "created": 1525339735,
                "timestamp": 1525339735,
                "user": "U9N7WANGG",
                "is_intro": true,
                "comment": "<#C9PUZRZCP|hoare>"
            }
        },
        "user": "U9N7WANGG",
        "upload": true,
        "display_as_bot": false,
        "username": "g.cristea",
        "bot_id": null,
        "ts": "1525339736.000166"
    },
    {
        "type": "message",
        "subtype": "file_share",
        "text": "<@U9PUTB10X> uploaded a file: <https:\/\/ingsw1718.slack.com\/files\/U9PUTB10X\/FAHNWNFQD\/-.txt|Untitled>",
        "file": {
            "id": "FAHNWNFQD",
            "created": 1525339956,
            "timestamp": 1525339956,
            "name": "-.txt",
            "title": "Untitled",
            "mimetype": "text\/plain",
            "filetype": "text",
            "pretty_type": "Plain Text",
            "user": "U9PUTB10X",
            "editable": true,
            "size": 568,
            "mode": "snippet",
            "is_external": false,
            "external_type": "",
            "is_public": true,
            "public_url_shared": false,
            "display_as_bot": false,
            "username": "",
            "url_private": "https:\/\/files.slack.com\/files-pri\/T9BAB138B-FAHNWNFQD\/-.txt?t=xoxe-317351037283-365207707586-364511306800-333c6acf63d6b69e07fd249ca7d3d9ee",
            "url_private_download": "https:\/\/files.slack.com\/files-pri\/T9BAB138B-FAHNWNFQD\/download\/-.txt?t=xoxe-317351037283-365207707586-364511306800-333c6acf63d6b69e07fd249ca7d3d9ee",
            "permalink": "https:\/\/ingsw1718.slack.com\/files\/U9PUTB10X\/FAHNWNFQD\/-.txt",
            "permalink_public": "https:\/\/slack-files.com\/T9BAB138B-FAHNWNFQD-99ed45498b",
            "edit_link": "https:\/\/ingsw1718.slack.com\/files\/U9PUTB10X\/FAHNWNFQD\/-.txt\/edit",
            "preview": "issue#1:\r\ndocker run -v \/c:\/ns softenginfuniba\/kahn ns\/path\/to\/file\/nomeFile.zip all_members\r\nissue #2:\r\ndocker run -v \/c:\/ns softenginfuniba\/kahn ns\/path\/to\/file\/nomeFile.zip all_channels\r\nissue #3:\r",
            "preview_highlight": "<div class=\"CodeMirror cm-s-default CodeMirrorServer\" oncopy=\"if(event.clipboardData){event.clipboardData.setData('text\/plain',window.getSelection().toString().replace(\/\\u200b\/g,''));event.preventDefault();event.stopPropagation();}\">\n<div class=\"CodeMirror-code\">\n<div><pre>issue#1:<\/pre><\/div>\n<div><pre>docker run -v \/c:\/ns softenginfuniba\/kahn ns\/path\/to\/file\/nomeFile.zip all_members<\/pre><\/div>\n<div><pre>issue #2:<\/pre><\/div>\n<div><pre>docker run -v \/c:\/ns softenginfuniba\/kahn ns\/path\/to\/file\/nomeFile.zip all_channels<\/pre><\/div>\n<div><pre>issue #3:<\/pre><\/div>\n<div><pre><\/pre><\/div>\n<\/div>\n<\/div>\n",
            "lines": 11,
            "lines_more": 6,
            "preview_is_truncated": false,
            "channels": [],
            "groups": [],
            "ims": [],
            "comments_count": 1
        },
        "user": "U9PUTB10X",
        "upload": true,
        "display_as_bot": false,
        "username": "andrisanigi",
        "bot_id": null,
        "ts": "1525339956.000488"
    },
    {
        "type": "message",
        "subtype": "file_comment",
        "text": "<@U9PUTB10X> commented on <@U9PUTB10X>’s file <https:\/\/ingsw1718.slack.com\/files\/U9PUTB10X\/FAHNWNFQD\/-.txt|Untitled>: <#C9VV4Q74J|kahn>",
        "file": {
            "id": "FAHNWNFQD",
            "created": 1525339956,
            "timestamp": 1525339956,
            "name": "-.txt",
            "title": "Untitled",
            "mimetype": "text\/plain",
            "filetype": "text",
            "pretty_type": "Plain Text",
            "user": "U9PUTB10X",
            "editable": true,
            "size": 568,
            "mode": "snippet",
            "is_external": false,
            "external_type": "",
            "is_public": true,
            "public_url_shared": false,
            "display_as_bot": false,
            "username": "",
            "url_private": "https:\/\/files.slack.com\/files-pri\/T9BAB138B-FAHNWNFQD\/-.txt?t=xoxe-317351037283-365207707586-364511306800-333c6acf63d6b69e07fd249ca7d3d9ee",
            "url_private_download": "https:\/\/files.slack.com\/files-pri\/T9BAB138B-FAHNWNFQD\/download\/-.txt?t=xoxe-317351037283-365207707586-364511306800-333c6acf63d6b69e07fd249ca7d3d9ee",
            "permalink": "https:\/\/ingsw1718.slack.com\/files\/U9PUTB10X\/FAHNWNFQD\/-.txt",
            "permalink_public": "https:\/\/slack-files.com\/T9BAB138B-FAHNWNFQD-99ed45498b",
            "edit_link": "https:\/\/ingsw1718.slack.com\/files\/U9PUTB10X\/FAHNWNFQD\/-.txt\/edit",
            "preview": "issue#1:\r\ndocker run -v \/c:\/ns softenginfuniba\/kahn ns\/path\/to\/file\/nomeFile.zip all_members\r\nissue #2:\r\ndocker run -v \/c:\/ns softenginfuniba\/kahn ns\/path\/to\/file\/nomeFile.zip all_channels\r\nissue #3:\r",
            "preview_highlight": "<div class=\"CodeMirror cm-s-default CodeMirrorServer\" oncopy=\"if(event.clipboardData){event.clipboardData.setData('text\/plain',window.getSelection().toString().replace(\/\\u200b\/g,''));event.preventDefault();event.stopPropagation();}\">\n<div class=\"CodeMirror-code\">\n<div><pre>issue#1:<\/pre><\/div>\n<div><pre>docker run -v \/c:\/ns softenginfuniba\/kahn ns\/path\/to\/file\/nomeFile.zip all_members<\/pre><\/div>\n<div><pre>issue #2:<\/pre><\/div>\n<div><pre>docker run -v \/c:\/ns softenginfuniba\/kahn ns\/path\/to\/file\/nomeFile.zip all_channels<\/pre><\/div>\n<div><pre>issue #3:<\/pre><\/div>\n<div><pre><\/pre><\/div>\n<\/div>\n<\/div>\n",
            "lines": 11,
            "lines_more": 6,
            "preview_is_truncated": false,
            "channels": [],
            "groups": [],
            "ims": [],
            "comments_count": 1
        },
        "comment": {
            "id": "FcAJFQNN22",
            "created": 1525339981,
            "timestamp": 1525339981,
            "user": "U9PUTB10X",
            "is_intro": false,
            "comment": "<#C9VV4Q74J|kahn>"
        },
        "is_intro": false,
        "ts": "1525339981.000227"
    },
    {
        "type": "message",
        "user": "U9N8CNHK2",
        "text": "<@U9NAWRB2Q> gruppo codd convocato alle 13.30",
        "ts": "1525340238.000133",
        "reactions": [
            {
                "name": "+1::skin-tone-2",
                "users": [
                    "U9NCNLL83",
                    "U9MR5LH25",
                    "U9NAWRB2Q",
                    "U9MNETCD6"
                ],
                "count": 4
            }
        ]
    },
    {
        "type": "message",
        "user": "U9N8CNHK2",
        "text": "<@U9NQ8RQ67> gruppo reddy convocato alle 13.40",
        "ts": "1525340938.000081",
        "reactions": [
            {
                "name": "+1",
                "users": [
                    "U9PNL8V9U",
                    "U9NQ8RQ67"
                ],
                "count": 2
            }
        ]
    },
    {
        "type": "message",
        "user": "U9N8CNHK2",
        "text": "<@U9NQ8RQ67> come non detto, ho risolto",
        "attachments": [
            {
                "fallback": "[May 3rd, 2018 11:48 AM] nicole.novielli: <@U9NQ8RQ67> gruppo reddy convocato alle 13.40",
                "ts": "1525340938.000081",
                "author_id": "U9N8CNHK2",
                "author_subname": "Nicole Novielli",
                "channel_id": "C9BD9G3AN",
                "channel_name": "consegne",
                "is_msg_unfurl": true,
                "text": "<@U9NQ8RQ67> gruppo reddy convocato alle 13.40",
                "author_name": "Nicole Novielli",
                "author_link": "https:\/\/ingsw1718.slack.com\/team\/U9N8CNHK2",
                "author_icon": "https:\/\/avatars.slack-edge.com\/2018-04-30\/355042120929_6276480a45f6e9eead3e_48.png",
                "mrkdwn_in": [
                    "text"
                ],
                "color": "D0D0D0",
                "from_url": "https:\/\/ingsw1718.slack.com\/archives\/C9BD9G3AN\/p1525340938000081",
                "is_share": true,
                "footer": "Posted in #consegne"
            }
        ],
        "ts": "1525341168.000079",
        "reactions": [
            {
                "name": "+1",
                "users": [
                    "U9PNL8V9U",
                    "U9NQ8RQ67"
                ],
                "count": 2
            }
        ]
    },
    {
        "type": "message",
        "user": "U9B126ZME",
        "text": "<@U9P18U17X> gruppo scott convocato alle 13:40",
        "ts": "1525341300.000176",
        "reactions": [
            {
                "name": "+1",
                "users": [
                    "U9P18U17X",
                    "U9NJ4EYM7",
                    "U9NBNJFB3"
                ],
                "count": 3
            }
        ]
    },
    {
        "type": "message",
        "user": "U9B126ZME",
        "text": "<@U9P33EZ5F> gruppo tarjan convocato alle 13:50",
        "ts": "1525342013.000485"
    },
    {
        "type": "message",
        "user": "U9B126ZME",
        "text": "<@U9NM7AYPN> gruppo wilkinson convocato alle 14:00",
        "ts": "1525343018.000426"
    },
    {
        "type": "message",
        "subtype": "file_comment",
        "text": "<@U9PNDSW4R> commented on <@U9PNDSW4R>’s file <https:\/\/ingsw1718.slack.com\/files\/U9PNDSW4R\/FAH058V33\/lampson.txt|lampson>: <#C9SLGMULF|lampson>",
        "file": {
            "id": "FAH058V33",
            "created": 1525325913,
            "timestamp": 1525325913,
            "name": "lampson.txt",
            "title": "lampson",
            "mimetype": "text\/plain",
            "filetype": "text",
            "pretty_type": "Plain Text",
            "user": "U9PNDSW4R",
            "editable": true,
            "size": 1400,
            "mode": "snippet",
            "is_external": false,
            "external_type": "",
            "is_public": true,
            "public_url_shared": false,
            "display_as_bot": false,
            "username": "",
            "url_private": "https:\/\/files.slack.com\/files-pri\/T9BAB138B-FAH058V33\/lampson.txt?t=xoxe-317351037283-365207707586-364511306800-333c6acf63d6b69e07fd249ca7d3d9ee",
            "url_private_download": "https:\/\/files.slack.com\/files-pri\/T9BAB138B-FAH058V33\/download\/lampson.txt?t=xoxe-317351037283-365207707586-364511306800-333c6acf63d6b69e07fd249ca7d3d9ee",
            "permalink": "https:\/\/ingsw1718.slack.com\/files\/U9PNDSW4R\/FAH058V33\/lampson.txt",
            "permalink_public": "https:\/\/slack-files.com\/T9BAB138B-FAH058V33-6f76e7428e",
            "edit_link": "https:\/\/ingsw1718.slack.com\/files\/U9PNDSW4R\/FAH058V33\/lampson.txt\/edit",
            "preview": "Suggerimento: eseguire il programma tramite Windows PowerShell in quanto la visualizzazione dei comandi potrebbe essere parziale a causa di una dimensione di buffer limitata del cmd in versione standard.\r\nUser story 1: In qualità di utente voglio visualizzare la lista dei Members:\r\ndocker run -v \/c:\/ns -it softenginfuniba\/lampson --unzip ns\/percorso\/al\/file.zip members\r\nUser story 2: In qualità di utente voglio visualizzare la lista dei Channel:\r\ndocker run -v \/c:\/ns -it softenginfuniba\/lampson --unzip ns\/percorso\/al\/file.zip channels\r",
            "preview_highlight": "<div class=\"CodeMirror cm-s-default CodeMirrorServer\" oncopy=\"if(event.clipboardData){event.clipboardData.setData('text\/plain',window.getSelection().toString().replace(\/\\u200b\/g,''));event.preventDefault();event.stopPropagation();}\">\n<div class=\"CodeMirror-code\">\n<div><pre>Suggerimento: eseguire il programma tramite Windows PowerShell in quanto la visualizzazione dei comandi potrebbe essere parziale a causa di una dimensione di buffer limitata del cmd in versione standard.<\/pre><\/div>\n<div><pre>User story 1: In qualità di utente voglio visualizzare la lista dei Members:<\/pre><\/div>\n<div><pre>docker run -v \/c:\/ns -it softenginfuniba\/lampson --unzip ns\/percorso\/al\/file.zip members<\/pre><\/div>\n<div><pre>User story 2: In qualità di utente voglio visualizzare la lista dei Channel:<\/pre><\/div>\n<div><pre>docker run -v \/c:\/ns -it softenginfuniba\/lampson --unzip ns\/percorso\/al\/file.zip channels<\/pre><\/div>\n<div><pre><\/pre><\/div>\n<\/div>\n<\/div>\n",
            "lines": 15,
            "lines_more": 10,
            "preview_is_truncated": true,
            "channels": [],
            "groups": [],
            "ims": [],
            "comments_count": 1
        },
        "comment": {
            "id": "FcAHPMBCBX",
            "created": 1525343071,
            "timestamp": 1525343071,
            "user": "U9PNDSW4R",
            "is_intro": false,
            "comment": "<#C9SLGMULF|lampson>"
        },
        "is_intro": false,
        "ts": "1525343071.000181"
    },
    {
        "type": "message",
        "user": "U9N8K4Z24",
        "text": "<#C9PUSNJTZ|brooks>",
        "client_msg_id": "bbf379ed-3ae7-48b9-bd8c-d38af78a0eaf",
        "ts": "1525343267.000428"
    },
    {
        "type": "message",
        "user": "U9B126ZME",
        "text": "<@UA2P4MQ23> gruppo thacker convocato alle 14:10",
        "ts": "1525343967.000040"
    },
    {
        "type": "message",
        "user": "U9PC8DR8W",
        "text": "<#C9NENP6LD|hellman>",
        "ts": "1525345811.000175"
    },
    {
        "type": "message",
        "user": "U9NCCC059",
        "text": "<@U9N8GRK3J> gruppo goldwasser convocato alle 14:20",
        "ts": "1525346712.000196"
    },
    {
        "type": "message",
        "user": "U9B126ZME",
        "text": "<@U9NBUHYJF> gruppo stonebraker convocato alle 14:30",
        "thread_ts": "1525346902.000381",
        "reply_count": 3,
        "replies": [
            {
                "user": "U9NDHPVRS",
                "ts": "1525347090.000113"
            },
            {
                "user": "U9NDHPVRS",
                "ts": "1525347178.000454"
            },
            {
                "user": "U9B126ZME",
                "ts": "1525347200.000267"
            }
        ],
        "unread_count": 3,
        "ts": "1525346902.000381"
    },
    {
        "type": "message",
        "user": "U9NDHPVRS",
        "text": "è possibile rimandare la convocazione dato che siamo tutti fuori sede e non è possibile organizzarsi ora dato che la lezione è finita",
        "thread_ts": "1525346902.000381",
        "parent_user_id": "U9B126ZME",
        "ts": "1525347090.000113"
    },
    {
        "type": "message",
        "user": "U9NDHPVRS",
        "text": "oppure se possiamo venire adesso,ma alle 2 e mezza non è proprio possibile",
        "thread_ts": "1525346902.000381",
        "parent_user_id": "U9B126ZME",
        "ts": "1525347178.000454"
    },
    {
        "type": "message",
        "user": "U9B126ZME",
        "text": "venite ora",
        "thread_ts": "1525346902.000381",
        "parent_user_id": "U9B126ZME",
        "ts": "1525347200.000267"
    },
    {
        "type": "message",
        "user": "U9NCCC059",
        "text": "<@U9PUTB10X> gruppo kahn convocato alle 14:40",
        "ts": "1525347212.000338"
    },
    {
        "type": "message",
        "user": "U9BD7NMPC",
        "text": "<@U9Q9CDE0P> gruppo ritchie convocato dalle 17:30 fino alle 19:30. Cercate <@U9NCCC059>",
        "thread_ts": "1525360936.000438",
        "reply_count": 3,
        "replies": [
            {
                "user": "U9Q9CDE0P",
                "ts": "1525361079.000671"
            },
            {
                "user": "U9NCCC059",
                "ts": "1525361174.000476"
            },
            {
                "user": "U9Q9CDE0P",
                "ts": "1525361220.000440"
            }
        ],
        "unread_count": 3,
        "ts": "1525360936.000438"
    },
    {
        "type": "message",
        "user": "U9Q9CDE0P",
        "text": "Fortunatamente è rimasto uno studente e sta venendo lui, è necessaria la presenza di tutti?",
        "client_msg_id": "4288274d-f676-43d0-9626-c6a023cddd0b",
        "thread_ts": "1525360936.000438",
        "parent_user_id": "U9BD7NMPC",
        "ts": "1525361079.000671"
    },
    {
        "type": "message",
        "user": "U9NCCC059",
        "text": "No, basta anche solo uno, mi serve solo una conferma, si tratta di secondi",
        "edited": {
            "user": "U9NCCC059",
            "ts": "1525361188.000000"
        },
        "thread_ts": "1525360936.000438",
        "parent_user_id": "U9BD7NMPC",
        "ts": "1525361174.000476"
    },
    {
        "type": "message",
        "user": "U9Q9CDE0P",
        "text": "Va bene, la sta raggiungendo un membro del gruppo",
        "client_msg_id": "2d2e0359-8a15-4c5d-8ec7-76c9e92b026c",
        "thread_ts": "1525360936.000438",
        "parent_user_id": "U9BD7NMPC",
        "ts": "1525361220.000440"
    },
    {
        "type": "message",
        "user": "U9BD7NMPC",
        "text": "<!channel> Qui potete vedere i risultati del review dello sprint 1. \n<https:\/\/docs.google.com\/spreadsheets\/d\/1mx0y2mNXgtcVYshwO3EC6OzQHvqARoyDjPSIS20vv3U\/edit?usp=sharing> \nHo aperto il channel <#CAHRH5Y0J|reclami> per chi ha da obiettare. Non aspettatevi però una risposta immediata. Preferirei discutere le obiezioni di <#CAHRH5Y0J|reclami> a lezione",
        "ts": "1525362166.000269"
    }
]