[
    {
        "type": "message",
        "user": "U9NDPBTNF",
        "text": "<@U9B126ZME> possiamo venire alle 11.30?",
        "client_msg_id": "5db8164b-503f-412b-a3e0-11b6c5f40bc7",
        "thread_ts": "1526370709.000506",
        "reply_count": 1,
        "replies": [
            {
                "user": "U9B126ZME",
                "ts": "1526370739.000040"
            }
        ],
        "unread_count": 1,
        "ts": "1526370709.000506"
    },
    {
        "type": "message",
        "user": "U9B126ZME",
        "text": "d'accordo",
        "thread_ts": "1526370709.000506",
        "parent_user_id": "U9NDPBTNF",
        "ts": "1526370739.000040"
    },
    {
        "type": "message",
        "user": "U9BD7NMPC",
        "text": "<!channel> Qui potete vedere i risultati del review dello sprint 2: <https:\/\/docs.google.com\/spreadsheets\/d\/1y_RH1xudNSsN7gCK9JeYf1jOnUeq9X3SxtAw2oJ5eXY\/edit?usp=sharing>",
        "ts": "1526382646.000401"
    },
    {
        "type": "message",
        "user": "U9BD7NMPC",
        "text": "Anche per questo review, c'è il channel <#CAHRH5Y0J|reclami> per chi ha da obiettare.",
        "ts": "1526382698.000224"
    }
]