[
    {
        "type": "message",
        "subtype": "file_share",
        "text": "<@U9BD7NMPC> shared a file: <https:\/\/ingsw1718.slack.com\/files\/U9BD7NMPC\/FADLANGAY\/Definition_of_Done_Sprint_2.md|Definition of Done Sprint 2>",
        "file": {
            "id": "FADLANGAY",
            "created": 1524760241,
            "timestamp": 1524760241,
            "name": "Definition_of_Done_Sprint_2.md",
            "title": "Definition of Done Sprint 2",
            "mimetype": "text\/plain",
            "filetype": "markdown",
            "pretty_type": "Markdown (raw)",
            "user": "U9BD7NMPC",
            "editable": true,
            "size": 806,
            "mode": "snippet",
            "is_external": false,
            "external_type": "",
            "is_public": true,
            "public_url_shared": false,
            "display_as_bot": false,
            "username": "",
            "url_private": "https:\/\/files.slack.com\/files-pri\/T9BAB138B-FADLANGAY\/Definition_of_Done_Sprint_2.md?t=xoxe-317351037283-365207707586-364511306800-333c6acf63d6b69e07fd249ca7d3d9ee",
            "url_private_download": "https:\/\/files.slack.com\/files-pri\/T9BAB138B-FADLANGAY\/download\/Definition_of_Done_Sprint_2.md?t=xoxe-317351037283-365207707586-364511306800-333c6acf63d6b69e07fd249ca7d3d9ee",
            "permalink": "https:\/\/ingsw1718.slack.com\/files\/U9BD7NMPC\/FADLANGAY\/Definition_of_Done_Sprint_2.md",
            "permalink_public": "https:\/\/slack-files.com\/T9BAB138B-FADLANGAY-0b28901465",
            "edit_link": "https:\/\/ingsw1718.slack.com\/files\/U9BD7NMPC\/FADLANGAY\/Definition_of_Done_Sprint_2.md\/edit",
            "preview": "Lista di criteri che devono essere soddisfatti per qualsiasi user story\r\n- C'è un issue con label 'user story'\r\n- Assegnazione a uno o al più due componenti del team\r\n- I commit devono avere una descrizione significativa\r\n- C'è una Pull Request (PR) che corrisponde alla user story\r",
            "preview_highlight": "<div class=\"CodeMirror cm-s-default CodeMirrorServer\" oncopy=\"if(event.clipboardData){event.clipboardData.setData('text\/plain',window.getSelection().toString().replace(\/\\u200b\/g,''));event.preventDefault();event.stopPropagation();}\">\n<div class=\"CodeMirror-code\">\n<div><pre>Lista di criteri che devono essere soddisfatti per qualsiasi user story<\/pre><\/div>\n<div><pre>- C'è un issue con label 'user story'<\/pre><\/div>\n<div><pre>- Assegnazione a uno o al più due componenti del team<\/pre><\/div>\n<div><pre>- I commit devono avere una descrizione significativa<\/pre><\/div>\n<div><pre>- C'è una Pull Request (PR) che corrisponde alla user story<\/pre><\/div>\n<\/div>\n<\/div>\n",
            "lines": 17,
            "lines_more": 12,
            "preview_is_truncated": false,
            "channels": [],
            "groups": [],
            "ims": [],
            "comments_count": 0
        },
        "user": "U9BD7NMPC",
        "upload": false,
        "display_as_bot": false,
        "username": "filippo.lanubile",
        "bot_id": null,
        "ts": "1525345533.000397"
    },
    {
        "type": "message",
        "user": "U9PAU9362",
        "text": "<@U9BD7NMPC> può caricare una nuova versione del workspace esportato?",
        "ts": "1525349337.000339"
    },
    {
        "type": "message",
        "subtype": "file_share",
        "text": "<@U9BD7NMPC> uploaded a file: <https:\/\/ingsw1718.slack.com\/files\/U9BD7NMPC\/FAH848HG9\/ingsw1718may3.zip|ingsw1718May3.zip>",
        "file": {
            "id": "FAH848HG9",
            "created": 1525358795,
            "timestamp": 1525358795,
            "name": "ingsw1718May3.zip",
            "title": "ingsw1718May3.zip",
            "mimetype": "application\/zip",
            "filetype": "zip",
            "pretty_type": "Zip",
            "user": "U9BD7NMPC",
            "editable": false,
            "size": 395107,
            "mode": "hosted",
            "is_external": false,
            "external_type": "",
            "is_public": true,
            "public_url_shared": false,
            "display_as_bot": false,
            "username": "",
            "url_private": "https:\/\/files.slack.com\/files-pri\/T9BAB138B-FAH848HG9\/ingsw1718may3.zip?t=xoxe-317351037283-365207707586-364511306800-333c6acf63d6b69e07fd249ca7d3d9ee",
            "url_private_download": "https:\/\/files.slack.com\/files-pri\/T9BAB138B-FAH848HG9\/download\/ingsw1718may3.zip?t=xoxe-317351037283-365207707586-364511306800-333c6acf63d6b69e07fd249ca7d3d9ee",
            "permalink": "https:\/\/ingsw1718.slack.com\/files\/U9BD7NMPC\/FAH848HG9\/ingsw1718may3.zip",
            "permalink_public": "https:\/\/slack-files.com\/T9BAB138B-FAH848HG9-dc7ba645e1",
            "channels": [],
            "groups": [],
            "ims": [],
            "comments_count": 0,
            "reactions": [
                {
                    "name": "+1",
                    "users": [
                        "U9MQSS657",
                        "U9N6Y2L9W"
                    ],
                    "count": 2
                }
            ]
        },
        "user": "U9BD7NMPC",
        "upload": true,
        "display_as_bot": false,
        "username": "filippo.lanubile",
        "bot_id": null,
        "ts": "1525358796.000517"
    },
    {
        "type": "message",
        "user": "U9PBHQU3H",
        "text": "Possiamo chiudere lo Sprint 1 e iniziare a lavorare sul 2?",
        "client_msg_id": "57905937-eab1-452e-b04e-9dfbf16cc451",
        "ts": "1525362752.000290"
    },
    {
        "type": "message",
        "user": "U9BD7NMPC",
        "text": "<!everyone> Dopo il review dovreste aprire degli issue di tipo _bug_ per ogni problema da risolvere. Se sono bug bloccanti, ovvero pregiudicano l'esecuzione delle user story dello sprint 2, dovete portarvi i bug nello sprint 2 e risolverli altrimenti li lasciate nel product backlog senza uno sprint. Dopo aver creato gli issue di tipo bug, potete chiudere lo sprint 1.",
        "ts": "1525363399.000263"
    },
    {
        "type": "message",
        "user": "U9BD7NMPC",
        "text": "<!everyone> La prof.ssa Appice mi ha detto di aver trattato la gestione delle eccezioni in java. Pertanto, ho aggiunto un nuovo criterio nella Definition of Done dello Sprint 2: - Le eccezioni devono essere gestite",
        "thread_ts": "1525365416.000458",
        "reply_count": 3,
        "replies": [
            {
                "user": "U9PBHQU3H",
                "ts": "1525367191.000136"
            },
            {
                "user": "U9BD7NMPC",
                "ts": "1525370140.000349"
            },
            {
                "user": "U9PBHQU3H",
                "ts": "1525371524.000206"
            }
        ],
        "unread_count": 3,
        "ts": "1525365416.000458"
    },
    {
        "type": "message",
        "user": "U9PBHQU3H",
        "text": "Valgono solo sulle nuove features o dobbiamo aggiustare anche quelle precedenti?",
        "client_msg_id": "32b95627-db0d-4a2e-baa9-7a664e98735a",
        "thread_ts": "1525365416.000458",
        "parent_user_id": "U9BD7NMPC",
        "ts": "1525367191.000136"
    },
    {
        "type": "message",
        "user": "U9BD7NMPC",
        "text": "Noi testeremo le feature dello sprint 2",
        "thread_ts": "1525365416.000458",
        "parent_user_id": "U9BD7NMPC",
        "ts": "1525370140.000349"
    },
    {
        "type": "message",
        "user": "U9PBHQU3H",
        "text": "Perfetto, grazie",
        "client_msg_id": "a51a6e0f-3065-435e-8309-61b33683fcc9",
        "thread_ts": "1525365416.000458",
        "parent_user_id": "U9BD7NMPC",
        "ts": "1525371524.000206"
    }
]