[
    {
        "type": "message",
        "subtype": "file_share",
        "text": "<@U9NQ8RQ67> uploaded a file: <https:\/\/ingsw1718.slack.com\/files\/U9NQ8RQ67\/FAM03RYHX\/testslackdatset.zip|testslackdatset.zip> and commented: Condivido con voi un dataset che ho trovato online, che ci ha permesso di verificare alcune eccezioni nel nostro codice. Spero possa servirvi.",
        "file": {
            "id": "FAM03RYHX",
            "created": 1525955442,
            "timestamp": 1525955442,
            "name": "testslackdatset.zip",
            "title": "testslackdatset.zip",
            "mimetype": "application\/zip",
            "filetype": "zip",
            "pretty_type": "Zip",
            "user": "U9NQ8RQ67",
            "editable": false,
            "size": 257277,
            "mode": "hosted",
            "is_external": false,
            "external_type": "",
            "is_public": true,
            "public_url_shared": false,
            "display_as_bot": false,
            "username": "",
            "url_private": "https:\/\/files.slack.com\/files-pri\/T9BAB138B-FAM03RYHX\/testslackdatset.zip?t=xoxe-317351037283-365207707586-364511306800-333c6acf63d6b69e07fd249ca7d3d9ee",
            "url_private_download": "https:\/\/files.slack.com\/files-pri\/T9BAB138B-FAM03RYHX\/download\/testslackdatset.zip?t=xoxe-317351037283-365207707586-364511306800-333c6acf63d6b69e07fd249ca7d3d9ee",
            "permalink": "https:\/\/ingsw1718.slack.com\/files\/U9NQ8RQ67\/FAM03RYHX\/testslackdatset.zip",
            "permalink_public": "https:\/\/slack-files.com\/T9BAB138B-FAM03RYHX-4fda68a7ee",
            "channels": [],
            "groups": [],
            "ims": [],
            "comments_count": 2,
            "initial_comment": {
                "id": "FcAML63WAZ",
                "created": 1525955442,
                "timestamp": 1525955442,
                "user": "U9NQ8RQ67",
                "is_intro": true,
                "comment": "Condivido con voi un dataset che ho trovato online, che ci ha permesso di verificare alcune eccezioni nel nostro codice. Spero possa servirvi."
            },
            "reactions": [
                {
                    "name": "+1",
                    "users": [
                        "U9BD7NMPC",
                        "U9NDPBTNF",
                        "U9JS0QR60",
                        "U9NAWRB2Q",
                        "U9NCNLL83",
                        "UA2DNR4F4"
                    ],
                    "count": 6
                }
            ]
        },
        "user": "U9NQ8RQ67",
        "upload": true,
        "display_as_bot": false,
        "username": "m.loi",
        "bot_id": null,
        "ts": "1525955443.000148"
    },
    {
        "type": "message",
        "subtype": "file_comment",
        "text": "<@U9P5NTBML> commented on <@U9NQ8RQ67>’s file <https:\/\/ingsw1718.slack.com\/files\/U9NQ8RQ67\/FAM03RYHX\/testslackdatset.zip|testslackdatset.zip>: ti ringrazio, ho fatto una run col zip da te condiviso e ho notato che se manca il controllo sulla voce \"deleted\" il codice genera errore. ottimo lavoro.",
        "file": {
            "id": "FAM03RYHX",
            "created": 1525955442,
            "timestamp": 1525955442,
            "name": "testslackdatset.zip",
            "title": "testslackdatset.zip",
            "mimetype": "application\/zip",
            "filetype": "zip",
            "pretty_type": "Zip",
            "user": "U9NQ8RQ67",
            "editable": false,
            "size": 257277,
            "mode": "hosted",
            "is_external": false,
            "external_type": "",
            "is_public": true,
            "public_url_shared": false,
            "display_as_bot": false,
            "username": "",
            "url_private": "https:\/\/files.slack.com\/files-pri\/T9BAB138B-FAM03RYHX\/testslackdatset.zip?t=xoxe-317351037283-365207707586-364511306800-333c6acf63d6b69e07fd249ca7d3d9ee",
            "url_private_download": "https:\/\/files.slack.com\/files-pri\/T9BAB138B-FAM03RYHX\/download\/testslackdatset.zip?t=xoxe-317351037283-365207707586-364511306800-333c6acf63d6b69e07fd249ca7d3d9ee",
            "permalink": "https:\/\/ingsw1718.slack.com\/files\/U9NQ8RQ67\/FAM03RYHX\/testslackdatset.zip",
            "permalink_public": "https:\/\/slack-files.com\/T9BAB138B-FAM03RYHX-4fda68a7ee",
            "channels": [],
            "groups": [],
            "ims": [],
            "comments_count": 2,
            "initial_comment": {
                "id": "FcAML63WAZ",
                "created": 1525955442,
                "timestamp": 1525955442,
                "user": "U9NQ8RQ67",
                "is_intro": true,
                "comment": "Condivido con voi un dataset che ho trovato online, che ci ha permesso di verificare alcune eccezioni nel nostro codice. Spero possa servirvi."
            },
            "reactions": [
                {
                    "name": "+1",
                    "users": [
                        "U9BD7NMPC",
                        "U9NDPBTNF",
                        "U9JS0QR60",
                        "U9NAWRB2Q",
                        "U9NCNLL83",
                        "UA2DNR4F4"
                    ],
                    "count": 6
                }
            ]
        },
        "comment": {
            "id": "FcAMMNU48M",
            "created": 1525960549,
            "timestamp": 1525960549,
            "user": "U9P5NTBML",
            "is_intro": false,
            "comment": "ti ringrazio, ho fatto una run col zip da te condiviso e ho notato che se manca il controllo sulla voce \"deleted\" il codice genera errore. ottimo lavoro.",
            "reactions": [
                {
                    "name": "+1",
                    "users": [
                        "U9NQ8RQ67",
                        "U9NAWRB2Q"
                    ],
                    "count": 2
                }
            ]
        },
        "is_intro": false,
        "ts": "1525960549.000061"
    }
]