[
    {
        "type": "message",
        "user": "U9PNL8V9U",
        "text": "<@U9BD7NMPC> Professore le ricordo del workspace ",
        "client_msg_id": "7BB4CF9A-FC89-47AB-9043-882EF91C910C",
        "ts": "1524501424.000634"
    },
    {
        "type": "message",
        "user": "U9BD7NMPC",
        "text": ":slightly_smiling_face:",
        "ts": "1524510315.000577"
    },
    {
        "type": "message",
        "subtype": "file_share",
        "text": "<@U9BD7NMPC> uploaded a file: <https:\/\/ingsw1718.slack.com\/files\/U9BD7NMPC\/FABM6M0HY\/ingsw1718_slack_export_apr_20_2018.zip|ingsw1718 Slack export Apr 20 2018.zip> and commented: Questo è l'export del nostro workspace effettuato in data 20\/4\/2018",
        "file": {
            "id": "FABM6M0HY",
            "created": 1524510439,
            "timestamp": 1524510439,
            "name": "ingsw1718 Slack export Apr 20 2018.zip",
            "title": "ingsw1718 Slack export Apr 20 2018.zip",
            "mimetype": "application\/zip",
            "filetype": "zip",
            "pretty_type": "Zip",
            "user": "U9BD7NMPC",
            "editable": false,
            "size": 248102,
            "mode": "hosted",
            "is_external": false,
            "external_type": "",
            "is_public": true,
            "public_url_shared": false,
            "display_as_bot": false,
            "username": "",
            "url_private": "https:\/\/files.slack.com\/files-pri\/T9BAB138B-FABM6M0HY\/ingsw1718_slack_export_apr_20_2018.zip?t=xoxe-317351037283-365207707586-364511306800-333c6acf63d6b69e07fd249ca7d3d9ee",
            "url_private_download": "https:\/\/files.slack.com\/files-pri\/T9BAB138B-FABM6M0HY\/download\/ingsw1718_slack_export_apr_20_2018.zip?t=xoxe-317351037283-365207707586-364511306800-333c6acf63d6b69e07fd249ca7d3d9ee",
            "permalink": "https:\/\/ingsw1718.slack.com\/files\/U9BD7NMPC\/FABM6M0HY\/ingsw1718_slack_export_apr_20_2018.zip",
            "permalink_public": "https:\/\/slack-files.com\/T9BAB138B-FABM6M0HY-e2a24970c4",
            "channels": [],
            "groups": [],
            "ims": [],
            "comments_count": 1,
            "initial_comment": {
                "id": "FcACNLUR63",
                "created": 1524510439,
                "timestamp": 1524510439,
                "user": "U9BD7NMPC",
                "is_intro": true,
                "comment": "Questo è l'export del nostro workspace effettuato in data 20\/4\/2018"
            }
        },
        "user": "U9BD7NMPC",
        "upload": true,
        "display_as_bot": false,
        "username": "filippo.lanubile",
        "bot_id": null,
        "ts": "1524510440.000354"
    },
    {
        "type": "message",
        "subtype": "file_share",
        "text": "<@U9BD7NMPC> uploaded a file: <https:\/\/ingsw1718.slack.com\/files\/U9BD7NMPC\/FAB0YPCN4\/guida_per_lo_studente.md|Guida per lo studente.md> and commented: Questa è la nuova versione della guida studente con la precisazione su come eseguire l'app in un container.",
        "file": {
            "id": "FAB0YPCN4",
            "created": 1524511301,
            "timestamp": 1524511301,
            "name": "Guida per lo studente.md",
            "title": "Guida per lo studente.md",
            "mimetype": "text\/plain",
            "filetype": "markdown",
            "pretty_type": "Markdown (raw)",
            "user": "U9BD7NMPC",
            "editable": true,
            "size": 14511,
            "mode": "snippet",
            "is_external": false,
            "external_type": "",
            "is_public": true,
            "public_url_shared": false,
            "display_as_bot": false,
            "username": "",
            "url_private": "https:\/\/files.slack.com\/files-pri\/T9BAB138B-FAB0YPCN4\/guida_per_lo_studente.md?t=xoxe-317351037283-365207707586-364511306800-333c6acf63d6b69e07fd249ca7d3d9ee",
            "url_private_download": "https:\/\/files.slack.com\/files-pri\/T9BAB138B-FAB0YPCN4\/download\/guida_per_lo_studente.md?t=xoxe-317351037283-365207707586-364511306800-333c6acf63d6b69e07fd249ca7d3d9ee",
            "permalink": "https:\/\/ingsw1718.slack.com\/files\/U9BD7NMPC\/FAB0YPCN4\/guida_per_lo_studente.md",
            "permalink_public": "https:\/\/slack-files.com\/T9BAB138B-FAB0YPCN4-8224a4bc28",
            "edit_link": "https:\/\/ingsw1718.slack.com\/files\/U9BD7NMPC\/FAB0YPCN4\/guida_per_lo_studente.md\/edit",
            "preview": "# Guida allo studente\r\n\r\n## Indice\r\n- Pipeline di progetto\r\n- Passi preliminari\r",
            "preview_highlight": "<div class=\"CodeMirror cm-s-default CodeMirrorServer\" oncopy=\"if(event.clipboardData){event.clipboardData.setData('text\/plain',window.getSelection().toString().replace(\/\\u200b\/g,''));event.preventDefault();event.stopPropagation();}\">\n<div class=\"CodeMirror-code\">\n<div><pre># Guida allo studente<\/pre><\/div>\n<div><pre><\/pre><\/div>\n<div><pre>## Indice<\/pre><\/div>\n<div><pre>- Pipeline di progetto<\/pre><\/div>\n<div><pre>- Passi preliminari<\/pre><\/div>\n<div><pre><\/pre><\/div>\n<\/div>\n<\/div>\n",
            "lines": 199,
            "lines_more": 194,
            "preview_is_truncated": true,
            "channels": [],
            "groups": [],
            "ims": [],
            "comments_count": 1,
            "initial_comment": {
                "id": "FcABJGSVJ7",
                "created": 1524511301,
                "timestamp": 1524511301,
                "user": "U9BD7NMPC",
                "is_intro": true,
                "comment": "Questa è la nuova versione della guida studente con la precisazione su come eseguire l'app in un container."
            }
        },
        "user": "U9BD7NMPC",
        "upload": true,
        "display_as_bot": false,
        "username": "filippo.lanubile",
        "bot_id": null,
        "ts": "1524511302.000596"
    }
]