[
    {
        "type": "message",
        "subtype": "file_share",
        "text": "<@U9N8CNHK2> uploaded a file: <https:\/\/ingsw1718.slack.com\/files\/U9N8CNHK2\/FAQP72TPY\/checkstyle.xml|checkstyle.xml> and commented: @everyone su suggerimento di un vostro collega, abbiamo modificato il file di configurazione di Checkstyle in modo che il tab sia considerato equivalente a 4 caratteri anzichè 8 (configurazione di default del tool). Trovate qui il file aggiornato da utilizzare. La modifica interessa la proprietà",
        "file": {
            "id": "FAQP72TPY",
            "created": 1526371958,
            "timestamp": 1526371958,
            "name": "checkstyle.xml",
            "title": "checkstyle.xml",
            "mimetype": "text\/plain",
            "filetype": "xml",
            "pretty_type": "XML",
            "user": "U9N8CNHK2",
            "editable": true,
            "size": 5950,
            "mode": "snippet",
            "is_external": false,
            "external_type": "",
            "is_public": true,
            "public_url_shared": false,
            "display_as_bot": false,
            "username": "",
            "url_private": "https:\/\/files.slack.com\/files-pri\/T9BAB138B-FAQP72TPY\/checkstyle.xml?t=xoxe-317351037283-365207707586-364511306800-333c6acf63d6b69e07fd249ca7d3d9ee",
            "url_private_download": "https:\/\/files.slack.com\/files-pri\/T9BAB138B-FAQP72TPY\/download\/checkstyle.xml?t=xoxe-317351037283-365207707586-364511306800-333c6acf63d6b69e07fd249ca7d3d9ee",
            "permalink": "https:\/\/ingsw1718.slack.com\/files\/U9N8CNHK2\/FAQP72TPY\/checkstyle.xml",
            "permalink_public": "https:\/\/slack-files.com\/T9BAB138B-FAQP72TPY-cced78d4cc",
            "edit_link": "https:\/\/ingsw1718.slack.com\/files\/U9N8CNHK2\/FAQP72TPY\/checkstyle.xml\/edit",
            "preview": "<?xml version=\"1.0\"?>\n<!DOCTYPE module PUBLIC\n          \"-\/\/Puppy Crawl\/\/DTD Check Configuration 1.3\/\/EN\"\n          \"http:\/\/checkstyle.sourceforge.net\/dtds\/configuration_1_3.dtd\">\n",
            "preview_highlight": "<div class=\"CodeMirror cm-s-default CodeMirrorServer\" oncopy=\"if(event.clipboardData){event.clipboardData.setData('text\/plain',window.getSelection().toString().replace(\/\\u200b\/g,''));event.preventDefault();event.stopPropagation();}\">\n<div class=\"CodeMirror-code\">\n<div><pre><span class=\"cm-meta\">&lt;?xml<\/span> <span class=\"cm-meta\">version=&quot;1.0&quot;?&gt;<\/span><\/pre><\/div>\n<div><pre><span class=\"cm-meta\">&lt;!DOCTYPE module PUBLIC<\/span><\/pre><\/div>\n<div><pre>          <span class=\"cm-meta\">&quot;-\/\/Puppy Crawl\/\/DTD Check Configuration 1.3\/\/EN&quot;<\/span><\/pre><\/div>\n<div><pre>          <span class=\"cm-meta\">&quot;http:\/\/checkstyle.sourceforge.net\/dtds\/configuration_1_3.dtd&quot;&gt;<\/span><\/pre><\/div>\n<\/div>\n<\/div>\n",
            "lines": 159,
            "lines_more": 154,
            "preview_is_truncated": true,
            "channels": [],
            "groups": [],
            "ims": [],
            "comments_count": 1,
            "initial_comment": {
                "id": "FcAQTSLY31",
                "created": 1526371958,
                "timestamp": 1526371958,
                "user": "U9N8CNHK2",
                "is_intro": true,
                "comment": "@everyone su suggerimento di un vostro collega, abbiamo modificato il file di configurazione di Checkstyle in modo che il tab sia considerato equivalente a 4 caratteri anzichè 8 (configurazione di default del tool). Trovate qui il file aggiornato da utilizzare. La modifica interessa la proprietà"
            },
            "reactions": [
                {
                    "name": "+1",
                    "users": [
                        "U9NQ8RQ67"
                    ],
                    "count": 1
                }
            ]
        },
        "user": "U9N8CNHK2",
        "upload": true,
        "display_as_bot": false,
        "username": "nicole.novielli",
        "bot_id": null,
        "ts": "1526371959.000251"
    },
    {
        "type": "message",
        "user": "U9N8CNHK2",
        "text": "\"tabWidth\" del modulo \"TreeWalker\"",
        "ts": "1526372022.000600"
    },
    {
        "type": "message",
        "user": "U9N8CNHK2",
        "text": "Sostituite il file 'checkstyle.xml' nei vostri progetti con questa nuova versione aggiornata. Diversamente, potreste incorrere troppo frequentemente nel warning 'line is longer than 120 characters'.",
        "ts": "1526372173.000199"
    },
    {
        "type": "message",
        "user": "U9CDZPXLN",
        "text": "<!everyone> le istruzioni per l’uso di JaCoCo e Coveralls",
        "ts": "1526377397.000200"
    },
    {
        "type": "message",
        "user": "U9CDZPXLN",
        "text": "1. Editare il file README.md:\n  * nell’albero della struttura, aggiungere `|-- .coveralls.yml` tra `src` e `.gitignore`\n  * nella descrizione sottostante, aggiungere \n    ```\n    * **.coveralls.yml**: specifica il servizio travis-ci e il token del repository (privato) per il quale visualizzare la percentuale di code coverage dei casi test generata dal tool _JaCoCo_;\n    ```",
        "edited": {
            "user": "U9CDZPXLN",
            "ts": "1526377472.000000"
        },
        "ts": "1526377415.000401"
    },
    {
        "type": "message",
        "user": "U9CDZPXLN",
        "text": "2. Sostituire i file `build.gradle` con la versione passata nello snippet seguente (qualora aveste fatto ulteriori modifiche al file gradle, sta a voi assicurarvi di fare il _merge_)",
        "edited": {
            "user": "U9CDZPXLN",
            "ts": "1526379131.000000"
        },
        "ts": "1526377523.000204"
    },
    {
        "type": "message",
        "subtype": "file_share",
        "text": "<@U9CDZPXLN> uploaded a file: <https:\/\/ingsw1718.slack.com\/files\/U9CDZPXLN\/FAQQQ2J8N\/build_gradle.txt|build.gradle>",
        "file": {
            "id": "FAQQQ2J8N",
            "created": 1526377555,
            "timestamp": 1526377555,
            "name": "build_gradle.txt",
            "title": "build.gradle",
            "mimetype": "text\/plain",
            "filetype": "text",
            "pretty_type": "Plain Text",
            "user": "U9CDZPXLN",
            "editable": true,
            "size": 5223,
            "mode": "snippet",
            "is_external": false,
            "external_type": "",
            "is_public": true,
            "public_url_shared": false,
            "display_as_bot": false,
            "username": "",
            "url_private": "https:\/\/files.slack.com\/files-pri\/T9BAB138B-FAQQQ2J8N\/build_gradle.txt?t=xoxe-317351037283-365207707586-364511306800-333c6acf63d6b69e07fd249ca7d3d9ee",
            "url_private_download": "https:\/\/files.slack.com\/files-pri\/T9BAB138B-FAQQQ2J8N\/download\/build_gradle.txt?t=xoxe-317351037283-365207707586-364511306800-333c6acf63d6b69e07fd249ca7d3d9ee",
            "permalink": "https:\/\/ingsw1718.slack.com\/files\/U9CDZPXLN\/FAQQQ2J8N\/build_gradle.txt",
            "permalink_public": "https:\/\/slack-files.com\/T9BAB138B-FAQQQ2J8N-efe6e57391",
            "edit_link": "https:\/\/ingsw1718.slack.com\/files\/U9CDZPXLN\/FAQQQ2J8N\/build_gradle.txt\/edit",
            "preview": "\/*\r\n * This build file was generated by the Gradle 'init' task.\r\n *\r\n * This generated file contains a sample Java Library project to get you started.\r\n * For more details take a look at the Java Libraries chapter in the Gradle\r",
            "preview_highlight": "<div class=\"CodeMirror cm-s-default CodeMirrorServer\" oncopy=\"if(event.clipboardData){event.clipboardData.setData('text\/plain',window.getSelection().toString().replace(\/\\u200b\/g,''));event.preventDefault();event.stopPropagation();}\">\n<div class=\"CodeMirror-code\">\n<div><pre>\/*<\/pre><\/div>\n<div><pre> * This build file was generated by the Gradle 'init' task.<\/pre><\/div>\n<div><pre> *<\/pre><\/div>\n<div><pre> * This generated file contains a sample Java Library project to get you started.<\/pre><\/div>\n<div><pre> * For more details take a look at the Java Libraries chapter in the Gradle<\/pre><\/div>\n<div><pre><\/pre><\/div>\n<\/div>\n<\/div>\n",
            "lines": 202,
            "lines_more": 197,
            "preview_is_truncated": true,
            "channels": [],
            "groups": [],
            "ims": [],
            "comments_count": 0
        },
        "user": "U9CDZPXLN",
        "upload": true,
        "display_as_bot": false,
        "username": "fabio.calefato",
        "bot_id": null,
        "ts": "1526377556.000382"
    },
    {
        "type": "message",
        "user": "U9CDZPXLN",
        "text": "3. Creare il file  `.coveralls.yml` nella radice della cartella di progetto, con il seguente contenuto:\n  ```\n  service_name: travis-pro\n  repo_token: \n  ```",
        "edited": {
            "user": "U9CDZPXLN",
            "ts": "1526379145.000000"
        },
        "ts": "1526377595.000054"
    },
    {
        "type": "message",
        "user": "U9CDZPXLN",
        "text": "4. Modificate il file `.travis.yml`, aggiungendo in testa il seguente blocco:\n```\nenv:  \n   global:\n      - CI_NAME:travis-pro\n      - COVERALLS_REPO_TOKEN=\n```\nDopodiché, aggiungete come ultima linea (nel blocco `after_success:`):\n`  - .\/gradlew jacocoTestReport coveralls  `",
        "edited": {
            "user": "U9CDZPXLN",
            "ts": "1526390088.000000"
        },
        "ts": "1526377646.000363"
    },
    {
        "type": "message",
        "user": "U9CDZPXLN",
        "text": "5. Sostituire il contenuto del file `Guida per lo studente.md` con lo snippet seguente:",
        "edited": {
            "user": "U9CDZPXLN",
            "ts": "1526378468.000000"
        },
        "ts": "1526378433.000046"
    },
    {
        "type": "message",
        "subtype": "file_share",
        "text": "<@U9CDZPXLN> uploaded a file: <https:\/\/ingsw1718.slack.com\/files\/U9CDZPXLN\/FAR03L5L7\/guida_per_lo_studente_md.txt|Guida per lo studente.md>",
        "file": {
            "id": "FAR03L5L7",
            "created": 1526378452,
            "timestamp": 1526378452,
            "name": "Guida_per_lo_studente_md.txt",
            "title": "Guida per lo studente.md",
            "mimetype": "text\/plain",
            "filetype": "text",
            "pretty_type": "Plain Text",
            "user": "U9CDZPXLN",
            "editable": true,
            "size": 17180,
            "mode": "snippet",
            "is_external": false,
            "external_type": "",
            "is_public": true,
            "public_url_shared": false,
            "display_as_bot": false,
            "username": "",
            "url_private": "https:\/\/files.slack.com\/files-pri\/T9BAB138B-FAR03L5L7\/guida_per_lo_studente_md.txt?t=xoxe-317351037283-365207707586-364511306800-333c6acf63d6b69e07fd249ca7d3d9ee",
            "url_private_download": "https:\/\/files.slack.com\/files-pri\/T9BAB138B-FAR03L5L7\/download\/guida_per_lo_studente_md.txt?t=xoxe-317351037283-365207707586-364511306800-333c6acf63d6b69e07fd249ca7d3d9ee",
            "permalink": "https:\/\/ingsw1718.slack.com\/files\/U9CDZPXLN\/FAR03L5L7\/guida_per_lo_studente_md.txt",
            "permalink_public": "https:\/\/slack-files.com\/T9BAB138B-FAR03L5L7-6c5d9c4b4c",
            "edit_link": "https:\/\/ingsw1718.slack.com\/files\/U9CDZPXLN\/FAR03L5L7\/guida_per_lo_studente_md.txt\/edit",
            "preview": "# Guida allo studente\r\n\r\n## Indice\r\n- Pipeline di progetto\r\n- Passi preliminari\r",
            "preview_highlight": "<div class=\"CodeMirror cm-s-default CodeMirrorServer\" oncopy=\"if(event.clipboardData){event.clipboardData.setData('text\/plain',window.getSelection().toString().replace(\/\\u200b\/g,''));event.preventDefault();event.stopPropagation();}\">\n<div class=\"CodeMirror-code\">\n<div><pre># Guida allo studente<\/pre><\/div>\n<div><pre><\/pre><\/div>\n<div><pre>## Indice<\/pre><\/div>\n<div><pre>- Pipeline di progetto<\/pre><\/div>\n<div><pre>- Passi preliminari<\/pre><\/div>\n<div><pre><\/pre><\/div>\n<\/div>\n<\/div>\n",
            "lines": 242,
            "lines_more": 237,
            "preview_is_truncated": true,
            "channels": [],
            "groups": [],
            "ims": [],
            "comments_count": 0
        },
        "user": "U9CDZPXLN",
        "upload": true,
        "display_as_bot": false,
        "username": "fabio.calefato",
        "bot_id": null,
        "ts": "1526378452.000307"
    },
    {
        "type": "message",
        "user": "U9CDZPXLN",
        "text": "6. Nella cartella `\/res\/img\/guida-studente\/` caricare i file PNG allegati in coda a questo messaggio.\n7. Della suddetta guida, seguite i passi di configurazione:\n* Configurazione Coveralls\n* Aggiornamento badge Coveralls in GitHub",
        "edited": {
            "user": "U9CDZPXLN",
            "ts": "1526386119.000000"
        },
        "ts": "1526378526.000121"
    },
    {
        "type": "message",
        "subtype": "file_share",
        "text": "<@U9CDZPXLN> uploaded a file: <https:\/\/ingsw1718.slack.com\/files\/U9CDZPXLN\/FAPD1U6JD\/coveralls_travis-badges.png|coveralls+travis-badges.png>",
        "file": {
            "id": "FAPD1U6JD",
            "created": 1526382505,
            "timestamp": 1526382505,
            "name": "coveralls+travis-badges.png",
            "title": "coveralls+travis-badges.png",
            "mimetype": "image\/png",
            "filetype": "png",
            "pretty_type": "PNG",
            "user": "U9CDZPXLN",
            "editable": false,
            "size": 28974,
            "mode": "hosted",
            "is_external": false,
            "external_type": "",
            "is_public": true,
            "public_url_shared": false,
            "display_as_bot": false,
            "username": "",
            "url_private": "https:\/\/files.slack.com\/files-pri\/T9BAB138B-FAPD1U6JD\/coveralls_travis-badges.png?t=xoxe-317351037283-365207707586-364511306800-333c6acf63d6b69e07fd249ca7d3d9ee",
            "url_private_download": "https:\/\/files.slack.com\/files-pri\/T9BAB138B-FAPD1U6JD\/download\/coveralls_travis-badges.png?t=xoxe-317351037283-365207707586-364511306800-333c6acf63d6b69e07fd249ca7d3d9ee",
            "thumb_64": "https:\/\/files.slack.com\/files-tmb\/T9BAB138B-FAPD1U6JD-24a95ee53d\/coveralls_travis-badges_64.png?t=xoxe-317351037283-365207707586-364511306800-333c6acf63d6b69e07fd249ca7d3d9ee",
            "thumb_80": "https:\/\/files.slack.com\/files-tmb\/T9BAB138B-FAPD1U6JD-24a95ee53d\/coveralls_travis-badges_80.png?t=xoxe-317351037283-365207707586-364511306800-333c6acf63d6b69e07fd249ca7d3d9ee",
            "thumb_360": "https:\/\/files.slack.com\/files-tmb\/T9BAB138B-FAPD1U6JD-24a95ee53d\/coveralls_travis-badges_360.png?t=xoxe-317351037283-365207707586-364511306800-333c6acf63d6b69e07fd249ca7d3d9ee",
            "thumb_360_w": 360,
            "thumb_360_h": 52,
            "thumb_480": "https:\/\/files.slack.com\/files-tmb\/T9BAB138B-FAPD1U6JD-24a95ee53d\/coveralls_travis-badges_480.png?t=xoxe-317351037283-365207707586-364511306800-333c6acf63d6b69e07fd249ca7d3d9ee",
            "thumb_480_w": 480,
            "thumb_480_h": 70,
            "thumb_160": "https:\/\/files.slack.com\/files-tmb\/T9BAB138B-FAPD1U6JD-24a95ee53d\/coveralls_travis-badges_160.png?t=xoxe-317351037283-365207707586-364511306800-333c6acf63d6b69e07fd249ca7d3d9ee",
            "thumb_720": "https:\/\/files.slack.com\/files-tmb\/T9BAB138B-FAPD1U6JD-24a95ee53d\/coveralls_travis-badges_720.png?t=xoxe-317351037283-365207707586-364511306800-333c6acf63d6b69e07fd249ca7d3d9ee",
            "thumb_720_w": 720,
            "thumb_720_h": 104,
            "thumb_800": "https:\/\/files.slack.com\/files-tmb\/T9BAB138B-FAPD1U6JD-24a95ee53d\/coveralls_travis-badges_800.png?t=xoxe-317351037283-365207707586-364511306800-333c6acf63d6b69e07fd249ca7d3d9ee",
            "thumb_800_w": 800,
            "thumb_800_h": 116,
            "image_exif_rotation": 1,
            "original_w": 856,
            "original_h": 124,
            "permalink": "https:\/\/ingsw1718.slack.com\/files\/U9CDZPXLN\/FAPD1U6JD\/coveralls_travis-badges.png",
            "permalink_public": "https:\/\/slack-files.com\/T9BAB138B-FAPD1U6JD-b6be90f377",
            "channels": [],
            "groups": [],
            "ims": [],
            "comments_count": 0
        },
        "user": "U9CDZPXLN",
        "upload": true,
        "display_as_bot": false,
        "username": "fabio.calefato",
        "bot_id": null,
        "ts": "1526382507.000195"
    },
    {
        "type": "message",
        "subtype": "file_share",
        "text": "<@U9CDZPXLN> uploaded a file: <https:\/\/ingsw1718.slack.com\/files\/U9CDZPXLN\/FAP8KM6N4\/coveralls_no_badge.png|coveralls_no_badge.png>",
        "file": {
            "id": "FAP8KM6N4",
            "created": 1526382508,
            "timestamp": 1526382508,
            "name": "coveralls_no_badge.png",
            "title": "coveralls_no_badge.png",
            "mimetype": "image\/png",
            "filetype": "png",
            "pretty_type": "PNG",
            "user": "U9CDZPXLN",
            "editable": false,
            "size": 344180,
            "mode": "hosted",
            "is_external": false,
            "external_type": "",
            "is_public": true,
            "public_url_shared": false,
            "display_as_bot": false,
            "username": "",
            "url_private": "https:\/\/files.slack.com\/files-pri\/T9BAB138B-FAP8KM6N4\/coveralls_no_badge.png?t=xoxe-317351037283-365207707586-364511306800-333c6acf63d6b69e07fd249ca7d3d9ee",
            "url_private_download": "https:\/\/files.slack.com\/files-pri\/T9BAB138B-FAP8KM6N4\/download\/coveralls_no_badge.png?t=xoxe-317351037283-365207707586-364511306800-333c6acf63d6b69e07fd249ca7d3d9ee",
            "thumb_64": "https:\/\/files.slack.com\/files-tmb\/T9BAB138B-FAP8KM6N4-be494b7af9\/coveralls_no_badge_64.png?t=xoxe-317351037283-365207707586-364511306800-333c6acf63d6b69e07fd249ca7d3d9ee",
            "thumb_80": "https:\/\/files.slack.com\/files-tmb\/T9BAB138B-FAP8KM6N4-be494b7af9\/coveralls_no_badge_80.png?t=xoxe-317351037283-365207707586-364511306800-333c6acf63d6b69e07fd249ca7d3d9ee",
            "thumb_360": "https:\/\/files.slack.com\/files-tmb\/T9BAB138B-FAP8KM6N4-be494b7af9\/coveralls_no_badge_360.png?t=xoxe-317351037283-365207707586-364511306800-333c6acf63d6b69e07fd249ca7d3d9ee",
            "thumb_360_w": 360,
            "thumb_360_h": 97,
            "thumb_480": "https:\/\/files.slack.com\/files-tmb\/T9BAB138B-FAP8KM6N4-be494b7af9\/coveralls_no_badge_480.png?t=xoxe-317351037283-365207707586-364511306800-333c6acf63d6b69e07fd249ca7d3d9ee",
            "thumb_480_w": 480,
            "thumb_480_h": 130,
            "thumb_160": "https:\/\/files.slack.com\/files-tmb\/T9BAB138B-FAP8KM6N4-be494b7af9\/coveralls_no_badge_160.png?t=xoxe-317351037283-365207707586-364511306800-333c6acf63d6b69e07fd249ca7d3d9ee",
            "thumb_720": "https:\/\/files.slack.com\/files-tmb\/T9BAB138B-FAP8KM6N4-be494b7af9\/coveralls_no_badge_720.png?t=xoxe-317351037283-365207707586-364511306800-333c6acf63d6b69e07fd249ca7d3d9ee",
            "thumb_720_w": 720,
            "thumb_720_h": 195,
            "thumb_800": "https:\/\/files.slack.com\/files-tmb\/T9BAB138B-FAP8KM6N4-be494b7af9\/coveralls_no_badge_800.png?t=xoxe-317351037283-365207707586-364511306800-333c6acf63d6b69e07fd249ca7d3d9ee",
            "thumb_800_w": 800,
            "thumb_800_h": 216,
            "thumb_960": "https:\/\/files.slack.com\/files-tmb\/T9BAB138B-FAP8KM6N4-be494b7af9\/coveralls_no_badge_960.png?t=xoxe-317351037283-365207707586-364511306800-333c6acf63d6b69e07fd249ca7d3d9ee",
            "thumb_960_w": 960,
            "thumb_960_h": 260,
            "thumb_1024": "https:\/\/files.slack.com\/files-tmb\/T9BAB138B-FAP8KM6N4-be494b7af9\/coveralls_no_badge_1024.png?t=xoxe-317351037283-365207707586-364511306800-333c6acf63d6b69e07fd249ca7d3d9ee",
            "thumb_1024_w": 1024,
            "thumb_1024_h": 277,
            "image_exif_rotation": 1,
            "original_w": 1826,
            "original_h": 494,
            "permalink": "https:\/\/ingsw1718.slack.com\/files\/U9CDZPXLN\/FAP8KM6N4\/coveralls_no_badge.png",
            "permalink_public": "https:\/\/slack-files.com\/T9BAB138B-FAP8KM6N4-0cbe8f90ab",
            "channels": [],
            "groups": [],
            "ims": [],
            "comments_count": 0
        },
        "user": "U9CDZPXLN",
        "upload": true,
        "display_as_bot": false,
        "username": "fabio.calefato",
        "bot_id": null,
        "ts": "1526382511.000406"
    },
    {
        "type": "message",
        "subtype": "file_share",
        "text": "<@U9CDZPXLN> uploaded a file: <https:\/\/ingsw1718.slack.com\/files\/U9CDZPXLN\/FAPV28WBU\/add_repo_coveralls.png|add_repo_coveralls.png>",
        "file": {
            "id": "FAPV28WBU",
            "created": 1526382512,
            "timestamp": 1526382512,
            "name": "add_repo_coveralls.png",
            "title": "add_repo_coveralls.png",
            "mimetype": "image\/png",
            "filetype": "png",
            "pretty_type": "PNG",
            "user": "U9CDZPXLN",
            "editable": false,
            "size": 427365,
            "mode": "hosted",
            "is_external": false,
            "external_type": "",
            "is_public": true,
            "public_url_shared": false,
            "display_as_bot": false,
            "username": "",
            "url_private": "https:\/\/files.slack.com\/files-pri\/T9BAB138B-FAPV28WBU\/add_repo_coveralls.png?t=xoxe-317351037283-365207707586-364511306800-333c6acf63d6b69e07fd249ca7d3d9ee",
            "url_private_download": "https:\/\/files.slack.com\/files-pri\/T9BAB138B-FAPV28WBU\/download\/add_repo_coveralls.png?t=xoxe-317351037283-365207707586-364511306800-333c6acf63d6b69e07fd249ca7d3d9ee",
            "thumb_64": "https:\/\/files.slack.com\/files-tmb\/T9BAB138B-FAPV28WBU-83d24b6dc7\/add_repo_coveralls_64.png?t=xoxe-317351037283-365207707586-364511306800-333c6acf63d6b69e07fd249ca7d3d9ee",
            "thumb_80": "https:\/\/files.slack.com\/files-tmb\/T9BAB138B-FAPV28WBU-83d24b6dc7\/add_repo_coveralls_80.png?t=xoxe-317351037283-365207707586-364511306800-333c6acf63d6b69e07fd249ca7d3d9ee",
            "thumb_360": "https:\/\/files.slack.com\/files-tmb\/T9BAB138B-FAPV28WBU-83d24b6dc7\/add_repo_coveralls_360.png?t=xoxe-317351037283-365207707586-364511306800-333c6acf63d6b69e07fd249ca7d3d9ee",
            "thumb_360_w": 360,
            "thumb_360_h": 216,
            "thumb_480": "https:\/\/files.slack.com\/files-tmb\/T9BAB138B-FAPV28WBU-83d24b6dc7\/add_repo_coveralls_480.png?t=xoxe-317351037283-365207707586-364511306800-333c6acf63d6b69e07fd249ca7d3d9ee",
            "thumb_480_w": 480,
            "thumb_480_h": 288,
            "thumb_160": "https:\/\/files.slack.com\/files-tmb\/T9BAB138B-FAPV28WBU-83d24b6dc7\/add_repo_coveralls_160.png?t=xoxe-317351037283-365207707586-364511306800-333c6acf63d6b69e07fd249ca7d3d9ee",
            "thumb_720": "https:\/\/files.slack.com\/files-tmb\/T9BAB138B-FAPV28WBU-83d24b6dc7\/add_repo_coveralls_720.png?t=xoxe-317351037283-365207707586-364511306800-333c6acf63d6b69e07fd249ca7d3d9ee",
            "thumb_720_w": 720,
            "thumb_720_h": 432,
            "thumb_800": "https:\/\/files.slack.com\/files-tmb\/T9BAB138B-FAPV28WBU-83d24b6dc7\/add_repo_coveralls_800.png?t=xoxe-317351037283-365207707586-364511306800-333c6acf63d6b69e07fd249ca7d3d9ee",
            "thumb_800_w": 800,
            "thumb_800_h": 481,
            "thumb_960": "https:\/\/files.slack.com\/files-tmb\/T9BAB138B-FAPV28WBU-83d24b6dc7\/add_repo_coveralls_960.png?t=xoxe-317351037283-365207707586-364511306800-333c6acf63d6b69e07fd249ca7d3d9ee",
            "thumb_960_w": 960,
            "thumb_960_h": 577,
            "thumb_1024": "https:\/\/files.slack.com\/files-tmb\/T9BAB138B-FAPV28WBU-83d24b6dc7\/add_repo_coveralls_1024.png?t=xoxe-317351037283-365207707586-364511306800-333c6acf63d6b69e07fd249ca7d3d9ee",
            "thumb_1024_w": 1024,
            "thumb_1024_h": 615,
            "image_exif_rotation": 1,
            "original_w": 1272,
            "original_h": 764,
            "permalink": "https:\/\/ingsw1718.slack.com\/files\/U9CDZPXLN\/FAPV28WBU\/add_repo_coveralls.png",
            "permalink_public": "https:\/\/slack-files.com\/T9BAB138B-FAPV28WBU-c6ff635925",
            "channels": [],
            "groups": [],
            "ims": [],
            "comments_count": 0
        },
        "user": "U9CDZPXLN",
        "upload": true,
        "display_as_bot": false,
        "username": "fabio.calefato",
        "bot_id": null,
        "ts": "1526382516.000149"
    },
    {
        "type": "message",
        "subtype": "file_share",
        "text": "<@U9CDZPXLN> uploaded a file: <https:\/\/ingsw1718.slack.com\/files\/U9CDZPXLN\/FAPV2A1EE\/badgetravis.png|BadgeTravis.png>",
        "file": {
            "id": "FAPV2A1EE",
            "created": 1526382516,
            "timestamp": 1526382516,
            "name": "BadgeTravis.png",
            "title": "BadgeTravis.png",
            "mimetype": "image\/png",
            "filetype": "png",
            "pretty_type": "PNG",
            "user": "U9CDZPXLN",
            "editable": false,
            "size": 25082,
            "mode": "hosted",
            "is_external": false,
            "external_type": "",
            "is_public": true,
            "public_url_shared": false,
            "display_as_bot": false,
            "username": "",
            "url_private": "https:\/\/files.slack.com\/files-pri\/T9BAB138B-FAPV2A1EE\/badgetravis.png?t=xoxe-317351037283-365207707586-364511306800-333c6acf63d6b69e07fd249ca7d3d9ee",
            "url_private_download": "https:\/\/files.slack.com\/files-pri\/T9BAB138B-FAPV2A1EE\/download\/badgetravis.png?t=xoxe-317351037283-365207707586-364511306800-333c6acf63d6b69e07fd249ca7d3d9ee",
            "thumb_64": "https:\/\/files.slack.com\/files-tmb\/T9BAB138B-FAPV2A1EE-2578141ace\/badgetravis_64.png?t=xoxe-317351037283-365207707586-364511306800-333c6acf63d6b69e07fd249ca7d3d9ee",
            "thumb_80": "https:\/\/files.slack.com\/files-tmb\/T9BAB138B-FAPV2A1EE-2578141ace\/badgetravis_80.png?t=xoxe-317351037283-365207707586-364511306800-333c6acf63d6b69e07fd249ca7d3d9ee",
            "thumb_360": "https:\/\/files.slack.com\/files-tmb\/T9BAB138B-FAPV2A1EE-2578141ace\/badgetravis_360.png?t=xoxe-317351037283-365207707586-364511306800-333c6acf63d6b69e07fd249ca7d3d9ee",
            "thumb_360_w": 360,
            "thumb_360_h": 50,
            "thumb_480": "https:\/\/files.slack.com\/files-tmb\/T9BAB138B-FAPV2A1EE-2578141ace\/badgetravis_480.png?t=xoxe-317351037283-365207707586-364511306800-333c6acf63d6b69e07fd249ca7d3d9ee",
            "thumb_480_w": 480,
            "thumb_480_h": 66,
            "thumb_160": "https:\/\/files.slack.com\/files-tmb\/T9BAB138B-FAPV2A1EE-2578141ace\/badgetravis_160.png?t=xoxe-317351037283-365207707586-364511306800-333c6acf63d6b69e07fd249ca7d3d9ee",
            "image_exif_rotation": 1,
            "original_w": 720,
            "original_h": 99,
            "permalink": "https:\/\/ingsw1718.slack.com\/files\/U9CDZPXLN\/FAPV2A1EE\/badgetravis.png",
            "permalink_public": "https:\/\/slack-files.com\/T9BAB138B-FAPV2A1EE-1721dc58d6",
            "channels": [],
            "groups": [],
            "ims": [],
            "comments_count": 0
        },
        "user": "U9CDZPXLN",
        "upload": true,
        "display_as_bot": false,
        "username": "fabio.calefato",
        "bot_id": null,
        "ts": "1526382518.000110"
    },
    {
        "type": "message",
        "user": "U9PLQ0F47",
        "text": "<@U9CDZPXLN> Abbiamo seguito la sua guida per la configurazione di Coveralls, ma Travis-Ci ci blocca dando il seguente errore:\n rake aborted!\nNo Rakefile found (looking for: rakefile, Rakefile, rakefile.rb, Rakefile.rb)\n\/home\/travis\/.rvm\/gems\/ruby-2.4.1@global\/gems\/rake-12.3.0\/exe\/rake:27:in `&lt;top (required)&gt;'\n(See full trace by running task with --trace)",
        "ts": "1526384218.000225"
    },
    {
        "type": "message",
        "user": "U9CDZPXLN",
        "text": "mmm e da dove viene sto file ruby?!?",
        "ts": "1526384279.000474"
    },
    {
        "type": "message",
        "user": "U9CDZPXLN",
        "text": "un attimo, controllo",
        "ts": "1526384284.000340"
    },
    {
        "type": "message",
        "user": "U9L0877K5",
        "text": "<@U9CDZPXLN> professore potrebbe essere che manca un comando alla fine di .travis.yml come ha fatto vedere a lezione?",
        "client_msg_id": "c391a334-4566-4087-9009-bb58628fdc82",
        "ts": "1526384383.000447",
        "reactions": [
            {
                "name": "+1",
                "users": [
                    "U9CDZPXLN",
                    "UA2DNR4F4"
                ],
                "count": 2
            }
        ]
    },
    {
        "type": "message",
        "user": "U9CDZPXLN",
        "text": "cacchio, hai ragione, non l’ho copiato!!!",
        "ts": "1526384417.000324"
    },
    {
        "type": "message",
        "user": "U9CDZPXLN",
        "text": "correggo subito, tks",
        "ts": "1526384431.000051"
    },
    {
        "type": "message",
        "user": "U9CDZPXLN",
        "text": "<!everyone> Grazie <@U9L0877K5>, il passo 4 aveva delle istruzioni mancanti per il file `.travis.yml`.",
        "edited": {
            "user": "U9CDZPXLN",
            "ts": "1526390161.000000"
        },
        "ts": "1526384591.000362"
    },
    {
        "type": "message",
        "user": "U9CDZPXLN",
        "text": "E’ stato aggiornato, controllate daccapo",
        "ts": "1526384614.000112"
    },
    {
        "type": "message",
        "user": "U9CDZPXLN",
        "text": "<!everyone>, se non riuscite a visualizzare il codice per l’embed della figura, cliccate sulla sx, dove dice “Settings”",
        "ts": "1526387341.000481"
    },
    {
        "type": "message",
        "user": "U9CDZPXLN",
        "text": "<https:\/\/coveralls.io\/github\/softeng-inf-uniba\/progetto1718-&lt;NOMEGRUPPO&gt;\/settings>",
        "ts": "1526387353.000346"
    },
    {
        "type": "message",
        "user": "U9QLDMNDV",
        "text": "<@U9CDZPXLN> professore ho notato che il file gradlew.bat nel README.md è scritto gradle.bat",
        "client_msg_id": "16AD5A50-1BCB-4818-88CF-6B842D5728DB",
        "ts": "1526401870.000294"
    },
    {
        "type": "message",
        "user": "U9CDZPXLN",
        "text": "Ma è in una parte che non concerne le modifiche di oggi (coveralls)?",
        "client_msg_id": "a3ed923e-bdd7-4df0-a35d-e811b5e9325e",
        "thread_ts": "1526404738.000666",
        "reply_count": 1,
        "replies": [
            {
                "user": "U9Q9CDE0P",
                "ts": "1526404992.000627"
            }
        ],
        "unread_count": 1,
        "ts": "1526404738.000666"
    },
    {
        "type": "message",
        "user": "U9CDZPXLN",
        "text": "Ok, era nella struttura ad albero pre-esistente. Corretto",
        "client_msg_id": "0db42fa4-6511-4d15-9e72-7f9dfe832a23",
        "ts": "1526404992.000012"
    },
    {
        "type": "message",
        "user": "U9Q9CDE0P",
        "text": "Si professore, non concerne coveralls ma volevamo segnalarlo in caso in cui si fosse presentata la stessa imprecisione anche nei progetti di altre persone",
        "client_msg_id": "9ffec2af-a7af-4680-91e6-6a926034cbfb",
        "thread_ts": "1526404738.000666",
        "parent_user_id": "U9CDZPXLN",
        "ts": "1526404992.000627",
        "reactions": [
            {
                "name": "+1",
                "users": [
                    "U9CDZPXLN"
                ],
                "count": 1
            }
        ]
    },
    {
        "type": "message",
        "user": "U9CDZPXLN",
        "text": "Correggete pure nei vostri README.md",
        "client_msg_id": "5f60945b-5d0c-4931-af25-54b544f4bc37",
        "ts": "1526405154.000117",
        "reactions": [
            {
                "name": "+1",
                "users": [
                    "U9Q9CDE0P",
                    "U9NCNLL83",
                    "U9MNETCD6",
                    "U9QLDMNDV"
                ],
                "count": 4
            }
        ]
    }
]