[
    {
        "type": "message",
        "user": "U9PP54E4D",
        "text": ":small_red_triangle:Mention: parametro utente:small_red_triangle:\ncome già discusso dagli altri colleghi il problema è quale parametro inserire per le mention.\nNel caso avessimo due utenti omonimi, all’interno del workspace, o ancora più semplicemente, un utente che si è iscritto due volte al workspace, cancellando il vecchio account (quindi, ciò non toglie che possa aver inviato messaggi e aver fatto mention); nel momento in cui chiediamo l’utente di cui ricevere le mention: il risultato non è affidabile! In quanto restituirà (le mentions) di un user casuale (la prima occorrenza ad esempio) tra quelli con lo stesso display_name, real_name o name; perchè questi parametri non sono univoci e quindi non permettono di identificare univocamente un utente.\nQuesto perchè quando selezioniamo tramite l’UI di slack un user per mensionarlo, slack ci fa visualizzare l’immagine il display_name e il real_name per aiutarci a identificare con queste informazioni l’utente, ma una volta selezionato l’utente, Slack utilizza id dell’user per memorizzare la mention; ragionevolmente perchè non penso tutti riesconano ricordarsi l’id, essendo una stringa di caratteri e numeri senza significato. D’altronde, come già constatato da <@U9JS0QR60>, utilizzare il parametro name poterebbe comunque a visualizzare mention apparentemente uguali ma fatte da user differenti. La soluzione, quindi, a meno di disambiguare l’utente richiedendo una seconda interazione è di utilizzare gli id.",
        "edited": {
            "user": "U9PP54E4D",
            "ts": "1526151926.000000"
        },
        "thread_ts": "1526150342.000122",
        "reply_count": 2,
        "replies": [
            {
                "user": "U9P5NTBML",
                "ts": "1526152949.000004"
            },
            {
                "user": "U9PP54E4D",
                "ts": "1526157350.000059"
            }
        ],
        "unread_count": 2,
        "ts": "1526150342.000122"
    },
    {
        "type": "message",
        "user": "U9P5NTBML",
        "text": "Oppure semplicemente quando interroghi la tua lista in cerca del mention interessato verifica quanti user ritorna, e ovviamente se sono più di uno accanto al nome ci metti l'id nella stampa, perché ci sono omonimi.",
        "client_msg_id": "92f37b69-668b-4f89-9f5d-322e3a9e3a40",
        "thread_ts": "1526150342.000122",
        "parent_user_id": "U9PP54E4D",
        "ts": "1526152949.000004"
    },
    {
        "type": "message",
        "user": "U9PP54E4D",
        "text": "La tua soluzione va bene quando visualizzi le mention di un user inserito. \nMentre quando visualizziamo tutte le mention (sia di un singolo channel che del intero workspace) posporre l'id nella stampa ai soli member con possibili parametri duplicati implica: controllare se ci sono display_name duplicati, per i member senza quel parametro controllare se ci sono real_name duplicati e per quelli senza neanche real_name controllare eventuali duplicati di name; quindi a tali members posporre la stampa del id.\n\nIn ogni caso, secondo il mio parere personale in questo modo stiamo mettendo una “pezza”, senza risolvere il problema!\nIn quanto non sto più visualizzando le mention di un utente ma mention di piu utenti.",
        "client_msg_id": "641A3CE1-3F22-4870-9583-E0F83F9A4434",
        "thread_ts": "1526150342.000122",
        "parent_user_id": "U9PP54E4D",
        "ts": "1526157350.000059"
    }
]