[
    {
        "type": "message",
        "subtype": "file_share",
        "text": "<@U9BD7NMPC> shared a file: <https:\/\/ingsw1718.slack.com\/files\/U9BD7NMPC\/FAC1ZSK4L\/Definition_of_Done__DoD__Sprint_1.md|Definition of Done (DoD) Sprint 1>",
        "file": {
            "id": "FAC1ZSK4L",
            "created": 1524584032,
            "timestamp": 1524584032,
            "name": "Definition_of_Done__DoD__Sprint_1.md",
            "title": "Definition of Done (DoD) Sprint 1",
            "mimetype": "text\/plain",
            "filetype": "markdown",
            "pretty_type": "Markdown (raw)",
            "user": "U9BD7NMPC",
            "editable": true,
            "size": 336,
            "mode": "snippet",
            "is_external": false,
            "external_type": "",
            "is_public": true,
            "public_url_shared": false,
            "display_as_bot": false,
            "username": "",
            "url_private": "https:\/\/files.slack.com\/files-pri\/T9BAB138B-FAC1ZSK4L\/Definition_of_Done__DoD__Sprint_1.md?t=xoxe-317351037283-365207707586-364511306800-333c6acf63d6b69e07fd249ca7d3d9ee",
            "url_private_download": "https:\/\/files.slack.com\/files-pri\/T9BAB138B-FAC1ZSK4L\/download\/Definition_of_Done__DoD__Sprint_1.md?t=xoxe-317351037283-365207707586-364511306800-333c6acf63d6b69e07fd249ca7d3d9ee",
            "permalink": "https:\/\/ingsw1718.slack.com\/files\/U9BD7NMPC\/FAC1ZSK4L\/Definition_of_Done__DoD__Sprint_1.md",
            "permalink_public": "https:\/\/slack-files.com\/T9BAB138B-FAC1ZSK4L-a840ce52dd",
            "edit_link": "https:\/\/ingsw1718.slack.com\/files\/U9BD7NMPC\/FAC1ZSK4L\/Definition_of_Done__DoD__Sprint_1.md\/edit",
            "preview": "Lista di criteri che devono essere soddisfatti per qualsiasi user story\r\n- C'è un issue con label 'user story'\r\n- Assegnazione a uno o al più due componenti del team\r\n- I commit devono avere una descrizione significativa\r\n- C'è una Pull Request (PR) che corrisponde alla user story\r",
            "preview_highlight": "<div class=\"CodeMirror cm-s-default CodeMirrorServer\" oncopy=\"if(event.clipboardData){event.clipboardData.setData('text\/plain',window.getSelection().toString().replace(\/\\u200b\/g,''));event.preventDefault();event.stopPropagation();}\">\n<div class=\"CodeMirror-code\">\n<div><pre>Lista di criteri che devono essere soddisfatti per qualsiasi user story<\/pre><\/div>\n<div><pre>- C'è un issue con label 'user story'<\/pre><\/div>\n<div><pre>- Assegnazione a uno o al più due componenti del team<\/pre><\/div>\n<div><pre>- I commit devono avere una descrizione significativa<\/pre><\/div>\n<div><pre>- C'è una Pull Request (PR) che corrisponde alla user story<\/pre><\/div>\n<\/div>\n<\/div>\n",
            "lines": 11,
            "lines_more": 6,
            "preview_is_truncated": false,
            "channels": [],
            "groups": [],
            "ims": [],
            "comments_count": 1,
            "num_stars": 1,
            "reactions": [
                {
                    "name": "+1",
                    "users": [
                        "U9N6Y2L9W",
                        "U9PUAUSRM"
                    ],
                    "count": 2
                }
            ]
        },
        "user": "U9BD7NMPC",
        "upload": false,
        "display_as_bot": false,
        "username": "filippo.lanubile",
        "bot_id": null,
        "ts": "1524753350.000684"
    },
    {
        "type": "message",
        "subtype": "file_comment",
        "text": "<@U9BD7NMPC> commented on <@U9BD7NMPC>’s file <https:\/\/ingsw1718.slack.com\/files\/U9BD7NMPC\/FAC1ZSK4L\/Definition_of_Done__DoD__Sprint_1.md|Definition of Done (DoD) Sprint 1>: Come anticipato a lezione.",
        "file": {
            "id": "FAC1ZSK4L",
            "created": 1524584032,
            "timestamp": 1524584032,
            "name": "Definition_of_Done__DoD__Sprint_1.md",
            "title": "Definition of Done (DoD) Sprint 1",
            "mimetype": "text\/plain",
            "filetype": "markdown",
            "pretty_type": "Markdown (raw)",
            "user": "U9BD7NMPC",
            "editable": true,
            "size": 336,
            "mode": "snippet",
            "is_external": false,
            "external_type": "",
            "is_public": true,
            "public_url_shared": false,
            "display_as_bot": false,
            "username": "",
            "url_private": "https:\/\/files.slack.com\/files-pri\/T9BAB138B-FAC1ZSK4L\/Definition_of_Done__DoD__Sprint_1.md?t=xoxe-317351037283-365207707586-364511306800-333c6acf63d6b69e07fd249ca7d3d9ee",
            "url_private_download": "https:\/\/files.slack.com\/files-pri\/T9BAB138B-FAC1ZSK4L\/download\/Definition_of_Done__DoD__Sprint_1.md?t=xoxe-317351037283-365207707586-364511306800-333c6acf63d6b69e07fd249ca7d3d9ee",
            "permalink": "https:\/\/ingsw1718.slack.com\/files\/U9BD7NMPC\/FAC1ZSK4L\/Definition_of_Done__DoD__Sprint_1.md",
            "permalink_public": "https:\/\/slack-files.com\/T9BAB138B-FAC1ZSK4L-a840ce52dd",
            "edit_link": "https:\/\/ingsw1718.slack.com\/files\/U9BD7NMPC\/FAC1ZSK4L\/Definition_of_Done__DoD__Sprint_1.md\/edit",
            "preview": "Lista di criteri che devono essere soddisfatti per qualsiasi user story\r\n- C'è un issue con label 'user story'\r\n- Assegnazione a uno o al più due componenti del team\r\n- I commit devono avere una descrizione significativa\r\n- C'è una Pull Request (PR) che corrisponde alla user story\r",
            "preview_highlight": "<div class=\"CodeMirror cm-s-default CodeMirrorServer\" oncopy=\"if(event.clipboardData){event.clipboardData.setData('text\/plain',window.getSelection().toString().replace(\/\\u200b\/g,''));event.preventDefault();event.stopPropagation();}\">\n<div class=\"CodeMirror-code\">\n<div><pre>Lista di criteri che devono essere soddisfatti per qualsiasi user story<\/pre><\/div>\n<div><pre>- C'è un issue con label 'user story'<\/pre><\/div>\n<div><pre>- Assegnazione a uno o al più due componenti del team<\/pre><\/div>\n<div><pre>- I commit devono avere una descrizione significativa<\/pre><\/div>\n<div><pre>- C'è una Pull Request (PR) che corrisponde alla user story<\/pre><\/div>\n<\/div>\n<\/div>\n",
            "lines": 11,
            "lines_more": 6,
            "preview_is_truncated": false,
            "channels": [],
            "groups": [],
            "ims": [],
            "comments_count": 1,
            "num_stars": 1,
            "reactions": [
                {
                    "name": "+1",
                    "users": [
                        "U9N6Y2L9W",
                        "U9PUAUSRM"
                    ],
                    "count": 2
                }
            ]
        },
        "comment": {
            "id": "FcADPRSL58",
            "created": 1524753351,
            "timestamp": 1524753351,
            "user": "U9BD7NMPC",
            "is_intro": false,
            "comment": "Come anticipato a lezione."
        },
        "is_intro": false,
        "ts": "1524753351.000162"
    }
]