[
    {
        "type": "message",
        "user": "U9BD7NMPC",
        "text": "<!everyone> Travis-CI sta funzionando di nuovo velocemente perché non c'è traffico (evidentemente avete di meglio da fare il venerdì sera). Se si dovesse ripresentare una situazione di congestione, potreste autonomamente andare nella configurazione di Travis CI, come da guida delle studente, e mettere in posizione *OFF* l'opzione _Build pushed branches_. Passata la congestione, potrete rimettere l'opzione settata a *ON*.",
        "ts": "1525455174.000046",
        "reactions": [
            {
                "name": "+1",
                "users": [
                    "U9MQSS657",
                    "U9MNETCD6",
                    "U9P3D2S8Z",
                    "U9PNL8V9U",
                    "U9N6Y2L9W",
                    "U9P21SKA6",
                    "U9MML6PLG",
                    "U9PDKF5JB",
                    "U9Q9CDE0P"
                ],
                "count": 9
            }
        ]
    }
]