[
    {
        "type": "message",
        "subtype": "file_share",
        "text": "<@U9PUAUSRM> uploaded a file: <https:\/\/ingsw1718.slack.com\/files\/U9PUAUSRM\/FAL45A3GQ\/-.txt|Untitled> and commented: Il plugin di gradle di FindBugs produce un file XML, è possibile creare un file html più leggibile aggiungendo il seguente snippet al file build.gradle (va aggiunto sotto, non dentro, il blocco relativo a findbugs)",
        "file": {
            "id": "FAL45A3GQ",
            "created": 1525866897,
            "timestamp": 1525866897,
            "name": "-.txt",
            "title": "Untitled",
            "mimetype": "text\/plain",
            "filetype": "text",
            "pretty_type": "Plain Text",
            "user": "U9PUAUSRM",
            "editable": true,
            "size": 105,
            "mode": "snippet",
            "is_external": false,
            "external_type": "",
            "is_public": true,
            "public_url_shared": false,
            "display_as_bot": false,
            "username": "",
            "url_private": "https:\/\/files.slack.com\/files-pri\/T9BAB138B-FAL45A3GQ\/-.txt?t=xoxe-317351037283-365207707586-364511306800-333c6acf63d6b69e07fd249ca7d3d9ee",
            "url_private_download": "https:\/\/files.slack.com\/files-pri\/T9BAB138B-FAL45A3GQ\/download\/-.txt?t=xoxe-317351037283-365207707586-364511306800-333c6acf63d6b69e07fd249ca7d3d9ee",
            "permalink": "https:\/\/ingsw1718.slack.com\/files\/U9PUAUSRM\/FAL45A3GQ\/-.txt",
            "permalink_public": "https:\/\/slack-files.com\/T9BAB138B-FAL45A3GQ-8e1fcf3b6f",
            "edit_link": "https:\/\/ingsw1718.slack.com\/files\/U9PUAUSRM\/FAL45A3GQ\/-.txt\/edit",
            "preview": "tasks.withType(FindBugs) {\r\n    reports {\r\n        xml.enabled false\r\n        html.enabled true\r\n    }\r",
            "preview_highlight": "<div class=\"CodeMirror cm-s-default CodeMirrorServer\" oncopy=\"if(event.clipboardData){event.clipboardData.setData('text\/plain',window.getSelection().toString().replace(\/\\u200b\/g,''));event.preventDefault();event.stopPropagation();}\">\n<div class=\"CodeMirror-code\">\n<div><pre>tasks.withType(FindBugs) {<\/pre><\/div>\n<div><pre>    reports {<\/pre><\/div>\n<div><pre>        xml.enabled false<\/pre><\/div>\n<div><pre>        html.enabled true<\/pre><\/div>\n<div><pre>    }<\/pre><\/div>\n<div><pre><\/pre><\/div>\n<\/div>\n<\/div>\n",
            "lines": 6,
            "lines_more": 1,
            "preview_is_truncated": false,
            "channels": [],
            "groups": [],
            "ims": [],
            "comments_count": 2,
            "initial_comment": {
                "id": "FcALUPR05T",
                "created": 1525866897,
                "timestamp": 1525866897,
                "user": "U9PUAUSRM",
                "is_intro": true,
                "comment": "Il plugin di gradle di FindBugs produce un file XML, è possibile creare un file html più leggibile aggiungendo il seguente snippet al file build.gradle (va aggiunto sotto, non dentro, il blocco relativo a findbugs)"
            },
            "reactions": [
                {
                    "name": "+1",
                    "users": [
                        "U9BD7NMPC",
                        "U9N9XTY8H"
                    ],
                    "count": 2
                }
            ]
        },
        "user": "U9PUAUSRM",
        "upload": true,
        "display_as_bot": false,
        "username": "p.lippolis10",
        "bot_id": null,
        "ts": "1525866897.000392"
    },
    {
        "type": "message",
        "subtype": "file_comment",
        "text": "<@U9BD7NMPC> commented on <@U9PUAUSRM>’s file <https:\/\/ingsw1718.slack.com\/files\/U9PUAUSRM\/FAL45A3GQ\/-.txt|Untitled>: <@U9N8CNHK2> Potrebbe esserti utile?",
        "file": {
            "id": "FAL45A3GQ",
            "created": 1525866897,
            "timestamp": 1525866897,
            "name": "-.txt",
            "title": "Untitled",
            "mimetype": "text\/plain",
            "filetype": "text",
            "pretty_type": "Plain Text",
            "user": "U9PUAUSRM",
            "editable": true,
            "size": 105,
            "mode": "snippet",
            "is_external": false,
            "external_type": "",
            "is_public": true,
            "public_url_shared": false,
            "display_as_bot": false,
            "username": "",
            "url_private": "https:\/\/files.slack.com\/files-pri\/T9BAB138B-FAL45A3GQ\/-.txt?t=xoxe-317351037283-365207707586-364511306800-333c6acf63d6b69e07fd249ca7d3d9ee",
            "url_private_download": "https:\/\/files.slack.com\/files-pri\/T9BAB138B-FAL45A3GQ\/download\/-.txt?t=xoxe-317351037283-365207707586-364511306800-333c6acf63d6b69e07fd249ca7d3d9ee",
            "permalink": "https:\/\/ingsw1718.slack.com\/files\/U9PUAUSRM\/FAL45A3GQ\/-.txt",
            "permalink_public": "https:\/\/slack-files.com\/T9BAB138B-FAL45A3GQ-8e1fcf3b6f",
            "edit_link": "https:\/\/ingsw1718.slack.com\/files\/U9PUAUSRM\/FAL45A3GQ\/-.txt\/edit",
            "preview": "tasks.withType(FindBugs) {\r\n    reports {\r\n        xml.enabled false\r\n        html.enabled true\r\n    }\r",
            "preview_highlight": "<div class=\"CodeMirror cm-s-default CodeMirrorServer\" oncopy=\"if(event.clipboardData){event.clipboardData.setData('text\/plain',window.getSelection().toString().replace(\/\\u200b\/g,''));event.preventDefault();event.stopPropagation();}\">\n<div class=\"CodeMirror-code\">\n<div><pre>tasks.withType(FindBugs) {<\/pre><\/div>\n<div><pre>    reports {<\/pre><\/div>\n<div><pre>        xml.enabled false<\/pre><\/div>\n<div><pre>        html.enabled true<\/pre><\/div>\n<div><pre>    }<\/pre><\/div>\n<div><pre><\/pre><\/div>\n<\/div>\n<\/div>\n",
            "lines": 6,
            "lines_more": 1,
            "preview_is_truncated": false,
            "channels": [],
            "groups": [],
            "ims": [],
            "comments_count": 2,
            "initial_comment": {
                "id": "FcALUPR05T",
                "created": 1525866897,
                "timestamp": 1525866897,
                "user": "U9PUAUSRM",
                "is_intro": true,
                "comment": "Il plugin di gradle di FindBugs produce un file XML, è possibile creare un file html più leggibile aggiungendo il seguente snippet al file build.gradle (va aggiunto sotto, non dentro, il blocco relativo a findbugs)"
            },
            "reactions": [
                {
                    "name": "+1",
                    "users": [
                        "U9BD7NMPC",
                        "U9N9XTY8H"
                    ],
                    "count": 2
                }
            ]
        },
        "comment": {
            "id": "FcALJ3E3HS",
            "created": 1525867459,
            "timestamp": 1525867459,
            "user": "U9BD7NMPC",
            "is_intro": false,
            "comment": "<@U9N8CNHK2> Potrebbe esserti utile?"
        },
        "is_intro": false,
        "ts": "1525867459.000278"
    },
    {
        "type": "message",
        "user": "U9BD7NMPC",
        "text": "<!everyone> Come mi ha fatto notare un vostro collega, la modifica del file .gitignore rallenta i commit. Il nostro obiettivo era avere almeno una copia dei vostri report visualizzabile sui repository di GitHub. Se i report ci sono già, potete ripristinare il file .gitignore allo stato precedente. Ripeto, per noi è importante avere già una copia dei report da analizzare. Successivamente vi chiederemo di ripristinare la versione modificata.",
        "ts": "1525867611.000472"
    },
    {
        "type": "message",
        "user": "U9P6VLG6A",
        "text": "Lo stesso risultato lo puo visualizzare tramite travis-ci nel logjob di ogni commit buildato. Nn so se puo vedere le build di ogni gruppo tramite travis",
        "client_msg_id": "e0e8d008-d11f-4599-9613-b23172415e7f",
        "ts": "1525868132.000272"
    },
    {
        "type": "message",
        "user": "U9P6VLG6A",
        "text": "Non e' formattato in html pero'",
        "client_msg_id": "75e43301-d5f7-4383-bf1d-653469675441",
        "ts": "1525868178.000116"
    },
    {
        "type": "message",
        "user": "U9BD7NMPC",
        "text": "Non è comodo. Nello Sprint 3 chiederò di caricare i report prima della consegna. Per ora va bene avere una copia che riflette lo stato attuale. Si può quindi ripristinare il vecchio file .gitignore",
        "edited": {
            "user": "U9BD7NMPC",
            "ts": "1525883000.000000"
        },
        "ts": "1525881981.000047"
    },
    {
        "type": "message",
        "user": "U9BD7NMPC",
        "text": "<!everyone> La scadenza dello Sprint 2 è prevista in coincidenza della lezione di lunedì 14 maggio. Come per lo Sprint 1, dovete annunciare la chiusura dello sprint postando il nome del gruppo nel channel <#C9BD9G3AN|consegne>*. Oltre al nome del gruppo, caricate un *text snippet* con un esempio completo del comando per ogni user story rilasciata.",
        "ts": "1525882978.000484"
    }
]