[
    {
        "type": "message",
        "user": "UAAHRETFU",
        "text": "",
        "bot_id": "BAAAZG2DS",
        "attachments": [
            {
                "fallback": "[softeng-inf-uniba\/base1718] Issue closed by lanubile",
                "pretext": "Issue closed by lanubile",
                "title": "#22 In qualità di utente voglio visualizzare la lista dei Member",
                "footer": "<https:\/\/github.com\/softeng-inf-uniba\/base1718|softeng-inf-uniba\/base1718>",
                "id": 1,
                "title_link": "https:\/\/github.com\/softeng-inf-uniba\/base1718\/issues\/22",
                "footer_icon": "https:\/\/assets-cdn.github.com\/favicon.ico",
                "ts": 1524483537,
                "color": "cb2431",
                "mrkdwn_in": [
                    "text"
                ]
            }
        ],
        "ts": "1525345847.000081"
    },
    {
        "type": "message",
        "user": "UAAHRETFU",
        "text": "",
        "bot_id": "BAAAZG2DS",
        "attachments": [
            {
                "fallback": "[softeng-inf-uniba\/base1718] Issue closed by lanubile",
                "pretext": "Issue closed by lanubile",
                "title": "#23 In qualità di utente voglio visualizzare la lista dei Channel",
                "footer": "<https:\/\/github.com\/softeng-inf-uniba\/base1718|softeng-inf-uniba\/base1718>",
                "id": 1,
                "title_link": "https:\/\/github.com\/softeng-inf-uniba\/base1718\/issues\/23",
                "footer_icon": "https:\/\/assets-cdn.github.com\/favicon.ico",
                "ts": 1524484361,
                "color": "cb2431",
                "mrkdwn_in": [
                    "text"
                ]
            }
        ],
        "ts": "1525345847.000085"
    },
    {
        "type": "message",
        "user": "UAAHRETFU",
        "text": "",
        "bot_id": "BAAAZG2DS",
        "attachments": [
            {
                "fallback": "[softeng-inf-uniba\/base1718] Issue closed by lanubile",
                "pretext": "Issue closed by lanubile",
                "title": "#24 In qualità di utente voglio visualizzare la lista dei Member raggruppati per Channel",
                "footer": "<https:\/\/github.com\/softeng-inf-uniba\/base1718|softeng-inf-uniba\/base1718>",
                "id": 1,
                "title_link": "https:\/\/github.com\/softeng-inf-uniba\/base1718\/issues\/24",
                "footer_icon": "https:\/\/assets-cdn.github.com\/favicon.ico",
                "ts": 1524484415,
                "color": "cb2431",
                "mrkdwn_in": [
                    "text"
                ]
            }
        ],
        "ts": "1525345847.000143"
    },
    {
        "type": "message",
        "user": "UAAHRETFU",
        "text": "",
        "bot_id": "BAAAZG2DS",
        "attachments": [
            {
                "fallback": "[softeng-inf-uniba\/base1718] Issue closed by lanubile",
                "pretext": "Issue closed by lanubile",
                "title": "#25 In qualità di utente voglio visualizzare la lista dei Member di un Channel",
                "footer": "<https:\/\/github.com\/softeng-inf-uniba\/base1718|softeng-inf-uniba\/base1718>",
                "id": 1,
                "title_link": "https:\/\/github.com\/softeng-inf-uniba\/base1718\/issues\/25",
                "footer_icon": "https:\/\/assets-cdn.github.com\/favicon.ico",
                "ts": 1524484509,
                "color": "cb2431",
                "mrkdwn_in": [
                    "text"
                ]
            }
        ],
        "ts": "1525345847.000202"
    },
    {
        "type": "message",
        "user": "UAAHRETFU",
        "text": "",
        "bot_id": "BAAAZG2DS",
        "attachments": [
            {
                "fallback": "[softeng-inf-uniba\/base1718] Issue closed by lanubile",
                "pretext": "Issue closed by lanubile",
                "title": "#26 In qualità di utente voglio poter avere informazioni di help",
                "footer": "<https:\/\/github.com\/softeng-inf-uniba\/base1718|softeng-inf-uniba\/base1718>",
                "id": 1,
                "title_link": "https:\/\/github.com\/softeng-inf-uniba\/base1718\/issues\/26",
                "footer_icon": "https:\/\/assets-cdn.github.com\/favicon.ico",
                "ts": 1524484664,
                "color": "cb2431",
                "mrkdwn_in": [
                    "text"
                ]
            }
        ],
        "ts": "1525345847.000306"
    },
    {
        "type": "message",
        "user": "UAAHRETFU",
        "text": "",
        "bot_id": "BAAAZG2DS",
        "attachments": [
            {
                "fallback": "[softeng-inf-uniba\/base1718] Issue closed by lanubile",
                "pretext": "Issue closed by lanubile",
                "title": "#27 Trovare una libreria per leggere JSON",
                "footer": "<https:\/\/github.com\/softeng-inf-uniba\/base1718|softeng-inf-uniba\/base1718>",
                "id": 1,
                "title_link": "https:\/\/github.com\/softeng-inf-uniba\/base1718\/issues\/27",
                "footer_icon": "https:\/\/assets-cdn.github.com\/favicon.ico",
                "ts": 1524558556,
                "color": "cb2431",
                "mrkdwn_in": [
                    "text"
                ]
            }
        ],
        "ts": "1525345847.000346"
    },
    {
        "type": "message",
        "user": "UAAHRETFU",
        "text": "",
        "bot_id": "BAAAZG2DS",
        "attachments": [
            {
                "fallback": "[softeng-inf-uniba\/base1718] Issue closed by lanubile",
                "pretext": "Issue closed by lanubile",
                "title": "#28 Trovare una libreria per leggere un file zippato",
                "footer": "<https:\/\/github.com\/softeng-inf-uniba\/base1718|softeng-inf-uniba\/base1718>",
                "id": 1,
                "title_link": "https:\/\/github.com\/softeng-inf-uniba\/base1718\/issues\/28",
                "footer_icon": "https:\/\/assets-cdn.github.com\/favicon.ico",
                "ts": 1524572938,
                "color": "cb2431",
                "mrkdwn_in": [
                    "text"
                ]
            }
        ],
        "ts": "1525345848.000055"
    },
    {
        "type": "message",
        "user": "UAAHRETFU",
        "text": "",
        "bot_id": "BAAAZG2DS",
        "attachments": [
            {
                "author_name": "lanubile",
                "fallback": "[softeng-inf-uniba\/base1718] Issue opened by lanubile",
                "text": "*Criteri di accettazione:*\n\n• Verificare che per ogni @mention sia visualizzata una riga con la coppia *(From, To)* dove _From_ è lo User che scrive il messaggio con il @mention e _To_ è lo User menzionato.\n• Verificare che le coppie *(From, To)* non siano ripetute\n• Verificare che le coppie *(From, To)* corrispondenti a un @mention siano tutte presenti\n• Verificare che siano visualizzate solo coppie *(From, To)* corrispondenti a un @mention\n• Verificare che sia possibile specificare il Channel e, nel caso sia specificato, la lista sia ristretta ai soli @mention del Channel",
                "pretext": "Issue opened by lanubile",
                "title": "#29 In qualità di utente voglio visualizzare la lista dei @mention ",
                "footer": "<https:\/\/github.com\/softeng-inf-uniba\/base1718|softeng-inf-uniba\/base1718>",
                "id": 1,
                "title_link": "https:\/\/github.com\/softeng-inf-uniba\/base1718\/issues\/29",
                "author_link": "https:\/\/github.com\/lanubile",
                "author_icon": "https:\/\/avatars1.githubusercontent.com\/u\/1144915?v=4",
                "footer_icon": "https:\/\/assets-cdn.github.com\/favicon.ico",
                "ts": 1525346160,
                "color": "36a64f",
                "fields": [
                    {
                        "title": "Labels",
                        "value": "user story",
                        "short": true
                    },
                    {
                        "title": "Milestone",
                        "value": "<https:\/\/github.com\/softeng-inf-uniba\/base1718\/milestone\/2|Sprint 2>",
                        "short": true
                    }
                ],
                "mrkdwn_in": [
                    "text"
                ]
            }
        ],
        "edited": {
            "user": "UAAHRETFU",
            "ts": "1525347579.000000"
        },
        "ts": "1525346161.000409"
    },
    {
        "type": "message",
        "user": "UAAHRETFU",
        "text": "",
        "bot_id": "BAAAZG2DS",
        "attachments": [
            {
                "author_name": "lanubile",
                "fallback": "[softeng-inf-uniba\/base1718] Issue opened by lanubile",
                "pretext": "Issue opened by lanubile",
                "title": "#30 In qualità di utente voglio visualizzare la lista dei @mention che partono da uno User ",
                "footer": "<https:\/\/github.com\/softeng-inf-uniba\/base1718|softeng-inf-uniba\/base1718>",
                "id": 1,
                "title_link": "https:\/\/github.com\/softeng-inf-uniba\/base1718\/issues\/30",
                "author_link": "https:\/\/github.com\/lanubile",
                "author_icon": "https:\/\/avatars1.githubusercontent.com\/u\/1144915?v=4",
                "footer_icon": "https:\/\/assets-cdn.github.com\/favicon.ico",
                "ts": 1525346251,
                "color": "36a64f",
                "fields": [
                    {
                        "title": "Labels",
                        "value": "user story",
                        "short": true
                    }
                ],
                "mrkdwn_in": [
                    "text"
                ]
            }
        ],
        "ts": "1525346252.000321"
    },
    {
        "type": "message",
        "user": "UAAHRETFU",
        "text": "",
        "bot_id": "BAAAZG2DS",
        "attachments": [
            {
                "author_name": "lanubile",
                "fallback": "[softeng-inf-uniba\/base1718] Issue opened by lanubile",
                "pretext": "Issue opened by lanubile",
                "title": "#31 In qualità di utente voglio visualizzare la lista dei @mention che arrivano a uno User ",
                "footer": "<https:\/\/github.com\/softeng-inf-uniba\/base1718|softeng-inf-uniba\/base1718>",
                "id": 1,
                "title_link": "https:\/\/github.com\/softeng-inf-uniba\/base1718\/issues\/31",
                "author_link": "https:\/\/github.com\/lanubile",
                "author_icon": "https:\/\/avatars1.githubusercontent.com\/u\/1144915?v=4",
                "footer_icon": "https:\/\/assets-cdn.github.com\/favicon.ico",
                "ts": 1525346316,
                "color": "36a64f",
                "fields": [
                    {
                        "title": "Labels",
                        "value": "user story",
                        "short": true
                    }
                ],
                "mrkdwn_in": [
                    "text"
                ]
            }
        ],
        "edited": {
            "user": "UAAHRETFU",
            "ts": "1525346446.000000"
        },
        "ts": "1525346318.000100"
    },
    {
        "type": "message",
        "user": "UAAHRETFU",
        "text": "",
        "bot_id": "BAAAZG2DS",
        "attachments": [
            {
                "author_name": "lanubile",
                "fallback": "[softeng-inf-uniba\/base1718] Issue opened by lanubile",
                "pretext": "Issue opened by lanubile",
                "title": "#32 In qualità di utente voglio visualizzare la lista pesata dei @mention ",
                "footer": "<https:\/\/github.com\/softeng-inf-uniba\/base1718|softeng-inf-uniba\/base1718>",
                "id": 1,
                "title_link": "https:\/\/github.com\/softeng-inf-uniba\/base1718\/issues\/32",
                "author_link": "https:\/\/github.com\/lanubile",
                "author_icon": "https:\/\/avatars1.githubusercontent.com\/u\/1144915?v=4",
                "footer_icon": "https:\/\/assets-cdn.github.com\/favicon.ico",
                "ts": 1525346392,
                "color": "36a64f",
                "fields": [
                    {
                        "title": "Labels",
                        "value": "user story",
                        "short": true
                    }
                ],
                "mrkdwn_in": [
                    "text"
                ]
            }
        ],
        "edited": {
            "user": "UAAHRETFU",
            "ts": "1525346433.000000"
        },
        "ts": "1525346393.000319"
    },
    {
        "type": "message",
        "user": "UAAHRETFU",
        "text": "",
        "bot_id": "BAAAZG2DS",
        "attachments": [
            {
                "author_name": "lanubile",
                "fallback": "[softeng-inf-uniba\/base1718] Issue opened by lanubile",
                "pretext": "Issue opened by lanubile",
                "title": "#33 In qualità di utente voglio visualizzare la lista pesata dei @mention che partono da uno User ",
                "footer": "<https:\/\/github.com\/softeng-inf-uniba\/base1718|softeng-inf-uniba\/base1718>",
                "id": 1,
                "title_link": "https:\/\/github.com\/softeng-inf-uniba\/base1718\/issues\/33",
                "author_link": "https:\/\/github.com\/lanubile",
                "author_icon": "https:\/\/avatars1.githubusercontent.com\/u\/1144915?v=4",
                "footer_icon": "https:\/\/assets-cdn.github.com\/favicon.ico",
                "ts": 1525346483,
                "color": "36a64f",
                "fields": [
                    {
                        "title": "Labels",
                        "value": "user story",
                        "short": true
                    }
                ],
                "mrkdwn_in": [
                    "text"
                ]
            }
        ],
        "edited": {
            "user": "UAAHRETFU",
            "ts": "1525346507.000000"
        },
        "ts": "1525346484.000399"
    },
    {
        "type": "message",
        "user": "UAAHRETFU",
        "text": "",
        "bot_id": "BAAAZG2DS",
        "attachments": [
            {
                "author_name": "lanubile",
                "fallback": "[softeng-inf-uniba\/base1718] Issue opened by lanubile",
                "pretext": "Issue opened by lanubile",
                "title": "#34 In qualità di utente voglio visualizzare la lista pesata dei @mention che arrivano a uno User ",
                "footer": "<https:\/\/github.com\/softeng-inf-uniba\/base1718|softeng-inf-uniba\/base1718>",
                "id": 1,
                "title_link": "https:\/\/github.com\/softeng-inf-uniba\/base1718\/issues\/34",
                "author_link": "https:\/\/github.com\/lanubile",
                "author_icon": "https:\/\/avatars1.githubusercontent.com\/u\/1144915?v=4",
                "footer_icon": "https:\/\/assets-cdn.github.com\/favicon.ico",
                "ts": 1525346547,
                "color": "36a64f",
                "fields": [
                    {
                        "title": "Labels",
                        "value": "user story",
                        "short": true
                    }
                ],
                "mrkdwn_in": [
                    "text"
                ]
            }
        ],
        "ts": "1525346549.000050"
    },
    {
        "type": "message",
        "user": "UAAHRETFU",
        "text": "",
        "bot_id": "BAAAZG2DS",
        "attachments": [
            {
                "author_name": "lanubile",
                "fallback": "[softeng-inf-uniba\/base1718] Issue opened by lanubile",
                "pretext": "Issue opened by lanubile",
                "title": "#35 In qualità di utente voglio visualizzare la lista pesata dei @mention oltre soglia ",
                "footer": "<https:\/\/github.com\/softeng-inf-uniba\/base1718|softeng-inf-uniba\/base1718>",
                "id": 1,
                "title_link": "https:\/\/github.com\/softeng-inf-uniba\/base1718\/issues\/35",
                "author_link": "https:\/\/github.com\/lanubile",
                "author_icon": "https:\/\/avatars1.githubusercontent.com\/u\/1144915?v=4",
                "footer_icon": "https:\/\/assets-cdn.github.com\/favicon.ico",
                "ts": 1525346616,
                "color": "36a64f",
                "fields": [
                    {
                        "title": "Labels",
                        "value": "user story",
                        "short": true
                    }
                ],
                "mrkdwn_in": [
                    "text"
                ]
            }
        ],
        "ts": "1525346617.000255"
    },
    {
        "type": "message",
        "user": "UAAHRETFU",
        "text": "",
        "bot_id": "BAAAZG2DS",
        "attachments": [
            {
                "author_name": "lanubile",
                "fallback": "[softeng-inf-uniba\/base1718] Issue opened by lanubile",
                "pretext": "Issue opened by lanubile",
                "title": "#36 In qualità di utente voglio visualizzare la lista pesata dei @mention oltre soglia che partono da uno User",
                "footer": "<https:\/\/github.com\/softeng-inf-uniba\/base1718|softeng-inf-uniba\/base1718>",
                "id": 1,
                "title_link": "https:\/\/github.com\/softeng-inf-uniba\/base1718\/issues\/36",
                "author_link": "https:\/\/github.com\/lanubile",
                "author_icon": "https:\/\/avatars1.githubusercontent.com\/u\/1144915?v=4",
                "footer_icon": "https:\/\/assets-cdn.github.com\/favicon.ico",
                "ts": 1525346725,
                "color": "36a64f",
                "fields": [
                    {
                        "title": "Labels",
                        "value": "user story",
                        "short": true
                    }
                ],
                "mrkdwn_in": [
                    "text"
                ]
            }
        ],
        "ts": "1525346727.000027"
    },
    {
        "type": "message",
        "user": "UAAHRETFU",
        "text": "",
        "bot_id": "BAAAZG2DS",
        "attachments": [
            {
                "author_name": "lanubile",
                "fallback": "[softeng-inf-uniba\/base1718] Issue opened by lanubile",
                "pretext": "Issue opened by lanubile",
                "title": "#37  In qualità di utente voglio visualizzare la lista pesata dei @mention oltre soglia che arrivano a uno User ",
                "footer": "<https:\/\/github.com\/softeng-inf-uniba\/base1718|softeng-inf-uniba\/base1718>",
                "id": 1,
                "title_link": "https:\/\/github.com\/softeng-inf-uniba\/base1718\/issues\/37",
                "author_link": "https:\/\/github.com\/lanubile",
                "author_icon": "https:\/\/avatars1.githubusercontent.com\/u\/1144915?v=4",
                "footer_icon": "https:\/\/assets-cdn.github.com\/favicon.ico",
                "ts": 1525346794,
                "color": "36a64f",
                "fields": [
                    {
                        "title": "Labels",
                        "value": "user story",
                        "short": true
                    }
                ],
                "mrkdwn_in": [
                    "text"
                ]
            }
        ],
        "edited": {
            "user": "UAAHRETFU",
            "ts": "1525346811.000000"
        },
        "ts": "1525346796.000238"
    },
    {
        "type": "message",
        "user": "U9BD7NMPC",
        "text": "*In qualità di utente voglio visualizzare la lista dei @mention che partono da uno User* \nCriteri di accettazione:\n    Verificare che sia possibile specificare lo User da cui partono i @mention\n    Verificare che per ogni @mention sia visualizzata una riga con la coppia (From, To) dove From è lo User specificato nel comando e To è lo User menzionato.\n    Verificare che le coppie (From, To) non siano ripetute\n    Verificare che le coppie (From, To) corrispondenti a un @mention siano tutte presenti\n    Verificare che siano visualizzate solo coppie (From, To) corrispondenti a un @mention\n    Verificare che sia possibile specificare il Channel e, nel caso sia specificato, la lista sia ristretta ai soli @mention del Channel",
        "ts": "1525349023.000250"
    },
    {
        "type": "message",
        "user": "U9BD7NMPC",
        "text": "*In qualità di utente voglio visualizzare la lista dei @mention che arrivano a uno User #31*",
        "edited": {
            "user": "U9BD7NMPC",
            "ts": "1525349297.000000"
        },
        "ts": "1525349258.000416"
    },
    {
        "type": "message",
        "user": "U9BD7NMPC",
        "text": "Criteri di accettazione:\n\n    Verificare che sia possibile specificare lo User a cui arrivano i @mention\n    Verificare che per ogni @mention sia visualizzata una riga con la coppia (From, To) dove è lo User che scrive il messaggio con il @mention e To è lo User menzionato e specificato nel comando.\n    Verificare che le coppie (From, To) non siano ripetute\n    Verificare che le coppie (From, To) corrispondenti a un @mention siano tutte presenti\n    Verificare che siano visualizzate solo coppie (From, To) corrispondenti a un @mention\n    Verificare che sia possibile specificare il Channel e, nel caso sia specificato, la lista sia ristretta ai soli @mention del Channel",
        "ts": "1525349278.000281"
    },
    {
        "type": "message",
        "user": "UAAHRETFU",
        "text": "",
        "bot_id": "BAAAZG2DS",
        "attachments": [
            {
                "fallback": "softeng-inf-uniba\/base1718 is now public!",
                "image_url": "https:\/\/octodex.github.com\/images\/welcometocat.png",
                "image_width": 896,
                "image_height": 896,
                "image_bytes": 42263,
                "author_name": "bateman",
                "text": "softeng-inf-uniba\/base1718 is now public!",
                "footer": "<https:\/\/github.com\/softeng-inf-uniba\/base1718|softeng-inf-uniba\/base1718>",
                "id": 1,
                "author_link": "https:\/\/github.com\/bateman",
                "author_icon": "https:\/\/avatars0.githubusercontent.com\/u\/52096?v=4",
                "footer_icon": "https:\/\/assets-cdn.github.com\/favicon.ico",
                "color": "24292f"
            }
        ],
        "ts": "1525412817.000154"
    },
    {
        "type": "message",
        "user": "UAAHRETFU",
        "text": "",
        "bot_id": "BAAAZG2DS",
        "attachments": [
            {
                "author_name": "bateman",
                "fallback": "[softeng-inf-uniba\/base1718] <https:\/\/github.com\/softeng-inf-uniba\/base1718\/compare\/065db3f87a62...253308553985|1 new commit> pushed to <https:\/\/github.com\/softeng-inf-uniba\/base1718\/tree\/master|`master`>",
                "text": "*<https:\/\/github.com\/softeng-inf-uniba\/base1718\/compare\/065db3f87a62...253308553985|1 new commit> pushed to <https:\/\/github.com\/softeng-inf-uniba\/base1718\/tree\/master|`master`>*\n<https:\/\/github.com\/softeng-inf-uniba\/base1718\/commit\/253308553985bf092fe08feed1a34570acdb4bfc|`25330855`> - testing coveralls service",
                "footer": "<https:\/\/github.com\/softeng-inf-uniba\/base1718|softeng-inf-uniba\/base1718>",
                "id": 1,
                "author_link": "https:\/\/github.com\/bateman",
                "author_icon": "https:\/\/avatars0.githubusercontent.com\/u\/52096?v=4",
                "footer_icon": "https:\/\/assets-cdn.github.com\/favicon.ico",
                "color": "24292f",
                "mrkdwn_in": [
                    "text"
                ]
            }
        ],
        "ts": "1525413630.000065"
    },
    {
        "type": "message",
        "user": "UAAHRETFU",
        "text": "",
        "bot_id": "BAAAZG2DS",
        "attachments": [
            {
                "author_name": "bateman",
                "fallback": "[softeng-inf-uniba\/base1718] <https:\/\/github.com\/softeng-inf-uniba\/base1718\/compare\/253308553985...da9a69addfb9|1 new commit> pushed to <https:\/\/github.com\/softeng-inf-uniba\/base1718\/tree\/master|`master`>",
                "text": "*<https:\/\/github.com\/softeng-inf-uniba\/base1718\/compare\/253308553985...da9a69addfb9|1 new commit> pushed to <https:\/\/github.com\/softeng-inf-uniba\/base1718\/tree\/master|`master`>*\n<https:\/\/github.com\/softeng-inf-uniba\/base1718\/commit\/da9a69addfb9a2237b9779021b6256964fe2938b|`da9a69ad`> - Aggiornato README.md per includere file coveralls",
                "footer": "<https:\/\/github.com\/softeng-inf-uniba\/base1718|softeng-inf-uniba\/base1718>",
                "id": 1,
                "author_link": "https:\/\/github.com\/bateman",
                "author_icon": "https:\/\/avatars0.githubusercontent.com\/u\/52096?v=4",
                "footer_icon": "https:\/\/assets-cdn.github.com\/favicon.ico",
                "color": "24292f",
                "mrkdwn_in": [
                    "text"
                ]
            }
        ],
        "ts": "1525414180.000244"
    },
    {
        "type": "message",
        "user": "UAAHRETFU",
        "text": "",
        "bot_id": "BAAAZG2DS",
        "attachments": [
            {
                "fallback": "softeng-inf-uniba\/base1718 is now public!",
                "image_url": "https:\/\/octodex.github.com\/images\/welcometocat.png",
                "image_width": 896,
                "image_height": 896,
                "image_bytes": 42263,
                "author_name": "bateman",
                "text": "softeng-inf-uniba\/base1718 is now public!",
                "footer": "<https:\/\/github.com\/softeng-inf-uniba\/base1718|softeng-inf-uniba\/base1718>",
                "id": 1,
                "author_link": "https:\/\/github.com\/bateman",
                "author_icon": "https:\/\/avatars0.githubusercontent.com\/u\/52096?v=4",
                "footer_icon": "https:\/\/assets-cdn.github.com\/favicon.ico",
                "color": "24292f"
            }
        ],
        "ts": "1525414840.000186"
    },
    {
        "type": "message",
        "user": "UAAHRETFU",
        "text": "",
        "bot_id": "BAAAZG2DS",
        "attachments": [
            {
                "author_name": "bateman",
                "fallback": "[softeng-inf-uniba\/base1718] <https:\/\/github.com\/softeng-inf-uniba\/base1718\/compare\/da9a69addfb9...81f5af7705f9|1 new commit> pushed to <https:\/\/github.com\/softeng-inf-uniba\/base1718\/tree\/master|`master`>",
                "text": "*<https:\/\/github.com\/softeng-inf-uniba\/base1718\/compare\/da9a69addfb9...81f5af7705f9|1 new commit> pushed to <https:\/\/github.com\/softeng-inf-uniba\/base1718\/tree\/master|`master`>*\n<https:\/\/github.com\/softeng-inf-uniba\/base1718\/commit\/81f5af7705f9fe85d2c70061de317bf1a0c6157d|`81f5af77`> - Aggiunto badge coveralls",
                "footer": "<https:\/\/github.com\/softeng-inf-uniba\/base1718|softeng-inf-uniba\/base1718>",
                "id": 1,
                "author_link": "https:\/\/github.com\/bateman",
                "author_icon": "https:\/\/avatars0.githubusercontent.com\/u\/52096?v=4",
                "footer_icon": "https:\/\/assets-cdn.github.com\/favicon.ico",
                "color": "24292f",
                "mrkdwn_in": [
                    "text"
                ]
            }
        ],
        "ts": "1525414908.000158"
    }
]