[
    {
        "type": "message",
        "user": "UAAHRETFU",
        "text": "",
        "bot_id": "BAAAZG2DS",
        "attachments": [
            {
                "author_name": "bateman",
                "fallback": "[softeng-inf-uniba\/base1718] <https:\/\/github.com\/softeng-inf-uniba\/base1718\/compare\/5582a1e6a753...636ecd64644b|1 new commit> pushed to <https:\/\/github.com\/softeng-inf-uniba\/base1718\/tree\/master|`master`>",
                "text": "*<https:\/\/github.com\/softeng-inf-uniba\/base1718\/compare\/5582a1e6a753...636ecd64644b|1 new commit> pushed to <https:\/\/github.com\/softeng-inf-uniba\/base1718\/tree\/master|`master`>*\n<https:\/\/github.com\/softeng-inf-uniba\/base1718\/commit\/636ecd64644b8721cec546346512e54653803c5d|`636ecd64`> - Aggiunte istruzioni per coveralls",
                "footer": "<https:\/\/github.com\/softeng-inf-uniba\/base1718|softeng-inf-uniba\/base1718>",
                "id": 1,
                "author_link": "https:\/\/github.com\/bateman",
                "author_icon": "https:\/\/avatars0.githubusercontent.com\/u\/52096?v=4",
                "footer_icon": "https:\/\/assets-cdn.github.com\/favicon.ico",
                "color": "24292f",
                "mrkdwn_in": [
                    "text"
                ]
            }
        ],
        "ts": "1526224038.000089"
    },
    {
        "type": "message",
        "user": "UAAHRETFU",
        "text": "",
        "bot_id": "BAAAZG2DS",
        "attachments": [
            {
                "author_name": "bateman",
                "fallback": "[softeng-inf-uniba\/base1718] <https:\/\/github.com\/softeng-inf-uniba\/base1718\/compare\/636ecd64644b...e47b7c00392c|1 new commit> pushed to <https:\/\/github.com\/softeng-inf-uniba\/base1718\/tree\/master|`master`>",
                "text": "*<https:\/\/github.com\/softeng-inf-uniba\/base1718\/compare\/636ecd64644b...e47b7c00392c|1 new commit> pushed to <https:\/\/github.com\/softeng-inf-uniba\/base1718\/tree\/master|`master`>*\n<https:\/\/github.com\/softeng-inf-uniba\/base1718\/commit\/e47b7c00392c269301ccc3de92e9d9a9e359e08e|`e47b7c00`> - Aggiornamento guida studente per coveralls",
                "footer": "<https:\/\/github.com\/softeng-inf-uniba\/base1718|softeng-inf-uniba\/base1718>",
                "id": 1,
                "author_link": "https:\/\/github.com\/bateman",
                "author_icon": "https:\/\/avatars0.githubusercontent.com\/u\/52096?v=4",
                "footer_icon": "https:\/\/assets-cdn.github.com\/favicon.ico",
                "color": "24292f",
                "mrkdwn_in": [
                    "text"
                ]
            }
        ],
        "ts": "1526224190.000021"
    },
    {
        "type": "message",
        "user": "UAAHRETFU",
        "text": "",
        "bot_id": "BAAAZG2DS",
        "attachments": [
            {
                "author_name": "bateman",
                "fallback": "[softeng-inf-uniba\/base1718] <https:\/\/github.com\/softeng-inf-uniba\/base1718\/compare\/e47b7c00392c...0ab7b0777ffa|1 new commit> pushed to <https:\/\/github.com\/softeng-inf-uniba\/base1718\/tree\/master|`master`>",
                "text": "*<https:\/\/github.com\/softeng-inf-uniba\/base1718\/compare\/e47b7c00392c...0ab7b0777ffa|1 new commit> pushed to <https:\/\/github.com\/softeng-inf-uniba\/base1718\/tree\/master|`master`>*\n<https:\/\/github.com\/softeng-inf-uniba\/base1718\/commit\/0ab7b0777ffa880a792dfc7c2c733b77962cd942|`0ab7b077`> - Fix visualization error",
                "footer": "<https:\/\/github.com\/softeng-inf-uniba\/base1718|softeng-inf-uniba\/base1718>",
                "id": 1,
                "author_link": "https:\/\/github.com\/bateman",
                "author_icon": "https:\/\/avatars0.githubusercontent.com\/u\/52096?v=4",
                "footer_icon": "https:\/\/assets-cdn.github.com\/favicon.ico",
                "color": "24292f",
                "mrkdwn_in": [
                    "text"
                ]
            }
        ],
        "ts": "1526224293.000062"
    },
    {
        "type": "message",
        "user": "UAAHRETFU",
        "text": "",
        "bot_id": "BAAAZG2DS",
        "attachments": [
            {
                "author_name": "bateman",
                "fallback": "[softeng-inf-uniba\/base1718] <https:\/\/github.com\/softeng-inf-uniba\/base1718\/compare\/0ab7b0777ffa...2e4ec135818c|1 new commit> pushed to <https:\/\/github.com\/softeng-inf-uniba\/base1718\/tree\/master|`master`>",
                "text": "*<https:\/\/github.com\/softeng-inf-uniba\/base1718\/compare\/0ab7b0777ffa...2e4ec135818c|1 new commit> pushed to <https:\/\/github.com\/softeng-inf-uniba\/base1718\/tree\/master|`master`>*\n<https:\/\/github.com\/softeng-inf-uniba\/base1718\/commit\/2e4ec135818c2949d60e3ae22372b5256a0349e7|`2e4ec135`> - Fix typo",
                "footer": "<https:\/\/github.com\/softeng-inf-uniba\/base1718|softeng-inf-uniba\/base1718>",
                "id": 1,
                "author_link": "https:\/\/github.com\/bateman",
                "author_icon": "https:\/\/avatars0.githubusercontent.com\/u\/52096?v=4",
                "footer_icon": "https:\/\/assets-cdn.github.com\/favicon.ico",
                "color": "24292f",
                "mrkdwn_in": [
                    "text"
                ]
            }
        ],
        "ts": "1526277306.000258"
    }
]