[
    {
        "type": "message",
        "user": "UAAHRETFU",
        "text": "",
        "bot_id": "BAAAZG2DS",
        "attachments": [
            {
                "author_name": "bateman",
                "fallback": "[softeng-inf-uniba\/base1718] <https:\/\/github.com\/softeng-inf-uniba\/base1718\/compare\/f7188afcce1d...c685f8483e7c|1 new commit> pushed to <https:\/\/github.com\/softeng-inf-uniba\/base1718\/tree\/master|`master`>",
                "text": "*<https:\/\/github.com\/softeng-inf-uniba\/base1718\/compare\/f7188afcce1d...c685f8483e7c|1 new commit> pushed to <https:\/\/github.com\/softeng-inf-uniba\/base1718\/tree\/master|`master`>*\n<https:\/\/github.com\/softeng-inf-uniba\/base1718\/commit\/c685f8483e7ca906d2c136b9a30b8b6429f890b6|`c685f848`> - Fix name mismatch in JaCoCo xml file (now meets coveralls rqmt)",
                "footer": "<https:\/\/github.com\/softeng-inf-uniba\/base1718|softeng-inf-uniba\/base1718>",
                "id": 1,
                "author_link": "https:\/\/github.com\/bateman",
                "author_icon": "https:\/\/avatars0.githubusercontent.com\/u\/52096?v=4",
                "footer_icon": "https:\/\/assets-cdn.github.com\/favicon.ico",
                "color": "24292f",
                "mrkdwn_in": [
                    "text"
                ]
            }
        ],
        "ts": "1525503814.000028"
    },
    {
        "type": "message",
        "user": "UAAHRETFU",
        "text": "",
        "bot_id": "BAAAZG2DS",
        "attachments": [
            {
                "author_name": "bateman",
                "fallback": "[softeng-inf-uniba\/base1718] <https:\/\/github.com\/softeng-inf-uniba\/base1718\/compare\/c685f8483e7c...0b30e1a88549|1 new commit> pushed to <https:\/\/github.com\/softeng-inf-uniba\/base1718\/tree\/master|`master`>",
                "text": "*<https:\/\/github.com\/softeng-inf-uniba\/base1718\/compare\/c685f8483e7c...0b30e1a88549|1 new commit> pushed to <https:\/\/github.com\/softeng-inf-uniba\/base1718\/tree\/master|`master`>*\n<https:\/\/github.com\/softeng-inf-uniba\/base1718\/commit\/0b30e1a885490589b49b04c53af684c533ae0c8a|`0b30e1a8`> - Second try at fixing path for coveralls-jacoco integration",
                "footer": "<https:\/\/github.com\/softeng-inf-uniba\/base1718|softeng-inf-uniba\/base1718>",
                "id": 1,
                "author_link": "https:\/\/github.com\/bateman",
                "author_icon": "https:\/\/avatars0.githubusercontent.com\/u\/52096?v=4",
                "footer_icon": "https:\/\/assets-cdn.github.com\/favicon.ico",
                "color": "24292f",
                "mrkdwn_in": [
                    "text"
                ]
            }
        ],
        "ts": "1525504198.000067"
    },
    {
        "type": "message",
        "user": "UAAHRETFU",
        "text": "",
        "bot_id": "BAAAZG2DS",
        "attachments": [
            {
                "author_name": "bateman",
                "fallback": "[softeng-inf-uniba\/base1718] <https:\/\/github.com\/softeng-inf-uniba\/base1718\/compare\/0b30e1a88549...50c0410e1839|1 new commit> pushed to <https:\/\/github.com\/softeng-inf-uniba\/base1718\/tree\/master|`master`>",
                "text": "*<https:\/\/github.com\/softeng-inf-uniba\/base1718\/compare\/0b30e1a88549...50c0410e1839|1 new commit> pushed to <https:\/\/github.com\/softeng-inf-uniba\/base1718\/tree\/master|`master`>*\n<https:\/\/github.com\/softeng-inf-uniba\/base1718\/commit\/50c0410e1839fe046dc14a335a5d8631fde30cb6|`50c0410e`> - Fix coverall badge",
                "footer": "<https:\/\/github.com\/softeng-inf-uniba\/base1718|softeng-inf-uniba\/base1718>",
                "id": 1,
                "author_link": "https:\/\/github.com\/bateman",
                "author_icon": "https:\/\/avatars0.githubusercontent.com\/u\/52096?v=4",
                "footer_icon": "https:\/\/assets-cdn.github.com\/favicon.ico",
                "color": "24292f",
                "mrkdwn_in": [
                    "text"
                ]
            }
        ],
        "ts": "1525504606.000053"
    }
]