[
    {
        "type": "message",
        "user": "UAAHRETFU",
        "text": "",
        "bot_id": "BAAAZG2DS",
        "attachments": [
            {
                "author_name": "bateman",
                "fallback": "[softeng-inf-uniba\/base1718] <https:\/\/github.com\/softeng-inf-uniba\/base1718\/compare\/8bf52556de22...c386f54c2604|2 new commits> pushed to <https:\/\/github.com\/softeng-inf-uniba\/base1718\/tree\/master|`master`>",
                "text": "*<https:\/\/github.com\/softeng-inf-uniba\/base1718\/compare\/8bf52556de22...c386f54c2604|2 new commits> pushed to <https:\/\/github.com\/softeng-inf-uniba\/base1718\/tree\/master|`master`>*\n<https:\/\/github.com\/softeng-inf-uniba\/base1718\/commit\/57ffc834c54d03a4b42d8e9910a98683febbb906|`57ffc834`> - Aggiornato .gitignore per permettere aggiunta build\/test-results\n<https:\/\/github.com\/softeng-inf-uniba\/base1718\/commit\/c386f54c26041d99148f4fb403d578a8ad4690ec|`c386f54c`> - Merge branch 'master' of <https:\/\/github.com\/softeng-inf-uniba\/base1718>",
                "footer": "<https:\/\/github.com\/softeng-inf-uniba\/base1718|softeng-inf-uniba\/base1718>",
                "id": 1,
                "author_link": "https:\/\/github.com\/bateman",
                "author_icon": "https:\/\/avatars0.githubusercontent.com\/u\/52096?v=4",
                "footer_icon": "https:\/\/assets-cdn.github.com\/favicon.ico",
                "color": "24292f",
                "mrkdwn_in": [
                    "text"
                ]
            }
        ],
        "ts": "1525777452.000032"
    },
    {
        "type": "message",
        "user": "UAAHRETFU",
        "text": "",
        "bot_id": "BAAAZG2DS",
        "attachments": [
            {
                "author_name": "bateman",
                "fallback": "[softeng-inf-uniba\/base1718] <https:\/\/github.com\/softeng-inf-uniba\/base1718\/compare\/c386f54c2604...608469b22eb1|2 new commits> pushed to <https:\/\/github.com\/softeng-inf-uniba\/base1718\/tree\/master|`master`>",
                "text": "*<https:\/\/github.com\/softeng-inf-uniba\/base1718\/compare\/c386f54c2604...608469b22eb1|2 new commits> pushed to <https:\/\/github.com\/softeng-inf-uniba\/base1718\/tree\/master|`master`>*\n<https:\/\/github.com\/softeng-inf-uniba\/base1718\/commit\/efed1d661e64bb429949d79b2dbdc4e9bb2918b8|`efed1d66`> - Aggiornato .gitignore per permettere aggiunta build\/test-results\n<https:\/\/github.com\/softeng-inf-uniba\/base1718\/commit\/608469b22eb1da6df7e31ef2f358bc8e300256d8|`608469b2`> - Aggiunta cartella reports",
                "footer": "<https:\/\/github.com\/softeng-inf-uniba\/base1718|softeng-inf-uniba\/base1718>",
                "id": 1,
                "author_link": "https:\/\/github.com\/bateman",
                "author_icon": "https:\/\/avatars0.githubusercontent.com\/u\/52096?v=4",
                "footer_icon": "https:\/\/assets-cdn.github.com\/favicon.ico",
                "color": "24292f",
                "mrkdwn_in": [
                    "text"
                ]
            }
        ],
        "ts": "1525778533.000425"
    },
    {
        "type": "message",
        "user": "UAAHRETFU",
        "text": "",
        "bot_id": "BAAAZG2DS",
        "attachments": [
            {
                "author_name": "bateman",
                "fallback": "[softeng-inf-uniba\/base1718] <https:\/\/github.com\/softeng-inf-uniba\/base1718\/compare\/608469b22eb1...5582a1e6a753|1 new commit> pushed to <https:\/\/github.com\/softeng-inf-uniba\/base1718\/tree\/master|`master`>",
                "text": "*<https:\/\/github.com\/softeng-inf-uniba\/base1718\/compare\/608469b22eb1...5582a1e6a753|1 new commit> pushed to <https:\/\/github.com\/softeng-inf-uniba\/base1718\/tree\/master|`master`>*\n<https:\/\/github.com\/softeng-inf-uniba\/base1718\/commit\/5582a1e6a7538206437f52a28c29135c444a1475|`5582a1e6`> - Fix typo",
                "footer": "<https:\/\/github.com\/softeng-inf-uniba\/base1718|softeng-inf-uniba\/base1718>",
                "id": 1,
                "author_link": "https:\/\/github.com\/bateman",
                "author_icon": "https:\/\/avatars0.githubusercontent.com\/u\/52096?v=4",
                "footer_icon": "https:\/\/assets-cdn.github.com\/favicon.ico",
                "color": "24292f",
                "mrkdwn_in": [
                    "text"
                ]
            }
        ],
        "ts": "1525778896.000054"
    }
]