[
    {
        "type": "message",
        "user": "U9SUDJ8J2",
        "text": "Raga dobbiamo decidere una cosa: scriviamo nell’help che prima di lavorare con un’altro workspace bisogna chiudere il precedente o modifico il codice e rendo possibile lavorare con più workspace contemporaneamente?",
        "thread_ts": "1525259848.000397",
        "reply_count": 1,
        "replies": [
            {
                "user": "U9MTNTYSD",
                "ts": "1525260167.000337"
            }
        ],
        "unread_count": 1,
        "ts": "1525259848.000397"
    },
    {
        "type": "message",
        "user": "U9PBQ382J",
        "text": "secondo me bisogna modificare l' help e chiudere il workspace precedente",
        "ts": "1525259910.000201"
    },
    {
        "type": "message",
        "user": "U9PDKF5JB",
        "text": "Non possiamo fare che si chiude automaticamente il workspace quando l'utente ha finito di usare i comandi?",
        "client_msg_id": "aca0b032-ed5f-4cb0-9696-8872d3d9659d",
        "thread_ts": "1525259914.000058",
        "reply_count": 1,
        "replies": [
            {
                "user": "U9SUDJ8J2",
                "ts": "1525259994.000273"
            }
        ],
        "unread_count": 1,
        "ts": "1525259914.000058"
    },
    {
        "type": "message",
        "user": "U9T55R65D",
        "text": "Ma l'input invece?",
        "client_msg_id": "bd55d57c-e7a9-4017-8856-301b59b09ce0",
        "thread_ts": "1525259956.000395",
        "reply_count": 1,
        "replies": [
            {
                "user": "U9SUDJ8J2",
                "ts": "1525260013.000345"
            }
        ],
        "unread_count": 1,
        "ts": "1525259956.000395"
    },
    {
        "text": "Non puoi farlo perchè dovresti contare un comando per channel più gli altri comandi",
        "thread_ts": "1525259914.000058",
        "type": "message",
        "subtype": "thread_broadcast",
        "user": "U9SUDJ8J2",
        "root": {
            "type": "message",
            "user": "U9PDKF5JB",
            "text": "Non possiamo fare che si chiude automaticamente il workspace quando l'utente ha finito di usare i comandi?",
            "client_msg_id": "aca0b032-ed5f-4cb0-9696-8872d3d9659d",
            "thread_ts": "1525259914.000058",
            "reply_count": 1,
            "replies": [
                {
                    "user": "U9SUDJ8J2",
                    "ts": "1525259994.000273"
                }
            ],
            "unread_count": 1,
            "ts": "1525259914.000058"
        },
        "ts": "1525259994.000273"
    },
    {
        "text": "che intendi?",
        "thread_ts": "1525259956.000395",
        "type": "message",
        "subtype": "thread_broadcast",
        "user": "U9SUDJ8J2",
        "root": {
            "type": "message",
            "user": "U9T55R65D",
            "text": "Ma l'input invece?",
            "client_msg_id": "bd55d57c-e7a9-4017-8856-301b59b09ce0",
            "thread_ts": "1525259956.000395",
            "reply_count": 1,
            "replies": [
                {
                    "user": "U9SUDJ8J2",
                    "ts": "1525260013.000345"
                }
            ],
            "unread_count": 1,
            "ts": "1525259956.000395"
        },
        "ts": "1525260013.000345"
    },
    {
        "type": "message",
        "user": "U9PBQ382J",
        "text": "poi nel caso il prof dicesse di voler lavorare su più workspace allora modificheremo il codice",
        "ts": "1525260043.000212"
    },
    {
        "type": "message",
        "user": "U9PDKF5JB",
        "text": "Allora per me va bene scrivere nell'help",
        "client_msg_id": "b49b2aa8-46f3-455b-994f-8e0ba5ef91ef",
        "ts": "1525260108.000390"
    },
    {
        "type": "message",
        "user": "U9MTNTYSD",
        "text": "per me bisognerebbe chiudere un workspace prima di aprirne un altro e quindi modificare l'help",
        "thread_ts": "1525259848.000397",
        "parent_user_id": "U9SUDJ8J2",
        "ts": "1525260167.000337"
    },
    {
        "type": "message",
        "user": "U9MTNTYSD",
        "text": "cosi è anche piu ordinato",
        "ts": "1525260218.000099"
    },
    {
        "type": "message",
        "user": "U9T55R65D",
        "text": "Che così come sta nn si possono usare comandi con lo stesso nome e parametri per farli fare così diverse",
        "client_msg_id": "4f11daba-4de8-4e9e-a653-a1d3e3b458ed",
        "ts": "1525261216.000065"
    },
    {
        "type": "message",
        "user": "U9SUDJ8J2",
        "text": "Essì sto vedendo come fare",
        "client_msg_id": "61e1be2c-478a-4a8b-a8e4-51fa08662613",
        "ts": "1525261304.000115"
    },
    {
        "type": "message",
        "user": "U9T55R65D",
        "text": "Lo faccio io",
        "client_msg_id": "82d00689-e15f-42dd-a810-5abf02f2aaa8",
        "ts": "1525261339.000093"
    },
    {
        "type": "message",
        "user": "U9T55R65D",
        "text": "Nn ci vuole nnt",
        "client_msg_id": "05d2b2a3-82b3-451e-82be-76862758aecf",
        "ts": "1525261361.000233"
    },
    {
        "type": "message",
        "user": "U9SUDJ8J2",
        "text": "Ok allora io carico solo i javadoc aggiornati",
        "client_msg_id": "d0064107-bd95-4831-83af-cd7dcc42bc9b",
        "ts": "1525261408.000367"
    },
    {
        "type": "message",
        "user": "U9T55R65D",
        "text": "Ook",
        "client_msg_id": "303a8d08-6efa-4406-9109-237eb6ccdcbe",
        "ts": "1525261414.000222"
    },
    {
        "type": "message",
        "user": "U9T55R65D",
        "text": "Ma faccio un branch?",
        "client_msg_id": "85dd39bc-a094-45f9-a7c3-1fdf1ccb18c0",
        "ts": "1525261555.000148"
    },
    {
        "type": "message",
        "user": "U9SUDJ8J2",
        "text": "Si",
        "client_msg_id": "c78f75f0-00a7-4e93-9188-2fcb44626e4d",
        "ts": "1525261566.000115",
        "reactions": [
            {
                "name": "unicorn_face",
                "users": [
                    "U9PDKF5JB"
                ],
                "count": 1
            }
        ]
    },
    {
        "type": "message",
        "user": "U9T55R65D",
        "text": "Ook",
        "client_msg_id": "869a4289-e26c-46db-843a-50e7fe9900f8",
        "ts": "1525261570.000354"
    }
]