[
    {
        "type": "message",
        "user": "U9NRSQ859",
        "text": "ragazzi vi allego l'utilizzo di docker per evitare problemi e potete testarlo",
        "edited": {
            "user": "U9NRSQ859",
            "ts": "1525259572.000000"
        },
        "ts": "1525247934.000252"
    },
    {
        "type": "message",
        "subtype": "file_share",
        "text": "<@U9NRSQ859> uploaded a file: <https:\/\/ingsw1718.slack.com\/files\/U9NRSQ859\/FAHTMT0CF\/Untitled.txt|Untitled>",
        "file": {
            "id": "FAHTMT0CF",
            "created": 1525248156,
            "timestamp": 1525248156,
            "name": "Untitled.txt",
            "title": "Untitled",
            "mimetype": "text\/plain",
            "filetype": "text",
            "pretty_type": "Plain Text",
            "user": "U9NRSQ859",
            "editable": true,
            "size": 517,
            "mode": "snippet",
            "is_external": false,
            "external_type": "",
            "is_public": true,
            "public_url_shared": false,
            "display_as_bot": false,
            "username": "",
            "url_private": "https:\/\/files.slack.com\/files-pri\/T9BAB138B-FAHTMT0CF\/Untitled.txt?t=xoxe-317351037283-365207707586-364511306800-333c6acf63d6b69e07fd249ca7d3d9ee",
            "url_private_download": "https:\/\/files.slack.com\/files-pri\/T9BAB138B-FAHTMT0CF\/download\/Untitled.txt?t=xoxe-317351037283-365207707586-364511306800-333c6acf63d6b69e07fd249ca7d3d9ee",
            "permalink": "https:\/\/ingsw1718.slack.com\/files\/U9NRSQ859\/FAHTMT0CF\/Untitled.txt",
            "permalink_public": "https:\/\/slack-files.com\/T9BAB138B-FAHTMT0CF-baf943bc9b",
            "edit_link": "https:\/\/ingsw1718.slack.com\/files\/U9NRSQ859\/FAHTMT0CF\/Untitled.txt\/edit",
            "preview": "docker run -it --rm -v \/c\/Users\/Donato\/Downloads:\/data softenginfuniba\/bernerslee\n\n\/\/ docker run -- fa partire l'immagine\n\/\/ -it -- indica a docker che deve essere usato l'input da tastiera\n\/\/ --rm serve per fermare docker run",
            "preview_highlight": "<div class=\"CodeMirror cm-s-default CodeMirrorServer\" oncopy=\"if(event.clipboardData){event.clipboardData.setData('text\/plain',window.getSelection().toString().replace(\/\\u200b\/g,''));event.preventDefault();event.stopPropagation();}\">\n<div class=\"CodeMirror-code\">\n<div><pre><span class=\"cm-variable\">docker<\/span> <span class=\"cm-variable\">run<\/span> <span class=\"cm-operator\">-<\/span><span class=\"cm-variable\">it<\/span> <span class=\"cm-operator\">--<\/span><span class=\"cm-variable\">rm<\/span> <span class=\"cm-operator\">-<\/span><span class=\"cm-variable\">v<\/span> <span class=\"cm-operator\">\/<\/span><span class=\"cm-variable\">c<\/span><span class=\"cm-operator\">\/<\/span><span class=\"cm-variable\">Users<\/span><span class=\"cm-operator\">\/<\/span><span class=\"cm-variable\">Donato<\/span><span class=\"cm-operator\">\/<\/span><span class=\"cm-variable\">Downloads<\/span>:<span class=\"cm-operator\">\/<\/span><span class=\"cm-variable\">data<\/span> <span class=\"cm-variable\">softenginfuniba<\/span><span class=\"cm-operator\">\/<\/span><span class=\"cm-variable\">bernerslee<\/span><\/pre><\/div>\n<div><pre>&#8203;<\/pre><\/div>\n<div><pre><span class=\"cm-comment\">\/\/ docker run -- fa partire l'immagine<\/span><\/pre><\/div>\n<div><pre><span class=\"cm-comment\">\/\/ -it -- indica a docker che deve essere usato l'input da tastiera<\/span><\/pre><\/div>\n<div><pre><span class=\"cm-comment\">\/\/ --rm serve per fermare docker run<\/span><\/pre><\/div>\n<\/div>\n<\/div>\n",
            "lines": 9,
            "lines_more": 4,
            "preview_is_truncated": false,
            "channels": [],
            "groups": [],
            "ims": [],
            "comments_count": 0
        },
        "user": "U9NRSQ859",
        "upload": true,
        "display_as_bot": false,
        "username": "ulissis1996",
        "bot_id": null,
        "ts": "1525248157.000080"
    }
]