[
    {
        "type": "message",
        "subtype": "file_share",
        "text": "<@U9N84AWTA> shared a file: <https:\/\/ingsw1718.slack.com\/files\/U9N84AWTA\/FACCUPUSU\/Open__zip_file_inline|Open .zip file inline>",
        "file": {
            "id": "FACCUPUSU",
            "created": 1524677898,
            "timestamp": 1524678027,
            "name": "Open__zip_file_inline",
            "title": "Open .zip file inline",
            "mimetype": "text\/plain",
            "filetype": "space",
            "pretty_type": "Post",
            "user": "U9N84AWTA",
            "editable": true,
            "size": 434,
            "mode": "space",
            "is_external": false,
            "external_type": "",
            "is_public": true,
            "public_url_shared": false,
            "display_as_bot": false,
            "username": "",
            "url_private": "https:\/\/files.slack.com\/files-pri\/T9BAB138B-FACCUPUSU\/Open__zip_file_inline?t=xoxe-317351037283-365207707586-364511306800-333c6acf63d6b69e07fd249ca7d3d9ee",
            "url_private_download": "https:\/\/files.slack.com\/files-pri\/T9BAB138B-FACCUPUSU\/download\/Open__zip_file_inline?t=xoxe-317351037283-365207707586-364511306800-333c6acf63d6b69e07fd249ca7d3d9ee",
            "permalink": "https:\/\/ingsw1718.slack.com\/files\/U9N84AWTA\/FACCUPUSU\/Open__zip_file_inline",
            "permalink_public": "https:\/\/slack-files.com\/T9BAB138B-FACCUPUSU-dd2828fb59",
            "preview": "<document><pre>ZipFile zipFile = new ZipFile(&quot;archive.zip&quot;);\nZipEntry entry = zipFile.getEntry(&quot;file.json&quot;);     \nInputStream is=zipFile.getInputStream(entry);     \nbyte[] data =newbyte[is.available()];<\/pre><\/document>",
            "updated": 1524678027,
            "editor": "U9N84AWTA",
            "last_editor": "U9N84AWTA",
            "state": "active",
            "channels": [],
            "groups": [],
            "ims": [],
            "comments_count": 0
        },
        "user": "U9N84AWTA",
        "upload": false,
        "display_as_bot": false,
        "username": "diaferiog",
        "bot_id": null,
        "ts": "1524678037.000085"
    },
    {
        "type": "message",
        "subtype": "file_share",
        "text": "<@U9N84AWTA> shared a file: <https:\/\/ingsw1718.slack.com\/files\/U9N84AWTA\/FACCX0FME\/Open__zip_file_inline__2nd_statement_|Open .zip file inline (2nd statement)>",
        "file": {
            "id": "FACCX0FME",
            "created": 1524678073,
            "timestamp": 1524678267,
            "name": "Open__zip_file_inline__2nd_statement_",
            "title": "Open .zip file inline (2nd statement)",
            "mimetype": "text\/plain",
            "filetype": "space",
            "pretty_type": "Post",
            "user": "U9N84AWTA",
            "editable": true,
            "size": 627,
            "mode": "space",
            "is_external": false,
            "external_type": "",
            "is_public": true,
            "public_url_shared": false,
            "display_as_bot": false,
            "username": "",
            "url_private": "https:\/\/files.slack.com\/files-pri\/T9BAB138B-FACCX0FME\/Open__zip_file_inline__2nd_statement_?t=xoxe-317351037283-365207707586-364511306800-333c6acf63d6b69e07fd249ca7d3d9ee",
            "url_private_download": "https:\/\/files.slack.com\/files-pri\/T9BAB138B-FACCX0FME\/download\/Open__zip_file_inline__2nd_statement_?t=xoxe-317351037283-365207707586-364511306800-333c6acf63d6b69e07fd249ca7d3d9ee",
            "permalink": "https:\/\/ingsw1718.slack.com\/files\/U9N84AWTA\/FACCX0FME\/Open__zip_file_inline__2nd_statement_",
            "permalink_public": "https:\/\/slack-files.com\/T9BAB138B-FACCX0FME-43e6a27851",
            "preview": "<document><pre>public static void main(String[] args) throws IOException {\n\tZipFile zipFile = new ZipFile(&quot;C:\/test.zip&quot;)\n\tEnumeration&lt;? extends ZipEntry&gt; entries = zipFile.entries();\n\twhile(entries.hasMoreElements()){<\/pre><\/document>",
            "updated": 1524678267,
            "editor": "U9N84AWTA",
            "last_editor": "U9N84AWTA",
            "state": "active",
            "channels": [],
            "groups": [],
            "ims": [],
            "comments_count": 0
        },
        "user": "U9N84AWTA",
        "upload": false,
        "display_as_bot": false,
        "username": "diaferiog",
        "bot_id": null,
        "ts": "1524678253.000207"
    }
]