[
    {
        "type": "message",
        "subtype": "file_share",
        "text": "<@U9NDHPVRS> uploaded a file: <https:\/\/ingsw1718.slack.com\/files\/U9NDHPVRS\/FAEB4RTJ6\/image.png|image.png>",
        "file": {
            "id": "FAEB4RTJ6",
            "created": 1524814154,
            "timestamp": 1524814154,
            "name": "image.png",
            "title": "image.png",
            "mimetype": "image\/png",
            "filetype": "png",
            "pretty_type": "PNG",
            "user": "U9NDHPVRS",
            "editable": false,
            "size": 88575,
            "mode": "hosted",
            "is_external": false,
            "external_type": "",
            "is_public": true,
            "public_url_shared": false,
            "display_as_bot": false,
            "username": "",
            "url_private": "https:\/\/files.slack.com\/files-pri\/T9BAB138B-FAEB4RTJ6\/image.png?t=xoxe-317351037283-365207707586-364511306800-333c6acf63d6b69e07fd249ca7d3d9ee",
            "url_private_download": "https:\/\/files.slack.com\/files-pri\/T9BAB138B-FAEB4RTJ6\/download\/image.png?t=xoxe-317351037283-365207707586-364511306800-333c6acf63d6b69e07fd249ca7d3d9ee",
            "thumb_64": "https:\/\/files.slack.com\/files-tmb\/T9BAB138B-FAEB4RTJ6-eca855f27c\/image_64.png?t=xoxe-317351037283-365207707586-364511306800-333c6acf63d6b69e07fd249ca7d3d9ee",
            "thumb_80": "https:\/\/files.slack.com\/files-tmb\/T9BAB138B-FAEB4RTJ6-eca855f27c\/image_80.png?t=xoxe-317351037283-365207707586-364511306800-333c6acf63d6b69e07fd249ca7d3d9ee",
            "thumb_360": "https:\/\/files.slack.com\/files-tmb\/T9BAB138B-FAEB4RTJ6-eca855f27c\/image_360.png?t=xoxe-317351037283-365207707586-364511306800-333c6acf63d6b69e07fd249ca7d3d9ee",
            "thumb_360_w": 360,
            "thumb_360_h": 202,
            "thumb_480": "https:\/\/files.slack.com\/files-tmb\/T9BAB138B-FAEB4RTJ6-eca855f27c\/image_480.png?t=xoxe-317351037283-365207707586-364511306800-333c6acf63d6b69e07fd249ca7d3d9ee",
            "thumb_480_w": 480,
            "thumb_480_h": 270,
            "thumb_160": "https:\/\/files.slack.com\/files-tmb\/T9BAB138B-FAEB4RTJ6-eca855f27c\/image_160.png?t=xoxe-317351037283-365207707586-364511306800-333c6acf63d6b69e07fd249ca7d3d9ee",
            "thumb_720": "https:\/\/files.slack.com\/files-tmb\/T9BAB138B-FAEB4RTJ6-eca855f27c\/image_720.png?t=xoxe-317351037283-365207707586-364511306800-333c6acf63d6b69e07fd249ca7d3d9ee",
            "thumb_720_w": 720,
            "thumb_720_h": 405,
            "thumb_800": "https:\/\/files.slack.com\/files-tmb\/T9BAB138B-FAEB4RTJ6-eca855f27c\/image_800.png?t=xoxe-317351037283-365207707586-364511306800-333c6acf63d6b69e07fd249ca7d3d9ee",
            "thumb_800_w": 800,
            "thumb_800_h": 450,
            "thumb_960": "https:\/\/files.slack.com\/files-tmb\/T9BAB138B-FAEB4RTJ6-eca855f27c\/image_960.png?t=xoxe-317351037283-365207707586-364511306800-333c6acf63d6b69e07fd249ca7d3d9ee",
            "thumb_960_w": 960,
            "thumb_960_h": 540,
            "thumb_1024": "https:\/\/files.slack.com\/files-tmb\/T9BAB138B-FAEB4RTJ6-eca855f27c\/image_1024.png?t=xoxe-317351037283-365207707586-364511306800-333c6acf63d6b69e07fd249ca7d3d9ee",
            "thumb_1024_w": 1024,
            "thumb_1024_h": 576,
            "image_exif_rotation": 1,
            "original_w": 1366,
            "original_h": 768,
            "permalink": "https:\/\/ingsw1718.slack.com\/files\/U9NDHPVRS\/FAEB4RTJ6\/image.png",
            "permalink_public": "https:\/\/slack-files.com\/T9BAB138B-FAEB4RTJ6-4a93cd3e77",
            "channels": [],
            "groups": [],
            "ims": [],
            "comments_count": 0
        },
        "user": "U9NDHPVRS",
        "upload": true,
        "display_as_bot": false,
        "username": "m.abbattista13",
        "bot_id": null,
        "ts": "1524814157.000058"
    },
    {
        "type": "message",
        "user": "U9NDHPVRS",
        "text": "è giusto vero?",
        "ts": "1524814164.000091"
    },
    {
        "type": "message",
        "user": "U9NDHPVRS",
        "text": "non c'è nulla",
        "ts": "1524814167.000326"
    },
    {
        "type": "message",
        "user": "U9NDHPVRS",
        "text": "è il progetto che sta su github",
        "ts": "1524814175.000114"
    },
    {
        "type": "message",
        "user": "U9NEW0602",
        "text": "Dovrebbe essere giusto, sto accendendo ora",
        "client_msg_id": "1975ccf5-5fd6-4c4b-8972-dfa05c181353",
        "ts": "1524814299.000310"
    },
    {
        "type": "message",
        "user": "U9NDHPVRS",
        "text": "okay perfetto siamo a posto anche per docker ora",
        "ts": "1524814316.000124"
    },
    {
        "type": "message",
        "user": "U9NBXPRDH",
        "text": "Ragazzi abbiamo creato il branch Visualizzazione_Help. Per spostarvi fate",
        "ts": "1524827134.000099"
    },
    {
        "type": "message",
        "user": "U9NBXPRDH",
        "text": "git fetch",
        "ts": "1524827138.000177"
    },
    {
        "type": "message",
        "user": "U9NBXPRDH",
        "text": "git checkout Visualizzazione_Help",
        "ts": "1524827155.000061"
    },
    {
        "type": "message",
        "user": "U9NBXPRDH",
        "text": "Per lavorare sul branch che ho creato. Questo vale per tutti coloro che vogliono lavorare all'help. Se vi convince tutto poi facciamo merge e pull request",
        "ts": "1524827196.000232"
    },
    {
        "type": "message",
        "user": "U9NBXPRDH",
        "text": "sul master",
        "ts": "1524827200.000014"
    },
    {
        "type": "message",
        "user": "U9NBXPRDH",
        "text": "Ora stacco, oggi pomeriggio vediamo come manipolare i file json in java per stampare tutte le info contenute. E aggiungere nuovi comandi da digitare. E, ho bisogno anche del vostro aiuto. Ci sentiamo oggi pomeriggio",
        "ts": "1524827262.000371"
    },
    {
        "type": "message",
        "subtype": "file_share",
        "text": "<@U9NC7BF1R> uploaded a file: <https:\/\/ingsw1718.slack.com\/files\/U9NC7BF1R\/FAFNUTYKG\/jason.rar|jason.rar> and commented: API di jason",
        "file": {
            "id": "FAFNUTYKG",
            "created": 1524858025,
            "timestamp": 1524858025,
            "name": "jason.rar",
            "title": "jason.rar",
            "mimetype": "application\/octet-stream",
            "filetype": "binary",
            "pretty_type": "Binary",
            "user": "U9NC7BF1R",
            "editable": false,
            "size": 317300,
            "mode": "hosted",
            "is_external": false,
            "external_type": "",
            "is_public": true,
            "public_url_shared": false,
            "display_as_bot": false,
            "username": "",
            "url_private": "https:\/\/files.slack.com\/files-pri\/T9BAB138B-FAFNUTYKG\/jason.rar?t=xoxe-317351037283-365207707586-364511306800-333c6acf63d6b69e07fd249ca7d3d9ee",
            "url_private_download": "https:\/\/files.slack.com\/files-pri\/T9BAB138B-FAFNUTYKG\/download\/jason.rar?t=xoxe-317351037283-365207707586-364511306800-333c6acf63d6b69e07fd249ca7d3d9ee",
            "permalink": "https:\/\/ingsw1718.slack.com\/files\/U9NC7BF1R\/FAFNUTYKG\/jason.rar",
            "permalink_public": "https:\/\/slack-files.com\/T9BAB138B-FAFNUTYKG-db7a97259c",
            "channels": [],
            "groups": [],
            "ims": [],
            "comments_count": 1,
            "initial_comment": {
                "id": "FcAEK89VGU",
                "created": 1524858025,
                "timestamp": 1524858025,
                "user": "U9NC7BF1R",
                "is_intro": true,
                "comment": "API di jason"
            }
        },
        "user": "U9NC7BF1R",
        "upload": true,
        "display_as_bot": false,
        "username": "fantasi92",
        "bot_id": null,
        "ts": "1524858026.000234"
    }
]