[
    {
        "type": "message",
        "subtype": "file_share",
        "text": "<@U9P60ACP7> uploaded a file: <https:\/\/ingsw1718.slack.com\/files\/U9P60ACP7\/FA63HS859\/codice_lercio.java|codice lercio>",
        "file": {
            "id": "FA63HS859",
            "created": 1523603633,
            "timestamp": 1523603633,
            "name": "codice_lercio.java",
            "title": "codice lercio",
            "mimetype": "text\/plain",
            "filetype": "java",
            "pretty_type": "Java",
            "user": "U9P60ACP7",
            "editable": true,
            "size": 490,
            "mode": "snippet",
            "is_external": false,
            "external_type": "",
            "is_public": true,
            "public_url_shared": false,
            "display_as_bot": false,
            "username": "",
            "url_private": "https:\/\/files.slack.com\/files-pri\/T9BAB138B-FA63HS859\/codice_lercio.java?t=xoxe-317351037283-349956658208-350423399492-cdb4ff182314343f41741a9e491e8d97",
            "url_private_download": "https:\/\/files.slack.com\/files-pri\/T9BAB138B-FA63HS859\/download\/codice_lercio.java?t=xoxe-317351037283-349956658208-350423399492-cdb4ff182314343f41741a9e491e8d97",
            "permalink": "https:\/\/ingsw1718.slack.com\/files\/U9P60ACP7\/FA63HS859\/codice_lercio.java",
            "permalink_public": "https:\/\/slack-files.com\/T9BAB138B-FA63HS859-cf273e29ef",
            "edit_link": "https:\/\/ingsw1718.slack.com\/files\/U9P60ACP7\/FA63HS859\/codice_lercio.java\/edit",
            "preview": "\tTuple getItemSet(int index) {\r\n\t\tTuple tuple = new Tuple(attributeSet.length);\r\n\t\tfor(int i = 0; i < attributeSet.length; i++) {\r\n\t\t\tif(attributeSet[i].getClass().getName() == \"DiscreteAttribute\")\r\n\t\t\t\ttuple.add(new DiscreteItem((DiscreteAttribute)attributeSet[i], (String) data[index][i]), i);\r",
            "preview_highlight": "<div class=\"CodeMirror cm-s-default CodeMirrorServer\" oncopy=\"if(event.clipboardData){event.clipboardData.setData('text\/plain',window.getSelection().toString().replace(\/\\u200b\/g,''));event.preventDefault();event.stopPropagation();}\">\n<div class=\"CodeMirror-code\">\n<div><pre>\t<span class=\"cm-variable\">Tuple<\/span> <span class=\"cm-def\">getItemSet<\/span>(<span class=\"cm-variable-3\">int<\/span> <span class=\"cm-variable\">index<\/span>) {<\/pre><\/div>\n<div><pre>\t\t<span class=\"cm-variable\">Tuple<\/span> <span class=\"cm-variable\">tuple<\/span> <span class=\"cm-operator\">=<\/span> <span class=\"cm-keyword\">new<\/span> <span class=\"cm-variable\">Tuple<\/span>(<span class=\"cm-variable\">attributeSet<\/span>.<span class=\"cm-variable\">length<\/span>);<\/pre><\/div>\n<div><pre>\t\t<span class=\"cm-keyword\">for<\/span>(<span class=\"cm-variable-3\">int<\/span> <span class=\"cm-variable\">i<\/span> <span class=\"cm-operator\">=<\/span> <span class=\"cm-number\">0<\/span>; <span class=\"cm-variable\">i<\/span> <span class=\"cm-operator\">&lt;<\/span> <span class=\"cm-variable\">attributeSet<\/span>.<span class=\"cm-variable\">length<\/span>; <span class=\"cm-variable\">i<\/span><span class=\"cm-operator\">++<\/span>) {<\/pre><\/div>\n<div><pre>\t\t\t<span class=\"cm-keyword\">if<\/span>(<span class=\"cm-variable\">attributeSet<\/span>[<span class=\"cm-variable\">i<\/span>].<span class=\"cm-variable\">getClass<\/span>().<span class=\"cm-variable\">getName<\/span>() <span class=\"cm-operator\">==<\/span> <span class=\"cm-string\">&quot;DiscreteAttribute&quot;<\/span>)<\/pre><\/div>\n<div><pre>\t\t\t\t<span class=\"cm-variable\">tuple<\/span>.<span class=\"cm-variable\">add<\/span>(<span class=\"cm-keyword\">new<\/span> <span class=\"cm-variable\">DiscreteItem<\/span>((<span class=\"cm-variable\">DiscreteAttribute<\/span>)<span class=\"cm-variable\">attributeSet<\/span>[<span class=\"cm-variable\">i<\/span>], (<span class=\"cm-variable-3\">String<\/span>) <span class=\"cm-variable\">data<\/span>[<span class=\"cm-variable\">index<\/span>][<span class=\"cm-variable\">i<\/span>]), <span class=\"cm-variable\">i<\/span>);<\/pre><\/div>\n<\/div>\n<\/div>\n",
            "lines": 9,
            "lines_more": 4,
            "preview_is_truncated": false,
            "channels": [],
            "groups": [],
            "ims": [],
            "comments_count": 0
        },
        "user": "U9P60ACP7",
        "upload": true,
        "display_as_bot": false,
        "username": "dongiovannidavide",
        "bot_id": null,
        "ts": "1523603633.000345"
    }
]