[
    {
        "type": "message",
        "user": "U9NF6NSU8",
        "text": "Ragazzi facciamo un ultimo controllo tutti",
        "client_msg_id": "1be66dcd-a127-4e44-af28-ffddc11d6af3",
        "ts": "1526052252.000772"
    },
    {
        "type": "message",
        "user": "U9NF6NSU8",
        "text": "Se va bene consegnamo, se invece ci sono dei dubbi discutiamone insieme",
        "client_msg_id": "20a779b9-74d8-4bba-be1f-8b1220bf9f28",
        "ts": "1526052292.000612"
    },
    {
        "type": "message",
        "user": "U9P18U17X",
        "text": ":+1:",
        "client_msg_id": "4E08D745-C218-4BF9-81D8-A056DF89A1D0",
        "ts": "1526052307.000679"
    }
]