[
    {
        "type": "message",
        "user": "U9P18U17X",
        "text": "raga sondaggio stampa di help",
        "ts": "1525097822.000368"
    },
    {
        "type": "message",
        "user": "U9P18U17X",
        "text": "1",
        "ts": "1525097829.000065"
    },
    {
        "type": "message",
        "subtype": "file_share",
        "text": "<@U9P18U17X> uploaded a file: <https:\/\/ingsw1718.slack.com\/files\/U9P18U17X\/FAFLD0551\/image.png|image.png>",
        "file": {
            "id": "FAFLD0551",
            "created": 1525097832,
            "timestamp": 1525097832,
            "name": "image.png",
            "title": "image.png",
            "mimetype": "image\/png",
            "filetype": "png",
            "pretty_type": "PNG",
            "user": "U9P18U17X",
            "editable": false,
            "size": 14741,
            "mode": "hosted",
            "is_external": false,
            "external_type": "",
            "is_public": true,
            "public_url_shared": false,
            "display_as_bot": false,
            "username": "",
            "url_private": "https:\/\/files.slack.com\/files-pri\/T9BAB138B-FAFLD0551\/image.png?t=xoxe-317351037283-365207707586-364511306800-333c6acf63d6b69e07fd249ca7d3d9ee",
            "url_private_download": "https:\/\/files.slack.com\/files-pri\/T9BAB138B-FAFLD0551\/download\/image.png?t=xoxe-317351037283-365207707586-364511306800-333c6acf63d6b69e07fd249ca7d3d9ee",
            "thumb_64": "https:\/\/files.slack.com\/files-tmb\/T9BAB138B-FAFLD0551-068f6ab26d\/image_64.png?t=xoxe-317351037283-365207707586-364511306800-333c6acf63d6b69e07fd249ca7d3d9ee",
            "thumb_80": "https:\/\/files.slack.com\/files-tmb\/T9BAB138B-FAFLD0551-068f6ab26d\/image_80.png?t=xoxe-317351037283-365207707586-364511306800-333c6acf63d6b69e07fd249ca7d3d9ee",
            "thumb_360": "https:\/\/files.slack.com\/files-tmb\/T9BAB138B-FAFLD0551-068f6ab26d\/image_360.png?t=xoxe-317351037283-365207707586-364511306800-333c6acf63d6b69e07fd249ca7d3d9ee",
            "thumb_360_w": 360,
            "thumb_360_h": 68,
            "thumb_480": "https:\/\/files.slack.com\/files-tmb\/T9BAB138B-FAFLD0551-068f6ab26d\/image_480.png?t=xoxe-317351037283-365207707586-364511306800-333c6acf63d6b69e07fd249ca7d3d9ee",
            "thumb_480_w": 480,
            "thumb_480_h": 90,
            "thumb_160": "https:\/\/files.slack.com\/files-tmb\/T9BAB138B-FAFLD0551-068f6ab26d\/image_160.png?t=xoxe-317351037283-365207707586-364511306800-333c6acf63d6b69e07fd249ca7d3d9ee",
            "thumb_720": "https:\/\/files.slack.com\/files-tmb\/T9BAB138B-FAFLD0551-068f6ab26d\/image_720.png?t=xoxe-317351037283-365207707586-364511306800-333c6acf63d6b69e07fd249ca7d3d9ee",
            "thumb_720_w": 720,
            "thumb_720_h": 135,
            "image_exif_rotation": 1,
            "original_w": 771,
            "original_h": 145,
            "permalink": "https:\/\/ingsw1718.slack.com\/files\/U9P18U17X\/FAFLD0551\/image.png",
            "permalink_public": "https:\/\/slack-files.com\/T9BAB138B-FAFLD0551-ec52f7fe03",
            "channels": [],
            "groups": [],
            "ims": [],
            "comments_count": 0
        },
        "user": "U9P18U17X",
        "upload": true,
        "display_as_bot": false,
        "username": "m.amato17",
        "bot_id": null,
        "ts": "1525097836.000129"
    },
    {
        "type": "message",
        "user": "U9P18U17X",
        "text": "2",
        "ts": "1525097841.000254"
    },
    {
        "type": "message",
        "subtype": "file_share",
        "text": "<@U9P18U17X> uploaded a file: <https:\/\/ingsw1718.slack.com\/files\/U9P18U17X\/FAFLDUPSP\/image2.png|image2.png>",
        "file": {
            "id": "FAFLDUPSP",
            "created": 1525097906,
            "timestamp": 1525097906,
            "name": "image2.png",
            "title": "image2.png",
            "mimetype": "image\/png",
            "filetype": "png",
            "pretty_type": "PNG",
            "user": "U9P18U17X",
            "editable": false,
            "size": 16718,
            "mode": "hosted",
            "is_external": false,
            "external_type": "",
            "is_public": true,
            "public_url_shared": false,
            "display_as_bot": false,
            "username": "",
            "url_private": "https:\/\/files.slack.com\/files-pri\/T9BAB138B-FAFLDUPSP\/image2.png?t=xoxe-317351037283-365207707586-364511306800-333c6acf63d6b69e07fd249ca7d3d9ee",
            "url_private_download": "https:\/\/files.slack.com\/files-pri\/T9BAB138B-FAFLDUPSP\/download\/image2.png?t=xoxe-317351037283-365207707586-364511306800-333c6acf63d6b69e07fd249ca7d3d9ee",
            "thumb_64": "https:\/\/files.slack.com\/files-tmb\/T9BAB138B-FAFLDUPSP-a50e28a1fb\/image2_64.png?t=xoxe-317351037283-365207707586-364511306800-333c6acf63d6b69e07fd249ca7d3d9ee",
            "thumb_80": "https:\/\/files.slack.com\/files-tmb\/T9BAB138B-FAFLDUPSP-a50e28a1fb\/image2_80.png?t=xoxe-317351037283-365207707586-364511306800-333c6acf63d6b69e07fd249ca7d3d9ee",
            "thumb_360": "https:\/\/files.slack.com\/files-tmb\/T9BAB138B-FAFLDUPSP-a50e28a1fb\/image2_360.png?t=xoxe-317351037283-365207707586-364511306800-333c6acf63d6b69e07fd249ca7d3d9ee",
            "thumb_360_w": 360,
            "thumb_360_h": 197,
            "thumb_480": "https:\/\/files.slack.com\/files-tmb\/T9BAB138B-FAFLDUPSP-a50e28a1fb\/image2_480.png?t=xoxe-317351037283-365207707586-364511306800-333c6acf63d6b69e07fd249ca7d3d9ee",
            "thumb_480_w": 480,
            "thumb_480_h": 263,
            "thumb_160": "https:\/\/files.slack.com\/files-tmb\/T9BAB138B-FAFLDUPSP-a50e28a1fb\/image2_160.png?t=xoxe-317351037283-365207707586-364511306800-333c6acf63d6b69e07fd249ca7d3d9ee",
            "image_exif_rotation": 1,
            "original_w": 509,
            "original_h": 279,
            "permalink": "https:\/\/ingsw1718.slack.com\/files\/U9P18U17X\/FAFLDUPSP\/image2.png",
            "permalink_public": "https:\/\/slack-files.com\/T9BAB138B-FAFLDUPSP-9659dd063b",
            "channels": [],
            "groups": [],
            "ims": [],
            "comments_count": 0
        },
        "user": "U9P18U17X",
        "upload": true,
        "display_as_bot": false,
        "username": "m.amato17",
        "bot_id": null,
        "ts": "1525097907.000755"
    },
    {
        "type": "message",
        "user": "U9P18U17X",
        "text": "3",
        "ts": "1525097934.000088"
    },
    {
        "type": "message",
        "subtype": "file_share",
        "text": "<@U9P18U17X> uploaded a file: <https:\/\/ingsw1718.slack.com\/files\/U9P18U17X\/FAGQSR31D\/image3.png|image3.png>",
        "file": {
            "id": "FAGQSR31D",
            "created": 1525097939,
            "timestamp": 1525097939,
            "name": "image3.png",
            "title": "image3.png",
            "mimetype": "image\/png",
            "filetype": "png",
            "pretty_type": "PNG",
            "user": "U9P18U17X",
            "editable": false,
            "size": 16395,
            "mode": "hosted",
            "is_external": false,
            "external_type": "",
            "is_public": true,
            "public_url_shared": false,
            "display_as_bot": false,
            "username": "",
            "url_private": "https:\/\/files.slack.com\/files-pri\/T9BAB138B-FAGQSR31D\/image3.png?t=xoxe-317351037283-365207707586-364511306800-333c6acf63d6b69e07fd249ca7d3d9ee",
            "url_private_download": "https:\/\/files.slack.com\/files-pri\/T9BAB138B-FAGQSR31D\/download\/image3.png?t=xoxe-317351037283-365207707586-364511306800-333c6acf63d6b69e07fd249ca7d3d9ee",
            "thumb_64": "https:\/\/files.slack.com\/files-tmb\/T9BAB138B-FAGQSR31D-36a45deaff\/image3_64.png?t=xoxe-317351037283-365207707586-364511306800-333c6acf63d6b69e07fd249ca7d3d9ee",
            "thumb_80": "https:\/\/files.slack.com\/files-tmb\/T9BAB138B-FAGQSR31D-36a45deaff\/image3_80.png?t=xoxe-317351037283-365207707586-364511306800-333c6acf63d6b69e07fd249ca7d3d9ee",
            "thumb_360": "https:\/\/files.slack.com\/files-tmb\/T9BAB138B-FAGQSR31D-36a45deaff\/image3_360.png?t=xoxe-317351037283-365207707586-364511306800-333c6acf63d6b69e07fd249ca7d3d9ee",
            "thumb_360_w": 360,
            "thumb_360_h": 193,
            "thumb_480": "https:\/\/files.slack.com\/files-tmb\/T9BAB138B-FAGQSR31D-36a45deaff\/image3_480.png?t=xoxe-317351037283-365207707586-364511306800-333c6acf63d6b69e07fd249ca7d3d9ee",
            "thumb_480_w": 480,
            "thumb_480_h": 257,
            "thumb_160": "https:\/\/files.slack.com\/files-tmb\/T9BAB138B-FAGQSR31D-36a45deaff\/image3_160.png?t=xoxe-317351037283-365207707586-364511306800-333c6acf63d6b69e07fd249ca7d3d9ee",
            "image_exif_rotation": 1,
            "original_w": 502,
            "original_h": 269,
            "permalink": "https:\/\/ingsw1718.slack.com\/files\/U9P18U17X\/FAGQSR31D\/image3.png",
            "permalink_public": "https:\/\/slack-files.com\/T9BAB138B-FAGQSR31D-e016375645",
            "channels": [],
            "groups": [],
            "ims": [],
            "comments_count": 0
        },
        "user": "U9P18U17X",
        "upload": true,
        "display_as_bot": false,
        "username": "m.amato17",
        "bot_id": null,
        "ts": "1525097941.000245"
    },
    {
        "type": "message",
        "user": "U9NJ4EYM7",
        "text": "Eccomi",
        "client_msg_id": "d68504ea-e4e0-49a6-b11a-991a611fc8eb",
        "ts": "1525098053.000646"
    },
    {
        "type": "message",
        "user": "U9NJ4EYM7",
        "text": "Ma la seconda e la terza sono ugualim",
        "client_msg_id": "c61e6c15-1897-447e-9b65-feece1077d9b",
        "ts": "1525098096.000114"
    },
    {
        "type": "message",
        "user": "U9P18U17X",
        "text": "No manca una linea sotto :joy:",
        "client_msg_id": "E284F4B7-59B2-4574-84FF-C87CEE416F1C",
        "ts": "1525098124.000025"
    },
    {
        "type": "message",
        "user": "U9NJ4EYM7",
        "text": "La seconda comunque",
        "client_msg_id": "e55155ea-ff09-4da6-bcba-c0b9ee7f8354",
        "ts": "1525098179.000338"
    },
    {
        "type": "message",
        "user": "U9NF6NSU8",
        "text": "Avete fatto la 4?",
        "client_msg_id": "88b704ea-992b-4682-9ab3-239e764fbe81",
        "ts": "1525098186.000572"
    },
    {
        "type": "message",
        "user": "U9NJ4EYM7",
        "text": "La prima la scarterei",
        "client_msg_id": "a11afb72-77ba-4b14-b7f8-e31dc4f0cffb",
        "ts": "1525098187.000271"
    },
    {
        "type": "message",
        "user": "U9NJ4EYM7",
        "text": "Si <@U9NF6NSU8> già pushato tutto",
        "client_msg_id": "b9fc0456-dbff-4376-a8e2-4e1551f6a1f7",
        "ts": "1525098205.000481"
    },
    {
        "type": "message",
        "user": "U9NBNJFB3",
        "text": "La seconda e la terza sono le migliori secondo me",
        "client_msg_id": "efcfda1f-a644-410a-ac74-23b223d696e5",
        "edited": {
            "user": "U9NBNJFB3",
            "ts": "1525098268.000000"
        },
        "ts": "1525098246.000421"
    },
    {
        "type": "message",
        "user": "U9P18U17X",
        "text": ":+1:",
        "ts": "1525098325.000398"
    }
]