[
    {
        "user": "U9B126ZME",
        "text": "<@U9B126ZME> has joined the channel",
        "type": "message",
        "subtype": "channel_join",
        "ts": "1526308761.000394"
    },
    {
        "type": "message",
        "user": "U9B126ZME",
        "text": "<!channel> ragazzi non trovo lo snippet con i comandi per testare l'esecuzione del vostro Sprint 2.  E' sfuggito a me oppure non consegnate?",
        "ts": "1526308790.000295"
    },
    {
        "type": "message",
        "user": "U9NDHPVRS",
        "text": "Non cosegnamo",
        "client_msg_id": "e068ba81-0389-4816-8047-aadd6443118b",
        "ts": "1526309059.000293"
    }
]