[
    {
        "type": "message",
        "user": "U9NBXPRDH",
        "text": "Parlo a nome del gruppo stonebraker. Il codice su Eclipse, funziona su console correttamente tramite Java Application del main. Ci viene dato l'errore sulla build di Travis negli ultimi commit \" \nThe command \".\/gradlew check &amp;&amp; .\/gradlew dockerDistTar &amp;&amp; docker build -t $DOCKER_ORGANIZATION\/$DOCKER_REPO .\/build\/docker\/\" exited with 1.\"",
        "client_msg_id": "77dabcf4-4bcd-4f6f-bd3a-7812f494ba8a",
        "thread_ts": "1525344771.000326",
        "reply_count": 10,
        "replies": [
            {
                "user": "U9MQSS657",
                "ts": "1525345063.000099"
            },
            {
                "user": "U9L0877K5",
                "ts": "1525345135.000111"
            },
            {
                "user": "U9NDPBTNF",
                "ts": "1525345202.000517"
            },
            {
                "user": "U9NBXPRDH",
                "ts": "1525345260.000339"
            },
            {
                "user": "U9NDHPVRS",
                "ts": "1525345335.000240"
            },
            {
                "user": "U9PUAUSRM",
                "ts": "1525345384.000231"
            },
            {
                "user": "U9NDHPVRS",
                "ts": "1525345438.000404"
            },
            {
                "user": "U9N8K4Z24",
                "ts": "1525345818.000010"
            },
            {
                "user": "U9NDHPVRS",
                "ts": "1525346233.000400"
            },
            {
                "user": "U9NBXPRDH",
                "ts": "1525436835.000278"
            }
        ],
        "unread_count": 10,
        "ts": "1525344771.000326"
    },
    {
        "type": "message",
        "user": "U9MQSS657",
        "text": "Potresti inviare il contenuto della variabile DOCKER_ORGANIZATION e DOCKER_REPO",
        "thread_ts": "1525344771.000326",
        "parent_user_id": "U9NBXPRDH",
        "ts": "1525345063.000099"
    },
    {
        "type": "message",
        "user": "U9L0877K5",
        "text": "Avete ricontrollato le variabili d'ambiente di <http:\/\/travis-ci.com|travis-ci.com> ?\nLo script  .travis.yml è stato modificato?",
        "thread_ts": "1525344771.000326",
        "parent_user_id": "U9NBXPRDH",
        "ts": "1525345135.000111"
    },
    {
        "type": "message",
        "user": "U9NDPBTNF",
        "text": "Non credo sia un problema di variabili di docker, se nessuno le ha toccate ovviamente...\nIeri sera abbiamo avuto lo stesso problema e dopo qualche tentativo di rebuild ha passato... sinceramente non so da cosa dipendesse ma noi non avevamo toccato niente",
        "thread_ts": "1525344771.000326",
        "parent_user_id": "U9NBXPRDH",
        "ts": "1525345202.000517"
    },
    {
        "type": "message",
        "user": "U9NBXPRDH",
        "text": "DOCKER_REPO = stonebraker\nDOCKER_ORGANIZATION = softenginfuniba",
        "client_msg_id": "72999759-9de5-4ffa-863b-026580b9a73d",
        "thread_ts": "1525344771.000326",
        "parent_user_id": "U9NBXPRDH",
        "ts": "1525345260.000339"
    },
    {
        "type": "message",
        "user": "U9NDHPVRS",
        "text": "si sono giuste,infatti esce ancora l'Hello world' della prima buid di travis",
        "thread_ts": "1525344771.000326",
        "parent_user_id": "U9NBXPRDH",
        "ts": "1525345335.000240"
    },
    {
        "type": "message",
        "user": "U9PUAUSRM",
        "text": "Allora, l'errore \"exited with 1\" dice solo che è fallita, ci dovrebbe essere un'errore più specifico all'interno del log (per esempio, non è riuscito a compilare, o a scaricare le dipendenze)",
        "thread_ts": "1525344771.000326",
        "parent_user_id": "U9NBXPRDH",
        "ts": "1525345384.000231"
    },
    {
        "type": "message",
        "user": "U9NDHPVRS",
        "text": "io credo che non sia riuscito a compilare sono che sul locale va",
        "thread_ts": "1525344771.000326",
        "parent_user_id": "U9NBXPRDH",
        "ts": "1525345438.000404"
    },
    {
        "type": "message",
        "user": "U9N8K4Z24",
        "text": "Avete messo, quando modificato, il punto al file Travis-Ci, prima di puschare. Il file da sostituire deve essere .travis.yml",
        "client_msg_id": "80ffcb05-93fd-40d0-a77a-737c182a51f9",
        "thread_ts": "1525344771.000326",
        "parent_user_id": "U9NBXPRDH",
        "ts": "1525345818.000010"
    },
    {
        "type": "message",
        "user": "U9NDHPVRS",
        "text": "si7",
        "thread_ts": "1525344771.000326",
        "parent_user_id": "U9NBXPRDH",
        "ts": "1525346233.000400"
    },
    {
        "type": "message",
        "user": "U9BD7NMPC",
        "text": "<@U9NBXPRDH> Da quel che vedo non siete mai riusciti ad avere una build funzionante. Vedo anche che all'inizio dello sprint avete modificato lo script gradle per aggiungere una libreria. E' probabile che avete commesso lì un errore che non siete mai riusciti a correggere.",
        "thread_ts": "1525359265.000635",
        "reply_count": 3,
        "replies": [
            {
                "user": "U9NBXPRDH",
                "ts": "1525436678.000335"
            },
            {
                "user": "U9NBXPRDH",
                "ts": "1525437390.000123"
            },
            {
                "user": "U9BD7NMPC",
                "ts": "1525450607.000401"
            }
        ],
        "unread_count": 3,
        "ts": "1525359265.000635"
    },
    {
        "type": "message",
        "user": "U9NAWRB2Q",
        "text": "Domanda ai vari gruppi: qualcuno qua estrae in memoria centrale lo zip? Abbiamo avuto problemi molto strani con il pc della prof. Novielli e stiamo teorizzando che sia in qualche modo la nostra estrazione in memoria centrale a causarli.",
        "thread_ts": "1525362504.000559",
        "reply_count": 19,
        "replies": [
            {
                "user": "U9P6VLG6A",
                "ts": "1525362667.000131"
            },
            {
                "user": "U9NAWRB2Q",
                "ts": "1525362889.000705"
            },
            {
                "user": "U9P6VLG6A",
                "ts": "1525363063.000142"
            },
            {
                "user": "U9NAWRB2Q",
                "ts": "1525363281.000111"
            },
            {
                "user": "U9PNL8V9U",
                "ts": "1525363476.000191"
            },
            {
                "user": "U9PNL8V9U",
                "ts": "1525363523.000861"
            },
            {
                "user": "U9NRSQ859",
                "ts": "1525363571.000119"
            },
            {
                "user": "U9NRSQ859",
                "ts": "1525363714.000727"
            },
            {
                "user": "U9NRSQ859",
                "ts": "1525363752.000604"
            },
            {
                "user": "U9NAWRB2Q",
                "ts": "1525363792.000274"
            },
            {
                "user": "U9P6VLG6A",
                "ts": "1525363835.000454"
            },
            {
                "user": "U9NAWRB2Q",
                "ts": "1525363936.000159"
            },
            {
                "user": "U9NAWRB2Q",
                "ts": "1525364148.000287"
            },
            {
                "user": "U9NDPBTNF",
                "ts": "1525365514.000106"
            },
            {
                "user": "U9NAWRB2Q",
                "ts": "1525365699.000376"
            },
            {
                "user": "U9NAWRB2Q",
                "ts": "1525365728.000146"
            },
            {
                "user": "U9BD7NMPC",
                "ts": "1525369936.000521"
            },
            {
                "user": "U9BD7NMPC",
                "ts": "1525370080.000472"
            },
            {
                "user": "U9Q9CDE0P",
                "ts": "1525373911.000344"
            }
        ],
        "unread_count": 19,
        "ts": "1525362504.000559"
    },
    {
        "type": "message",
        "user": "U9P6VLG6A",
        "text": "Per estrazione in memoria centrale intendi scompattare lo zip?",
        "client_msg_id": "5e0fff81-9fca-4975-ad72-7b91401e1beb",
        "thread_ts": "1525362504.000559",
        "parent_user_id": "U9NAWRB2Q",
        "ts": "1525362667.000131"
    },
    {
        "type": "message",
        "user": "U9NAWRB2Q",
        "text": "intendo lettura dei file all'interno dello zip senza estrarre nulla su disco",
        "thread_ts": "1525362504.000559",
        "parent_user_id": "U9NAWRB2Q",
        "ts": "1525362889.000705"
    },
    {
        "type": "message",
        "user": "U9P6VLG6A",
        "text": "Allora non ho capito cosa intendi con estrazione in memoria centrale...",
        "client_msg_id": "bfc85793-7bae-4875-a133-4f870478781d",
        "thread_ts": "1525362504.000559",
        "parent_user_id": "U9NAWRB2Q",
        "ts": "1525363063.000142"
    },
    {
        "type": "message",
        "user": "U9NAWRB2Q",
        "text": "hai ragione mi sono espresso male\nin pratica leggiamo i file .json senza estrarli, se qualcuno fa come noi ce lo dicesse perché vorremmo capire se magari qualche nostro metodo causa problemi sulla macchina della prof Novielli",
        "thread_ts": "1525362504.000559",
        "parent_user_id": "U9NAWRB2Q",
        "ts": "1525363281.000111"
    },
    {
        "type": "message",
        "user": "U9PNL8V9U",
        "text": "Noi di <#C9PNPP91U|reddy> usiamo i file senza estrarre tutto il contenuto dello zip",
        "thread_ts": "1525362504.000559",
        "parent_user_id": "U9NAWRB2Q",
        "ts": "1525363476.000191"
    },
    {
        "type": "message",
        "user": "U9PNL8V9U",
        "text": "Sulle più macchine testate funziona tutto perfettamente ma ci sono stati tolti 2 punti perché 2 comandi non funzionavano ma a tutto il team funzionano",
        "edited": {
            "user": "U9PNL8V9U",
            "ts": "1525363555.000000"
        },
        "thread_ts": "1525362504.000559",
        "parent_user_id": "U9NAWRB2Q",
        "ts": "1525363523.000861"
    },
    {
        "type": "message",
        "user": "U9NRSQ859",
        "text": "noi di <#C9NUSE6TC|bernerslee> leggiamo il json dall'interno del file zip senza estrarlo",
        "thread_ts": "1525362504.000559",
        "parent_user_id": "U9NAWRB2Q",
        "ts": "1525363571.000119"
    },
    {
        "type": "message",
        "user": "U9NRSQ859",
        "text": "<@U9NAWRB2Q> Continuate a leggere il file direttamente oppure trasformate l'inputstream in stringa ?",
        "edited": {
            "user": "U9NRSQ859",
            "ts": "1525363723.000000"
        },
        "thread_ts": "1525362504.000559",
        "parent_user_id": "U9NAWRB2Q",
        "ts": "1525363714.000727"
    },
    {
        "type": "message",
        "user": "U9NRSQ859",
        "text": "Nel dubbio chiudete il file zip ogni volta che ci lavorate dentro ? Potrebbe essere dipeso da quello l'errore :slightly_smiling_face:",
        "thread_ts": "1525362504.000559",
        "parent_user_id": "U9NAWRB2Q",
        "ts": "1525363752.000604"
    },
    {
        "type": "message",
        "user": "U9NAWRB2Q",
        "text": "vabene grazie per aver risposto tempestivamente.\nse non siamo gli unici a leggere senza estrarre probabilmente questo bug è di un'altra natura.",
        "thread_ts": "1525362504.000559",
        "parent_user_id": "U9NAWRB2Q",
        "ts": "1525363792.000274"
    },
    {
        "type": "message",
        "user": "U9P6VLG6A",
        "text": "Anche noi leggiamo senza estrarre",
        "client_msg_id": "643fa33b-492a-40d2-bee5-ef3925336636",
        "thread_ts": "1525362504.000559",
        "parent_user_id": "U9NAWRB2Q",
        "ts": "1525363835.000454"
    },
    {
        "type": "message",
        "user": "U9NAWRB2Q",
        "text": "il problema sulla macchina della prof novielli è che il programma non parte proprio ed è un problema che riguarda solo noi a quanto pare, inoltre è un errore limitato a quel dispositivo.'Sto bug ci ha rovinato la giornata, non riusciamo a riprodurlo e non sappiamo minimamente da cosa possa dipendere :confused:",
        "thread_ts": "1525362504.000559",
        "parent_user_id": "U9NAWRB2Q",
        "ts": "1525363936.000159"
    },
    {
        "type": "message",
        "user": "U9NAWRB2Q",
        "text": "quello che posso dire è che il comando di help funziona \nPROBABILMENTE perché non ha l'opzione -v, quindi l'errore è probabilmente di docker e di come si comporta il -v? ma anche fosse quello il problema allora perché è una cosa uscita fuori solo oggi e su tutte e 4 le macchine del gruppo non era mai spuntato? è tutto un mistero",
        "edited": {
            "user": "U9NAWRB2Q",
            "ts": "1525364512.000000"
        },
        "thread_ts": "1525362504.000559",
        "parent_user_id": "U9NAWRB2Q",
        "ts": "1525364148.000287"
    },
    {
        "type": "message",
        "user": "U9NDPBTNF",
        "text": "Scusate ma avete provato sul pc di calefato piuttosto che su quello della novielli?",
        "client_msg_id": "4e995b47-e625-4080-868a-465dde4fed6a",
        "thread_ts": "1525362504.000559",
        "parent_user_id": "U9NAWRB2Q",
        "ts": "1525365514.000106"
    },
    {
        "type": "message",
        "user": "U9NAWRB2Q",
        "text": "abbiamo risolto quando abbiamo provato il programma sul pc di Giuseppe Iaffaldano, infatti abbiamo preso 4",
        "thread_ts": "1525362504.000559",
        "parent_user_id": "U9NAWRB2Q",
        "ts": "1525365699.000376"
    },
    {
        "type": "message",
        "user": "U9NAWRB2Q",
        "text": "ma penso proprio che il problema per Novielli resti",
        "thread_ts": "1525362504.000559",
        "parent_user_id": "U9NAWRB2Q",
        "ts": "1525365728.000146"
    },
    {
        "type": "message",
        "user": "U9PBHQU3H",
        "text": "Una ragazza a lezione ha chiesto se la mention automatica che slack inserisce nel messaggio quando un utente posta un file deve considerarsi mention o no. La risposta si è un po' persa nel caos. Qualcuno potrebbe ripeterla? <#C9NEL4BRA|micali>",
        "client_msg_id": "f3003fd3-cc22-4b32-8b58-61ae37425dfa",
        "edited": {
            "user": "U9PBHQU3H",
            "ts": "1525369602.000000"
        },
        "thread_ts": "1525369504.000276",
        "reply_count": 5,
        "replies": [
            {
                "user": "U9MML6PLG",
                "ts": "1525369622.000640"
            },
            {
                "user": "U9MML6PLG",
                "ts": "1525369754.000448"
            },
            {
                "user": "U9BD7NMPC",
                "ts": "1525369776.000080"
            },
            {
                "user": "U9PP54E4D",
                "ts": "1525370442.000418"
            },
            {
                "user": "U9MML6PLG",
                "ts": "1525370478.000226"
            }
        ],
        "unread_count": 5,
        "ts": "1525369504.000276"
    },
    {
        "type": "message",
        "user": "U9MML6PLG",
        "text": "non è da considerare mention",
        "thread_ts": "1525369504.000276",
        "parent_user_id": "U9PBHQU3H",
        "ts": "1525369622.000640",
        "reactions": [
            {
                "name": "+1",
                "users": [
                    "U9BD7NMPC"
                ],
                "count": 1
            }
        ]
    },
    {
        "type": "message",
        "user": "U9MML6PLG",
        "text": "ovviamente se c'è un mention assieme al file quello si conta",
        "thread_ts": "1525369504.000276",
        "parent_user_id": "U9PBHQU3H",
        "ts": "1525369754.000448",
        "reactions": [
            {
                "name": "+1",
                "users": [
                    "U9BD7NMPC",
                    "U9MNETCD6"
                ],
                "count": 2
            }
        ]
    },
    {
        "type": "message",
        "user": "U9BD7NMPC",
        "text": "Mi leva le parole di bocca :slightly_smiling_face:",
        "thread_ts": "1525369504.000276",
        "parent_user_id": "U9PBHQU3H",
        "ts": "1525369776.000080",
        "reactions": [
            {
                "name": "+1",
                "users": [
                    "U9MML6PLG"
                ],
                "count": 1
            }
        ]
    },
    {
        "type": "message",
        "user": "U9BD7NMPC",
        "text": "il pc di <@U9NCCC059> è più buono :slightly_smiling_face:",
        "thread_ts": "1525362504.000559",
        "parent_user_id": "U9NAWRB2Q",
        "ts": "1525369936.000521"
    },
    {
        "type": "message",
        "user": "U9BD7NMPC",
        "text": "A parte gli scherzi, se avete un'ipotesi sperimentatela. Se trovate una soluzione che rende il programma veramente portabile condividetela e sarete ampiamente ricompensati",
        "thread_ts": "1525362504.000559",
        "parent_user_id": "U9NAWRB2Q",
        "ts": "1525370080.000472"
    },
    {
        "text": "mentre <!everyone> ? ",
        "client_msg_id": "61743A6F-0B97-4605-BC31-97E481A4247B",
        "thread_ts": "1525369504.000276",
        "is_thread_broadcast": true,
        "channel_id": 343509525569,
        "type": "message",
        "subtype": "thread_broadcast",
        "user": "U9PP54E4D",
        "root": {
            "type": "message",
            "user": "U9PBHQU3H",
            "text": "Una ragazza a lezione ha chiesto se la mention automatica che slack inserisce nel messaggio quando un utente posta un file deve considerarsi mention o no. La risposta si è un po' persa nel caos. Qualcuno potrebbe ripeterla? <#C9NEL4BRA|micali>",
            "client_msg_id": "f3003fd3-cc22-4b32-8b58-61ae37425dfa",
            "edited": {
                "user": "U9PBHQU3H",
                "ts": "1525369602.000000"
            },
            "thread_ts": "1525369504.000276",
            "reply_count": 5,
            "replies": [
                {
                    "user": "U9MML6PLG",
                    "ts": "1525369622.000640"
                },
                {
                    "user": "U9MML6PLG",
                    "ts": "1525369754.000448"
                },
                {
                    "user": "U9BD7NMPC",
                    "ts": "1525369776.000080"
                },
                {
                    "user": "U9PP54E4D",
                    "ts": "1525370442.000418"
                },
                {
                    "user": "U9MML6PLG",
                    "ts": "1525370478.000226"
                }
            ],
            "unread_count": 5,
            "ts": "1525369504.000276"
        },
        "ts": "1525370442.000418"
    },
    {
        "type": "message",
        "user": "U9MML6PLG",
        "text": "sia @channel che @everyone non sono da contare",
        "thread_ts": "1525369504.000276",
        "parent_user_id": "U9PBHQU3H",
        "ts": "1525370478.000226"
    },
    {
        "type": "message",
        "user": "U9BD7NMPC",
        "text": "Mi rendo conto che il 90% di quello che dico a lezione va perso. Un mention vale solo in caso identifichi un singolo utente non se identifica un gruppo o tutti",
        "ts": "1525370661.000378"
    },
    {
        "type": "message",
        "user": "U9Q3DHX0V",
        "text": "Parlo a nome del gruppo <#C9PCTK26A|shamir>:\nnell'implementazione del comando members ordiniamo la lista dei membri accedendo al campo \"real_name\" presente nel file \"users.json\". Testando l'applicazione con un dataset differente (quello usato in fase di valutazione: test.zip), abbiamo riscontrato che alcuni membri non presentano il campo \"real_name\" (supponiamo si tratti di utenti cancellati).\nQuindi qualsiasi metodo che accede al campo \"real_name\" (nel nostro caso il metodo di ordinamento) genera un eccezione dato che questo risulta null.\nAbbiamo risolto effettuando un controllo esplicito sulla presenza del campo \"real_name\", modificando la funzione di ordinamento.",
        "thread_ts": "1525370773.000171",
        "reply_count": 1,
        "replies": [
            {
                "user": "U9NCCC059",
                "ts": "1525371190.000673"
            }
        ],
        "unread_count": 1,
        "ts": "1525370773.000171",
        "reactions": [
            {
                "name": "+1",
                "users": [
                    "U9BD7NMPC",
                    "U9PBHQU3H"
                ],
                "count": 2
            }
        ]
    },
    {
        "type": "message",
        "user": "U9NCCC059",
        "text": "Grazie per la segnalazione, è un problema che ha afflitto molti quello di considerare \"real_name\" come attribuito necessariamente esistente.",
        "client_msg_id": "52cb645e-8586-48eb-8135-85695177a333",
        "thread_ts": "1525370773.000171",
        "parent_user_id": "U9Q3DHX0V",
        "ts": "1525371190.000673"
    },
    {
        "type": "message",
        "user": "U9Q9CDE0P",
        "text": "<@U9NAWRB2Q> noi estraiamo in memoria centrale ma non abbiamo avuto alcun problema. Usate qualche libreria esterna? Abbiamo scoperto che java.util.zip estrae tranquillamente in memoria centrale senza l'ausilio di librerie esterne, provate a vedere se usando magari un'altra libreria o quella di Java stessa vi da problemi.",
        "thread_ts": "1525362504.000559",
        "parent_user_id": "U9NAWRB2Q",
        "ts": "1525373911.000344",
        "reactions": [
            {
                "name": "+1",
                "users": [
                    "U9NAWRB2Q",
                    "U9BD7NMPC"
                ],
                "count": 2
            }
        ]
    },
    {
        "type": "message",
        "user": "U9NRSQ859",
        "text": "Professore , andranno conteggiati anche eventuali @mention nei threads ?",
        "ts": "1525379720.000729",
        "reactions": [
            {
                "name": "thinking_face",
                "users": [
                    "U9MML6PLG"
                ],
                "count": 1
            }
        ]
    },
    {
        "type": "message",
        "user": "U9BD7NMPC",
        "text": "sì sebbene più che contati in questo momento vanno rilevati.",
        "ts": "1525386295.000007",
        "reactions": [
            {
                "name": "+1",
                "users": [
                    "U9NRSQ859"
                ],
                "count": 1
            }
        ]
    }
]