[
    {
        "type": "message",
        "user": "U9P60ACP7",
        "text": "prof <@U9N8CNHK2> abbiamo notato che il controllo di checkstyle considera la tabulazione (carattere \\t) come una sequenza di 8 spazi, l'editor di eclipse invece ne considera 4. Questo provoca l'errore \"Line is longer than 120 characters\" anche se la lunghezza effettiva della linea è minore di 120 caratteri. In questo link <http:\/\/checkstyle.sourceforge.net\/config.html#TreeWalker> viene mostrato che non essendo stata specificata la proprietà \"tabWidth\" di TreeWalker all'interno del file di configurazione il valore di default è appunto 8. Potrebbe modificare (o darci il permesso di modificare) la configurazione per evitare questi errori, che altrimenti possono essere risolti solo sostituendo manualmente ogni tab con 4 spazi (o andando a capo più volte del necessario)?",
        "ts": "1526304423.000563",
        "reactions": [
            {
                "name": "+1",
                "users": [
                    "U9RTC8JSE",
                    "U9N8CNHK2"
                ],
                "count": 2
            }
        ]
    },
    {
        "type": "message",
        "user": "U9N8CNHK2",
        "text": "E' questo l'unico controllo di Checkstyle che crea problemi rispetto alla configurazione di Eclipse?",
        "attachments": [
            {
                "fallback": "[May 14th, 2018 3:27 PM] dongiovannidavide: prof <@U9N8CNHK2> abbiamo notato che il controllo di checkstyle considera la tabulazione (carattere \\t) come una sequenza di 8 spazi, l'editor di eclipse invece ne considera 4. Questo provoca l'errore \"Line is longer than 120 characters\" anche se la lunghezza effettiva della linea è minore di 120 caratteri. In questo link <http:\/\/checkstyle.sourceforge.net\/config.html#TreeWalker> viene mostrato che non essendo stata specificata la proprietà \"tabWidth\" di TreeWalker all'interno del file di configurazione il valore di default è appunto 8. Potrebbe modificare (o darci il permesso di modificare) la configurazione per evitare questi errori, che altrimenti possono essere risolti solo sostituendo manualmente ogni tab con 4 spazi (o andando a capo più volte del necessario)?",
                "ts": "1526304423.000563",
                "author_id": "U9P60ACP7",
                "author_subname": "Davide Dongiovanni",
                "channel_id": "CA3EZFFGR",
                "channel_name": "assistenza",
                "is_msg_unfurl": true,
                "text": "prof <@U9N8CNHK2> abbiamo notato che il controllo di checkstyle considera la tabulazione (carattere \\t) come una sequenza di 8 spazi, l'editor di eclipse invece ne considera 4. Questo provoca l'errore \"Line is longer than 120 characters\" anche se la lunghezza effettiva della linea è minore di 120 caratteri. In questo link <http:\/\/checkstyle.sourceforge.net\/config.html#TreeWalker> viene mostrato che non essendo stata specificata la proprietà \"tabWidth\" di TreeWalker all'interno del file di configurazione il valore di default è appunto 8. Potrebbe modificare (o darci il permesso di modificare) la configurazione per evitare questi errori, che altrimenti possono essere risolti solo sostituendo manualmente ogni tab con 4 spazi (o andando a capo più volte del necessario)?",
                "author_name": "Davide Dongiovanni",
                "author_link": "https:\/\/ingsw1718.slack.com\/team\/U9P60ACP7",
                "author_icon": "https:\/\/avatars.slack-edge.com\/2018-03-14\/329787366755_b86d92318978b983990b_48.jpg",
                "mrkdwn_in": [
                    "text"
                ],
                "color": "D0D0D0",
                "from_url": "https:\/\/ingsw1718.slack.com\/archives\/CA3EZFFGR\/p1526304423000563",
                "is_share": true,
                "footer": "Posted in #assistenza"
            }
        ],
        "thread_ts": "1526309632.000007",
        "reply_count": 2,
        "replies": [
            {
                "user": "U9P60ACP7",
                "ts": "1526310010.000450"
            },
            {
                "user": "U9N8CNHK2",
                "ts": "1526310286.000538"
            }
        ],
        "unread_count": 2,
        "ts": "1526309632.000007"
    },
    {
        "type": "message",
        "user": "U9P60ACP7",
        "text": "degli errori nel codice del mio gruppo al momento si",
        "thread_ts": "1526309632.000007",
        "parent_user_id": "U9N8CNHK2",
        "ts": "1526310010.000450"
    },
    {
        "type": "message",
        "user": "U9N8CNHK2",
        "text": "ok, vi rilasceremo a breve il file di configurazione modificato",
        "thread_ts": "1526309632.000007",
        "parent_user_id": "U9N8CNHK2",
        "ts": "1526310286.000538"
    }
]