[
    {
        "type": "message",
        "user": "U9N7WANGG",
        "text": "<@U9BD7NMPC> prof, siccome noi possiamo menzionare anche i membri che non appartengono al channel, anche se il membro menzionato non la vedrà finché non si aggiunge al channel, vale comunque come menzione? Noi avevamo pensato di fare il confronto della stringa che sta dopo la \"@\" nel messaggio che appartiene ad un channel con la lista dei membri che sta nel channel stesso e non di tutti i membri del workspace (per motivi di ottimizzazione)",
        "thread_ts": "1525636587.000016",
        "reply_count": 1,
        "replies": [
            {
                "user": "U9BD7NMPC",
                "ts": "1525642542.000013"
            }
        ],
        "unread_count": 1,
        "ts": "1525636587.000016"
    },
    {
        "type": "message",
        "user": "U9N7WANGG",
        "text": "un'altro problema e che un'utente può menzionare se stesso, è se vogliamo considerare questo come mention perdiamo l'unica possibilità di escludere i \"mention\" che compaiono nel caso di file_share:  \"text\": \"&lt;@U9N7WANGG&gt; uploaded a file",
        "edited": {
            "user": "U9N7WANGG",
            "ts": "1525638382.000000"
        },
        "thread_ts": "1525638263.000075",
        "reply_count": 1,
        "replies": [
            {
                "user": "U9BD7NMPC",
                "ts": "1525642631.000061"
            }
        ],
        "unread_count": 1,
        "ts": "1525638263.000075"
    },
    {
        "type": "message",
        "user": "U9BD7NMPC",
        "text": "Se slack fa menzionare qualcuno che non ha sottoscritto a un canale voi potete tenerne conto e ammetterlo come mention",
        "thread_ts": "1525636587.000016",
        "parent_user_id": "U9N7WANGG",
        "ts": "1525642542.000013"
    },
    {
        "type": "message",
        "user": "U9BD7NMPC",
        "text": "A che serve automenzionarsi? In ogni caso non è  \"social\" e quindi non dovrebbe far parte della social network",
        "thread_ts": "1525638263.000075",
        "parent_user_id": "U9N7WANGG",
        "ts": "1525642631.000061",
        "reactions": [
            {
                "name": "+1",
                "users": [
                    "U9MQSS657"
                ],
                "count": 1
            }
        ]
    }
]