[
    {
        "type": "message",
        "user": "U9JS0QR60",
        "text": "<@U9BD7NMPC> buon pomeriggio professore, abbiamo un dubbio... Quando dobbiamo selezionare un utente per creare il metodo che restituisce le mention inviate da uno specifico utente o che arrivano ad uno specifico utente quale parametro utilizziamo? Ci siamo resi conto che non possiamo usare il real_name dei file .json perché, anche se nel nostro workspace è univoco, nel mondo reale non lo sarebbe... Perciò utilizziamo l'id o il name dei file .json (che sono entrambi univoci)?",
        "client_msg_id": "4ccf9010-e4d5-4097-9690-1fc151f6c964",
        "thread_ts": "1525962220.000104",
        "reply_count": 17,
        "replies": [
            {
                "user": "U9PNL8V9U",
                "ts": "1525962982.000817"
            },
            {
                "user": "U9JS0QR60",
                "ts": "1525963103.000540"
            },
            {
                "user": "U9PNL8V9U",
                "ts": "1525963144.000648"
            },
            {
                "user": "U9PBHQU3H",
                "ts": "1525964685.000773"
            },
            {
                "user": "U9BD7NMPC",
                "ts": "1525965456.000305"
            },
            {
                "user": "U9NQ8RQ67",
                "ts": "1525965527.000063"
            },
            {
                "user": "U9BD7NMPC",
                "ts": "1525965564.000080"
            },
            {
                "user": "U9NAWRB2Q",
                "ts": "1525967609.000545"
            },
            {
                "user": "U9PNL8V9U",
                "ts": "1525967681.000686"
            },
            {
                "user": "U9NAWRB2Q",
                "ts": "1525967785.000628"
            },
            {
                "user": "U9BD7NMPC",
                "ts": "1525967844.000233"
            },
            {
                "user": "U9PNL8V9U",
                "ts": "1525968061.000280"
            },
            {
                "user": "U9NRSQ859",
                "ts": "1525971637.000508"
            },
            {
                "user": "U9BD7NMPC",
                "ts": "1525989196.000404"
            },
            {
                "user": "U9NSLHZAQ",
                "ts": "1526052163.000676"
            },
            {
                "user": "U9BD7NMPC",
                "ts": "1526058196.000235"
            },
            {
                "user": "U9NSLHZAQ",
                "ts": "1526061126.000566"
            }
        ],
        "unread_count": 17,
        "ts": "1525962220.000104"
    },
    {
        "type": "message",
        "user": "U9NAWRB2Q",
        "text": "scrivo una cosa che ho sentito in aula e che mi ha aiutato ma che non trovo scritta qua:\nSe avete problemi nella generazione della cartella reports e la console vi dice che non riesce a trovare il file tools.jar potete prenderlo da altre versioni di Java e spostarlo nella cartella &lt;jdk 1.x.x&gt;\/lib",
        "edited": {
            "user": "U9NAWRB2Q",
            "ts": "1525962299.000000"
        },
        "ts": "1525962221.000209",
        "reactions": [
            {
                "name": "100",
                "users": [
                    "U9RTC8JSE",
                    "U9NCNLL83",
                    "U9MNETCD6"
                ],
                "count": 3
            },
            {
                "name": "+1",
                "users": [
                    "U9BD7NMPC"
                ],
                "count": 1
            }
        ]
    },
    {
        "type": "message",
        "user": "U9PNL8V9U",
        "text": "Il campo da utilizzare dovrebbe essere name (ovvero lo username) in quanto siamo sicuri che sarà univoco",
        "client_msg_id": "6EEE7BDA-80FF-4A5B-B01C-0C9F6E207B06",
        "thread_ts": "1525962220.000104",
        "parent_user_id": "U9JS0QR60",
        "ts": "1525962982.000817"
    },
    {
        "type": "message",
        "user": "U9JS0QR60",
        "text": "Ci siamo resi conto che neanche il name è matematicamente univoco, in quanto è la prima parte dell'indirizzo email, quindi è univoco solo all'interno di un determinato dominio. Perciò abbiamo deciso di usare l'id, parametro univoco all'interno del workspace",
        "client_msg_id": "db7435a8-c115-4902-8dc9-f2e18f83072f",
        "thread_ts": "1525962220.000104",
        "parent_user_id": "U9JS0QR60",
        "ts": "1525963103.000540"
    },
    {
        "type": "message",
        "user": "U9PNL8V9U",
        "text": "Certo visto che il mention all’interno dei messaggi è composto da “@id”",
        "client_msg_id": "2CE8A7FF-729D-43C5-9CF3-552A56DA687A",
        "thread_ts": "1525962220.000104",
        "parent_user_id": "U9JS0QR60",
        "ts": "1525963144.000648"
    },
    {
        "type": "message",
        "user": "U9PBHQU3H",
        "text": "Noi abbiamo usato il display_name. Non è univoco, ma è quello che viene visualizzato quando si scrive @ su Slack. Per esempio il mio display name è <@U9PBHQU3H>",
        "client_msg_id": "996fa69f-7597-4bfb-b051-d479a20d256f",
        "thread_ts": "1525962220.000104",
        "parent_user_id": "U9JS0QR60",
        "ts": "1525964685.000773",
        "reactions": [
            {
                "name": "+1",
                "users": [
                    "U9BD7NMPC"
                ],
                "count": 1
            }
        ]
    },
    {
        "type": "message",
        "user": "U9BD7NMPC",
        "text": "Noi testiamo con quello che si vede da interfaccia dopo il *@*",
        "thread_ts": "1525962220.000104",
        "parent_user_id": "U9JS0QR60",
        "ts": "1525965456.000305"
    },
    {
        "type": "message",
        "user": "U9NQ8RQ67",
        "text": "Il display_name però su slack è un campo opzionale quindi potrebbe non essere presente per ogni utente.",
        "thread_ts": "1525962220.000104",
        "parent_user_id": "U9JS0QR60",
        "ts": "1525965527.000063"
    },
    {
        "type": "message",
        "user": "U9BD7NMPC",
        "text": "Qualunque cosa sia basta che corrisponda a quello che si vede nella UI",
        "thread_ts": "1525962220.000104",
        "parent_user_id": "U9JS0QR60",
        "ts": "1525965564.000080"
    },
    {
        "type": "message",
        "user": "U9NAWRB2Q",
        "text": "penso che la soluzione sia stampare il display name e in caso non ci sia stampare il real name perché l'UI di Slack si comporta così",
        "thread_ts": "1525962220.000104",
        "parent_user_id": "U9JS0QR60",
        "ts": "1525967609.000545"
    },
    {
        "type": "message",
        "user": "U9PNL8V9U",
        "text": "E in caso non ci sia il real_name lo username? Prendere il campo real_name è l’errore che ci è costato un punto nello sprint 1",
        "client_msg_id": "220664F1-FAEC-45C2-9DF5-2B761C1D7EA2",
        "thread_ts": "1525962220.000104",
        "parent_user_id": "U9JS0QR60",
        "ts": "1525967681.000686"
    },
    {
        "type": "message",
        "user": "U9NAWRB2Q",
        "text": "eh è costato un punto anche a noi e sì credo che il caso estremo sia quello di stampare l'username",
        "thread_ts": "1525962220.000104",
        "parent_user_id": "U9JS0QR60",
        "ts": "1525967785.000628"
    },
    {
        "type": "message",
        "user": "U9BD7NMPC",
        "text": "Potrebbe essere. Preciso che il punto perso è dovuto a non essere in grado di gestire un input imprevisto.",
        "thread_ts": "1525962220.000104",
        "parent_user_id": "U9JS0QR60",
        "ts": "1525967844.000233",
        "reactions": [
            {
                "name": "+1",
                "users": [
                    "U9NAWRB2Q"
                ],
                "count": 1
            },
            {
                "name": "cry",
                "users": [
                    "U9RTC8JSE"
                ],
                "count": 1
            }
        ]
    },
    {
        "type": "message",
        "user": "U9PNL8V9U",
        "text": "Si ma a questo punto quell’input imprevisto potrebbe ricapitare. Se il mention è stato fatto e l’ID compare nella lista dei members suppongo che l’account sia realmente esistente. In assenza di display_name e real_name dovremmo comunque trovare un modo per stampare quella mention, visto che è effettivamente stata fatta",
        "client_msg_id": "B8552E60-54F2-40F9-9559-DE8BBF4F680E",
        "thread_ts": "1525962220.000104",
        "parent_user_id": "U9JS0QR60",
        "ts": "1525968061.000280"
    },
    {
        "type": "message",
        "user": "U9NRSQ859",
        "text": "Sarebbe quindi opportuno fare tutti i dovuti controlli per assicurarsi che nel caso non ci sia display_name e non ci sia nemmeno real_name , vada preso name ?",
        "thread_ts": "1525962220.000104",
        "parent_user_id": "U9JS0QR60",
        "ts": "1525971637.000508"
    },
    {
        "type": "message",
        "user": "U9BD7NMPC",
        "text": "se non volete  prendervi rischi sì",
        "thread_ts": "1525962220.000104",
        "parent_user_id": "U9JS0QR60",
        "ts": "1525989196.000404",
        "reactions": [
            {
                "name": "+1",
                "users": [
                    "U9NRSQ859"
                ],
                "count": 1
            }
        ]
    }
]