[
    {
        "type": "message",
        "user": "U9P61MA7Q",
        "text": "Se può servire, noi del gruppo Micali abbiano risolto ricontrollando il docker ID, e rimettendo quello corretto abbiamo constatato che tutto funziona bene",
        "client_msg_id": "9aec8e44-afe3-4dd7-b5b8-7a2dcd8abbe5",
        "ts": "1524736801.000456"
    },
    {
        "type": "message",
        "user": "U9PBHQU3H",
        "text": "<#C9NEL4BRA|micali> noi stiamo avendo problemi con travis. Prima era solo lento. Ora si è proprio bloccato e non partono i build. Qualcun altro come noi?",
        "client_msg_id": "ad348baf-ac78-4b85-aeff-401912144fb6",
        "thread_ts": "1524759209.000376",
        "reply_count": 5,
        "replies": [
            {
                "user": "U9PUAUSRM",
                "ts": "1524759530.000139"
            },
            {
                "user": "U9NRSQ859",
                "ts": "1524759715.000361"
            },
            {
                "user": "U9PBHQU3H",
                "ts": "1524760533.000286"
            },
            {
                "user": "U9BD7NMPC",
                "ts": "1524760620.000276"
            },
            {
                "user": "U9PBHQU3H",
                "ts": "1524761977.000230"
            }
        ],
        "unread_count": 5,
        "ts": "1524759209.000376"
    },
    {
        "type": "message",
        "user": "U9PUAUSRM",
        "text": "Ho *appena* terminato la build di una pull request, voi da quanto state aspettando che Travis si attivi?",
        "thread_ts": "1524759209.000376",
        "parent_user_id": "U9PBHQU3H",
        "ts": "1524759530.000139"
    },
    {
        "type": "message",
        "user": "U9NRSQ859",
        "text": "Stesso problema anche qui",
        "thread_ts": "1524759209.000376",
        "parent_user_id": "U9PBHQU3H",
        "ts": "1524759715.000361"
    },
    {
        "type": "message",
        "user": "U9PNL8V9U",
        "text": "Stiamo avendo problemi nel leggere il file zip dall'immagine di Docker. Inserendo i parametri di input in Eclipse non ci sono problemi ma, inserendo la stessa linea di comando in docker, il programma ci restituisce l'errore del file non trovato.\n- La stringa di errore è un output del nostro codice, non è un errore di comandi Docker;\n- Abbiamo già testato i vari slash ( \/ \\ );",
        "edited": {
            "user": "U9PNL8V9U",
            "ts": "1524760285.000000"
        },
        "ts": "1524760165.000673"
    },
    {
        "type": "message",
        "subtype": "file_share",
        "text": "<@U9PNL8V9U> uploaded a file: <https:\/\/ingsw1718.slack.com\/files\/U9PNL8V9U\/FADB1GXB3\/docker_problem.jpg|docker problem.jpg> and commented: Questi sono gli screen di ciò che ho appena descritto",
        "file": {
            "id": "FADB1GXB3",
            "created": 1524760324,
            "timestamp": 1524760324,
            "name": "docker problem.jpg",
            "title": "docker problem.jpg",
            "mimetype": "image\/jpeg",
            "filetype": "jpg",
            "pretty_type": "JPEG",
            "user": "U9PNL8V9U",
            "editable": false,
            "size": 262416,
            "mode": "hosted",
            "is_external": false,
            "external_type": "",
            "is_public": true,
            "public_url_shared": false,
            "display_as_bot": false,
            "username": "",
            "url_private": "https:\/\/files.slack.com\/files-pri\/T9BAB138B-FADB1GXB3\/docker_problem.jpg?t=xoxe-317351037283-365207707586-364511306800-333c6acf63d6b69e07fd249ca7d3d9ee",
            "url_private_download": "https:\/\/files.slack.com\/files-pri\/T9BAB138B-FADB1GXB3\/download\/docker_problem.jpg?t=xoxe-317351037283-365207707586-364511306800-333c6acf63d6b69e07fd249ca7d3d9ee",
            "thumb_64": "https:\/\/files.slack.com\/files-tmb\/T9BAB138B-FADB1GXB3-cc2c3aa215\/docker_problem_64.jpg?t=xoxe-317351037283-365207707586-364511306800-333c6acf63d6b69e07fd249ca7d3d9ee",
            "thumb_80": "https:\/\/files.slack.com\/files-tmb\/T9BAB138B-FADB1GXB3-cc2c3aa215\/docker_problem_80.jpg?t=xoxe-317351037283-365207707586-364511306800-333c6acf63d6b69e07fd249ca7d3d9ee",
            "thumb_360": "https:\/\/files.slack.com\/files-tmb\/T9BAB138B-FADB1GXB3-cc2c3aa215\/docker_problem_360.jpg?t=xoxe-317351037283-365207707586-364511306800-333c6acf63d6b69e07fd249ca7d3d9ee",
            "thumb_360_w": 360,
            "thumb_360_h": 180,
            "thumb_480": "https:\/\/files.slack.com\/files-tmb\/T9BAB138B-FADB1GXB3-cc2c3aa215\/docker_problem_480.jpg?t=xoxe-317351037283-365207707586-364511306800-333c6acf63d6b69e07fd249ca7d3d9ee",
            "thumb_480_w": 480,
            "thumb_480_h": 240,
            "thumb_160": "https:\/\/files.slack.com\/files-tmb\/T9BAB138B-FADB1GXB3-cc2c3aa215\/docker_problem_160.jpg?t=xoxe-317351037283-365207707586-364511306800-333c6acf63d6b69e07fd249ca7d3d9ee",
            "thumb_720": "https:\/\/files.slack.com\/files-tmb\/T9BAB138B-FADB1GXB3-cc2c3aa215\/docker_problem_720.jpg?t=xoxe-317351037283-365207707586-364511306800-333c6acf63d6b69e07fd249ca7d3d9ee",
            "thumb_720_w": 720,
            "thumb_720_h": 360,
            "thumb_800": "https:\/\/files.slack.com\/files-tmb\/T9BAB138B-FADB1GXB3-cc2c3aa215\/docker_problem_800.jpg?t=xoxe-317351037283-365207707586-364511306800-333c6acf63d6b69e07fd249ca7d3d9ee",
            "thumb_800_w": 800,
            "thumb_800_h": 400,
            "thumb_960": "https:\/\/files.slack.com\/files-tmb\/T9BAB138B-FADB1GXB3-cc2c3aa215\/docker_problem_960.jpg?t=xoxe-317351037283-365207707586-364511306800-333c6acf63d6b69e07fd249ca7d3d9ee",
            "thumb_960_w": 960,
            "thumb_960_h": 480,
            "image_exif_rotation": 1,
            "original_w": 1000,
            "original_h": 500,
            "permalink": "https:\/\/ingsw1718.slack.com\/files\/U9PNL8V9U\/FADB1GXB3\/docker_problem.jpg",
            "permalink_public": "https:\/\/slack-files.com\/T9BAB138B-FADB1GXB3-b9d64a7502",
            "channels": [],
            "groups": [],
            "ims": [],
            "comments_count": 1,
            "initial_comment": {
                "id": "FcAEUHN5JB",
                "created": 1524760324,
                "timestamp": 1524760324,
                "user": "U9PNL8V9U",
                "is_intro": true,
                "comment": "Questi sono gli screen di ciò che ho appena descritto"
            }
        },
        "user": "U9PNL8V9U",
        "upload": true,
        "display_as_bot": false,
        "username": "f.ferrante22",
        "bot_id": null,
        "ts": "1524760328.000711"
    },
    {
        "type": "message",
        "user": "U9PBHQU3H",
        "text": "Un quarto d'ora. Ora sta buildando. È solo lentissimo",
        "client_msg_id": "99bce2e4-f91d-4f45-ac5d-24a8a30aa0b4",
        "thread_ts": "1524759209.000376",
        "parent_user_id": "U9PBHQU3H",
        "ts": "1524760533.000286"
    },
    {
        "type": "message",
        "user": "U9BD7NMPC",
        "text": "<@U9PNL8V9U> Se scrivete *pwd\" dalla shell cosa risponde?",
        "thread_ts": "1524760540.000578",
        "reply_count": 2,
        "replies": [
            {
                "user": "U9PNL8V9U",
                "ts": "1524760875.000376"
            },
            {
                "user": "U9BD7NMPC",
                "ts": "1524760946.000054"
            }
        ],
        "unread_count": 2,
        "ts": "1524760540.000578"
    },
    {
        "type": "message",
        "user": "U9BD7NMPC",
        "text": "Se usate una shell nata per Unix qual è Bash la sintassi dei path è diversa da quella di windows",
        "ts": "1524760570.000496"
    },
    {
        "type": "message",
        "user": "U9BD7NMPC",
        "text": "siete in troppi a cliccare nervosamente e ripetutamente sul pulsante Build. Travis CI è gratuito ma non fesso!",
        "thread_ts": "1524759209.000376",
        "parent_user_id": "U9PBHQU3H",
        "ts": "1524760620.000276"
    },
    {
        "type": "message",
        "user": "U9PNL8V9U",
        "text": "\"\/c\/Program Files\/Docker Toolbox\"",
        "thread_ts": "1524760540.000578",
        "parent_user_id": "U9BD7NMPC",
        "ts": "1524760875.000376"
    },
    {
        "type": "message",
        "user": "U9BD7NMPC",
        "text": "quindi il path è quello e non C:\\ ...",
        "thread_ts": "1524760540.000578",
        "parent_user_id": "U9BD7NMPC",
        "ts": "1524760946.000054"
    },
    {
        "type": "message",
        "subtype": "file_share",
        "text": "<@U9PNL8V9U> uploaded a file: <https:\/\/ingsw1718.slack.com\/files\/U9PNL8V9U\/FAEUTBZ7Z\/image.png|image.png>",
        "file": {
            "id": "FAEUTBZ7Z",
            "created": 1524760981,
            "timestamp": 1524760981,
            "name": "image.png",
            "title": "image.png",
            "mimetype": "image\/png",
            "filetype": "png",
            "pretty_type": "PNG",
            "user": "U9PNL8V9U",
            "editable": false,
            "size": 8926,
            "mode": "hosted",
            "is_external": false,
            "external_type": "",
            "is_public": true,
            "public_url_shared": false,
            "display_as_bot": false,
            "username": "",
            "url_private": "https:\/\/files.slack.com\/files-pri\/T9BAB138B-FAEUTBZ7Z\/image.png?t=xoxe-317351037283-365207707586-364511306800-333c6acf63d6b69e07fd249ca7d3d9ee",
            "url_private_download": "https:\/\/files.slack.com\/files-pri\/T9BAB138B-FAEUTBZ7Z\/download\/image.png?t=xoxe-317351037283-365207707586-364511306800-333c6acf63d6b69e07fd249ca7d3d9ee",
            "thumb_64": "https:\/\/files.slack.com\/files-tmb\/T9BAB138B-FAEUTBZ7Z-1d21983ce1\/image_64.png?t=xoxe-317351037283-365207707586-364511306800-333c6acf63d6b69e07fd249ca7d3d9ee",
            "thumb_80": "https:\/\/files.slack.com\/files-tmb\/T9BAB138B-FAEUTBZ7Z-1d21983ce1\/image_80.png?t=xoxe-317351037283-365207707586-364511306800-333c6acf63d6b69e07fd249ca7d3d9ee",
            "thumb_360": "https:\/\/files.slack.com\/files-tmb\/T9BAB138B-FAEUTBZ7Z-1d21983ce1\/image_360.png?t=xoxe-317351037283-365207707586-364511306800-333c6acf63d6b69e07fd249ca7d3d9ee",
            "thumb_360_w": 360,
            "thumb_360_h": 27,
            "thumb_480": "https:\/\/files.slack.com\/files-tmb\/T9BAB138B-FAEUTBZ7Z-1d21983ce1\/image_480.png?t=xoxe-317351037283-365207707586-364511306800-333c6acf63d6b69e07fd249ca7d3d9ee",
            "thumb_480_w": 480,
            "thumb_480_h": 36,
            "thumb_160": "https:\/\/files.slack.com\/files-tmb\/T9BAB138B-FAEUTBZ7Z-1d21983ce1\/image_160.png?t=xoxe-317351037283-365207707586-364511306800-333c6acf63d6b69e07fd249ca7d3d9ee",
            "image_exif_rotation": 1,
            "original_w": 702,
            "original_h": 53,
            "permalink": "https:\/\/ingsw1718.slack.com\/files\/U9PNL8V9U\/FAEUTBZ7Z\/image.png",
            "permalink_public": "https:\/\/slack-files.com\/T9BAB138B-FAEUTBZ7Z-29ae2a0dbe",
            "channels": [],
            "groups": [],
            "ims": [],
            "comments_count": 2
        },
        "user": "U9PNL8V9U",
        "upload": true,
        "display_as_bot": false,
        "username": "f.ferrante22",
        "bot_id": null,
        "ts": "1524760983.000236"
    },
    {
        "type": "message",
        "user": "U9PNL8V9U",
        "text": "Ho già provato anche quello",
        "ts": "1524760993.000640"
    },
    {
        "type": "message",
        "user": "U9BD7NMPC",
        "text": "Ma devo fare io il debugging al vostro posto?",
        "ts": "1524761014.000431"
    },
    {
        "type": "message",
        "user": "U9BD7NMPC",
        "text": "Sforzatevi",
        "thread_ts": "1524761034.000366",
        "reply_count": 9,
        "replies": [
            {
                "user": "U9PNL8V9U",
                "ts": "1524761147.000022"
            },
            {
                "user": "U9BD7NMPC",
                "ts": "1524761446.000747"
            },
            {
                "user": "U9PNL8V9U",
                "ts": "1524763267.000242"
            },
            {
                "user": "U9BD7NMPC",
                "ts": "1524767321.000570"
            },
            {
                "user": "U9PNL8V9U",
                "ts": "1524767404.000545"
            },
            {
                "user": "U9PNL8V9U",
                "ts": "1524767431.000638"
            },
            {
                "user": "U9BD7NMPC",
                "ts": "1524768246.000226"
            },
            {
                "user": "U9PNL8V9U",
                "ts": "1524768356.000471"
            },
            {
                "user": "U9NAWRB2Q",
                "ts": "1524770709.000399"
            }
        ],
        "unread_count": 9,
        "ts": "1524761034.000366"
    },
    {
        "type": "message",
        "user": "U9PNL8V9U",
        "text": "Persino pwd\/insgw1718.zip non funziona, avendo messo il file nella cartella di Docker. Se troveremo una soluzione lo scriveremo",
        "thread_ts": "1524761034.000366",
        "parent_user_id": "U9BD7NMPC",
        "ts": "1524761147.000022"
    },
    {
        "type": "message",
        "user": "U9BD7NMPC",
        "text": "Bene. Se non riuscite a trovare una soluzione continuate con percorsi relativi",
        "thread_ts": "1524761034.000366",
        "parent_user_id": "U9BD7NMPC",
        "ts": "1524761446.000747"
    },
    {
        "type": "message",
        "user": "U9PBHQU3H",
        "text": "Credo che in queste ore ci saranno un numero altissimo di pull request che fanno partire le build automatiche e si sta rallentando",
        "client_msg_id": "25b1805c-9d58-44a4-9467-0b5ffbc6aa41",
        "thread_ts": "1524759209.000376",
        "parent_user_id": "U9PBHQU3H",
        "ts": "1524761977.000230"
    },
    {
        "type": "message",
        "user": "U9PNL8V9U",
        "text": "Professore, inserendo il comando \"docker run -v \/c:\/ns -it softenginfuniba\/reddy -z ns\/Users\/fraw8\/Desktop\/ingsw1718.zip -c members\" riesco ad aprire il file e funziona tutto correttamente. Ora però mi sorge spontanea una domanda. La parte relativa al \" -v \/c:\/ns -it \" che viene scritta prima di avviare la nostra immagine, e \"ns\/Users...\" che deriva dalla parte appena citata, non sono parte integrante del nostro programma. Dobbiamo supporre che l'utente sia già in grado di usare quei comandi di Docker o dobbiamo specificarlo nell'help?",
        "thread_ts": "1524761034.000366",
        "parent_user_id": "U9BD7NMPC",
        "ts": "1524763267.000242",
        "reactions": [
            {
                "name": "tada",
                "users": [
                    "U9PNL8V9U"
                ],
                "count": 1
            }
        ]
    },
    {
        "type": "message",
        "subtype": "file_comment",
        "text": "<@U9Q3DHX0V> commented on <@U9PNL8V9U>’s file <https:\/\/ingsw1718.slack.com\/files\/U9PNL8V9U\/FAEUTBZ7Z\/image.png|image.png>: Provo ad ipotizzare, se docker è un container non dovrebbe avere \"conoscenza\" del file system, quindi dovresti fare l'upload del file zip dal file system al container,  penso che questo sia il comando. *Non ho ancora testato* se è effettivamente questo il problema, è solo un ipotesi: <https:\/\/docs.docker.com\/engine\/reference\/commandline\/cp\/#parent-command>",
        "file": {
            "id": "FAEUTBZ7Z",
            "created": 1524760981,
            "timestamp": 1524760981,
            "name": "image.png",
            "title": "image.png",
            "mimetype": "image\/png",
            "filetype": "png",
            "pretty_type": "PNG",
            "user": "U9PNL8V9U",
            "editable": false,
            "size": 8926,
            "mode": "hosted",
            "is_external": false,
            "external_type": "",
            "is_public": true,
            "public_url_shared": false,
            "display_as_bot": false,
            "username": "",
            "url_private": "https:\/\/files.slack.com\/files-pri\/T9BAB138B-FAEUTBZ7Z\/image.png?t=xoxe-317351037283-365207707586-364511306800-333c6acf63d6b69e07fd249ca7d3d9ee",
            "url_private_download": "https:\/\/files.slack.com\/files-pri\/T9BAB138B-FAEUTBZ7Z\/download\/image.png?t=xoxe-317351037283-365207707586-364511306800-333c6acf63d6b69e07fd249ca7d3d9ee",
            "thumb_64": "https:\/\/files.slack.com\/files-tmb\/T9BAB138B-FAEUTBZ7Z-1d21983ce1\/image_64.png?t=xoxe-317351037283-365207707586-364511306800-333c6acf63d6b69e07fd249ca7d3d9ee",
            "thumb_80": "https:\/\/files.slack.com\/files-tmb\/T9BAB138B-FAEUTBZ7Z-1d21983ce1\/image_80.png?t=xoxe-317351037283-365207707586-364511306800-333c6acf63d6b69e07fd249ca7d3d9ee",
            "thumb_360": "https:\/\/files.slack.com\/files-tmb\/T9BAB138B-FAEUTBZ7Z-1d21983ce1\/image_360.png?t=xoxe-317351037283-365207707586-364511306800-333c6acf63d6b69e07fd249ca7d3d9ee",
            "thumb_360_w": 360,
            "thumb_360_h": 27,
            "thumb_480": "https:\/\/files.slack.com\/files-tmb\/T9BAB138B-FAEUTBZ7Z-1d21983ce1\/image_480.png?t=xoxe-317351037283-365207707586-364511306800-333c6acf63d6b69e07fd249ca7d3d9ee",
            "thumb_480_w": 480,
            "thumb_480_h": 36,
            "thumb_160": "https:\/\/files.slack.com\/files-tmb\/T9BAB138B-FAEUTBZ7Z-1d21983ce1\/image_160.png?t=xoxe-317351037283-365207707586-364511306800-333c6acf63d6b69e07fd249ca7d3d9ee",
            "image_exif_rotation": 1,
            "original_w": 702,
            "original_h": 53,
            "permalink": "https:\/\/ingsw1718.slack.com\/files\/U9PNL8V9U\/FAEUTBZ7Z\/image.png",
            "permalink_public": "https:\/\/slack-files.com\/T9BAB138B-FAEUTBZ7Z-29ae2a0dbe",
            "channels": [],
            "groups": [],
            "ims": [],
            "comments_count": 2
        },
        "comment": {
            "id": "FcAE359HNH",
            "created": 1524763738,
            "timestamp": 1524763738,
            "user": "U9Q3DHX0V",
            "is_intro": false,
            "comment": "Provo ad ipotizzare, se docker è un container non dovrebbe avere \"conoscenza\" del file system, quindi dovresti fare l'upload del file zip dal file system al container,  penso che questo sia il comando. *Non ho ancora testato* se è effettivamente questo il problema, è solo un ipotesi: <https:\/\/docs.docker.com\/engine\/reference\/commandline\/cp\/#parent-command>",
            "reactions": [
                {
                    "name": "+1",
                    "users": [
                        "U9BD7NMPC"
                    ],
                    "count": 1
                }
            ]
        },
        "is_intro": false,
        "ts": "1524763738.000665"
    },
    {
        "type": "message",
        "subtype": "file_comment",
        "text": "<@U9PNL8V9U> commented on <@U9PNL8V9U>’s file <https:\/\/ingsw1718.slack.com\/files\/U9PNL8V9U\/FAEUTBZ7Z\/image.png|image.png>: Ho risolto ma la risposta è nell’ultimo thread con il professore. Ora lo incollo qui",
        "file": {
            "id": "FAEUTBZ7Z",
            "created": 1524760981,
            "timestamp": 1524760981,
            "name": "image.png",
            "title": "image.png",
            "mimetype": "image\/png",
            "filetype": "png",
            "pretty_type": "PNG",
            "user": "U9PNL8V9U",
            "editable": false,
            "size": 8926,
            "mode": "hosted",
            "is_external": false,
            "external_type": "",
            "is_public": true,
            "public_url_shared": false,
            "display_as_bot": false,
            "username": "",
            "url_private": "https:\/\/files.slack.com\/files-pri\/T9BAB138B-FAEUTBZ7Z\/image.png?t=xoxe-317351037283-365207707586-364511306800-333c6acf63d6b69e07fd249ca7d3d9ee",
            "url_private_download": "https:\/\/files.slack.com\/files-pri\/T9BAB138B-FAEUTBZ7Z\/download\/image.png?t=xoxe-317351037283-365207707586-364511306800-333c6acf63d6b69e07fd249ca7d3d9ee",
            "thumb_64": "https:\/\/files.slack.com\/files-tmb\/T9BAB138B-FAEUTBZ7Z-1d21983ce1\/image_64.png?t=xoxe-317351037283-365207707586-364511306800-333c6acf63d6b69e07fd249ca7d3d9ee",
            "thumb_80": "https:\/\/files.slack.com\/files-tmb\/T9BAB138B-FAEUTBZ7Z-1d21983ce1\/image_80.png?t=xoxe-317351037283-365207707586-364511306800-333c6acf63d6b69e07fd249ca7d3d9ee",
            "thumb_360": "https:\/\/files.slack.com\/files-tmb\/T9BAB138B-FAEUTBZ7Z-1d21983ce1\/image_360.png?t=xoxe-317351037283-365207707586-364511306800-333c6acf63d6b69e07fd249ca7d3d9ee",
            "thumb_360_w": 360,
            "thumb_360_h": 27,
            "thumb_480": "https:\/\/files.slack.com\/files-tmb\/T9BAB138B-FAEUTBZ7Z-1d21983ce1\/image_480.png?t=xoxe-317351037283-365207707586-364511306800-333c6acf63d6b69e07fd249ca7d3d9ee",
            "thumb_480_w": 480,
            "thumb_480_h": 36,
            "thumb_160": "https:\/\/files.slack.com\/files-tmb\/T9BAB138B-FAEUTBZ7Z-1d21983ce1\/image_160.png?t=xoxe-317351037283-365207707586-364511306800-333c6acf63d6b69e07fd249ca7d3d9ee",
            "image_exif_rotation": 1,
            "original_w": 702,
            "original_h": 53,
            "permalink": "https:\/\/ingsw1718.slack.com\/files\/U9PNL8V9U\/FAEUTBZ7Z\/image.png",
            "permalink_public": "https:\/\/slack-files.com\/T9BAB138B-FAEUTBZ7Z-29ae2a0dbe",
            "channels": [],
            "groups": [],
            "ims": [],
            "comments_count": 2
        },
        "comment": {
            "id": "FcAERF4PEJ",
            "created": 1524763807,
            "timestamp": 1524763807,
            "user": "U9PNL8V9U",
            "is_intro": false,
            "comment": "Ho risolto ma la risposta è nell’ultimo thread con il professore. Ora lo incollo qui"
        },
        "is_intro": false,
        "ts": "1524763807.000248"
    },
    {
        "type": "message",
        "user": "U9PNL8V9U",
        "text": "",
        "attachments": [
            {
                "fallback": "[April 26th, 2018 7:21 PM] f.ferrante22: Professore, inserendo il comando \"docker run -v \/c:\/ns -it softenginfuniba\/reddy -z ns\/Users\/fraw8\/Desktop\/ingsw1718.zip -c members\" riesco ad aprire il file e funziona tutto correttamente. Ora però mi sorge spontanea una domanda. La parte relativa al \" -v \/c:\/ns -it \" che viene scritta prima di avviare la nostra immagine, e \"ns\/Users...\" che deriva dalla parte appena citata, non sono parte integrante del nostro programma. Dobbiamo supporre che l'utente sia già in grado di usare quei comandi di Docker o dobbiamo specificarlo nell'help?",
                "ts": "1524763267.000242",
                "author_id": "U9PNL8V9U",
                "author_subname": "Francesco Ferrante",
                "channel_id": "CA3EZFFGR",
                "channel_name": "assistenza",
                "is_msg_unfurl": true,
                "is_reply_unfurl": true,
                "text": "Professore, inserendo il comando \"docker run -v \/c:\/ns -it softenginfuniba\/reddy -z ns\/Users\/fraw8\/Desktop\/ingsw1718.zip -c members\" riesco ad aprire il file e funziona tutto correttamente. Ora però mi sorge spontanea una domanda. La parte relativa al \" -v \/c:\/ns -it \" che viene scritta prima di avviare la nostra immagine, e \"ns\/Users...\" che deriva dalla parte appena citata, non sono parte integrante del nostro programma. Dobbiamo supporre che l'utente sia già in grado di usare quei comandi di Docker o dobbiamo specificarlo nell'help?",
                "author_name": "Francesco Ferrante",
                "author_link": "https:\/\/ingsw1718.slack.com\/team\/U9PNL8V9U",
                "author_icon": "https:\/\/avatars.slack-edge.com\/2018-03-13\/329979725447_c8e9e0a55d62bb041666_48.png",
                "mrkdwn_in": [
                    "text"
                ],
                "color": "D0D0D0",
                "from_url": "https:\/\/ingsw1718.slack.com\/archives\/CA3EZFFGR\/p1524763267000242?thread_ts=1524761034000366&cid=CA3EZFFGR",
                "is_share": true,
                "footer": "From a thread in #assistenza"
            }
        ],
        "ts": "1524763826.000545"
    },
    {
        "type": "message",
        "user": "U9NDHPVRS",
        "text": "Io ho lo stesso errore,sei riuscito a risolvere?",
        "client_msg_id": "6781a0a0-b23f-4d36-be2d-1caba4c1acae",
        "thread_ts": "1524251935.000150",
        "parent_user_id": "U9P3A065A",
        "ts": "1524766208.000351"
    },
    {
        "type": "message",
        "user": "U9P3A065A",
        "text": "Sì ho risolto, prova a modificare le variabili d'ambiente di travis, il problema potrebbe dipendere da quello",
        "client_msg_id": "955d71b7-c6ea-456a-ae09-8e2a21f549e9",
        "thread_ts": "1524251935.000150",
        "parent_user_id": "U9P3A065A",
        "ts": "1524766440.000080"
    },
    {
        "type": "message",
        "user": "U9NDHPVRS",
        "text": "Niente,non riesco proprio a vedere la repo su docker",
        "client_msg_id": "c6288594-dd40-45f7-9283-958fd1e0b764",
        "thread_ts": "1524251935.000150",
        "parent_user_id": "U9P3A065A",
        "ts": "1524766913.000285"
    },
    {
        "type": "message",
        "user": "U9BD7NMPC",
        "text": "Nel caso sì, l'help deve essere di aiuto. Tuttavia non mi piace tanto la soluzione di complicare il modo di lanciare il programma. Sicuro che non c'è un modo più semplice?",
        "thread_ts": "1524761034.000366",
        "parent_user_id": "U9BD7NMPC",
        "ts": "1524767321.000570"
    },
    {
        "type": "message",
        "user": "U9PNL8V9U",
        "text": "Credo che in 3 ore avrò aperto tutte le pagine di stackoverflow che parlano di questo :sweat_smile:",
        "client_msg_id": "D9F5AF5E-D720-49BF-B15A-15D9709A1F57",
        "thread_ts": "1524761034.000366",
        "parent_user_id": "U9BD7NMPC",
        "ts": "1524767404.000545"
    },
    {
        "type": "message",
        "user": "U9PNL8V9U",
        "text": "Se troverò una soluzione più semplice la posterò",
        "client_msg_id": "1EA397D9-6757-4CFB-9B60-7643DE3387F9",
        "thread_ts": "1524761034.000366",
        "parent_user_id": "U9BD7NMPC",
        "ts": "1524767431.000638"
    },
    {
        "type": "message",
        "user": "U9BD7NMPC",
        "text": "ma il problema è legato al path assoluto o vale anche per la lettura di un file con path relativo?",
        "thread_ts": "1524761034.000366",
        "parent_user_id": "U9BD7NMPC",
        "ts": "1524768246.000226"
    },
    {
        "type": "message",
        "user": "U9PNL8V9U",
        "text": "Vale anche con il path relativo perché di default Docker lavora nella cartella c:\/program files\/docker toolbox. Essendo una cartella all’interno di program files i permessi di lettura non sono abilitati per gli utenti standard quindi è impossibile leggere file all’interno ",
        "client_msg_id": "F0469D17-4AE2-4BE7-8A2A-D07F2737601F",
        "thread_ts": "1524761034.000366",
        "parent_user_id": "U9BD7NMPC",
        "ts": "1524768356.000471",
        "reactions": [
            {
                "name": "+1",
                "users": [
                    "U9BD7NMPC"
                ],
                "count": 1
            }
        ]
    },
    {
        "type": "message",
        "user": "U9NAWRB2Q",
        "text": "prof purtroppo non credo ci sia metodo migliore in quanto è necessario creare il volume per accedere a dei file scritti su disco, avevo lo stesso problema di <@U9PNL8V9U> e l'ho risolto usando quel comando",
        "thread_ts": "1524761034.000366",
        "parent_user_id": "U9BD7NMPC",
        "ts": "1524770709.000399",
        "reactions": [
            {
                "name": "+1",
                "users": [
                    "U9PNL8V9U",
                    "U9BD7NMPC",
                    "U9MNETCD6",
                    "U9NCNLL83"
                ],
                "count": 4
            }
        ]
    },
    {
        "type": "message",
        "user": "U9BD7NMPC",
        "text": "Avete fatto un buon lavoro nel trovare una soluzione a un problema di cui non mi ero reso conto.",
        "ts": "1524782147.000315",
        "reactions": [
            {
                "name": "+1",
                "users": [
                    "U9PNL8V9U",
                    "UA2DNR4F4",
                    "U9CDZPXLN",
                    "U9NAWRB2Q"
                ],
                "count": 4
            }
        ]
    },
    {
        "type": "message",
        "user": "U9P3A065A",
        "text": "Se hai seguito le istruzioni riportate nella nuova guida, purtroppo non so aiutarti",
        "client_msg_id": "26ceb9e2-9622-424a-ad5f-28d52a3d91f7",
        "thread_ts": "1524251935.000150",
        "parent_user_id": "U9P3A065A",
        "ts": "1524809118.000190"
    }
]