[
    {
        "type": "message",
        "subtype": "file_share",
        "text": "<@U9N8K4Z24> uploaded a file: <https:\/\/ingsw1718.slack.com\/files\/U9N8K4Z24\/FABV39CG4\/src.rar|src.rar> and commented: Nuova src",
        "file": {
            "id": "FABV39CG4",
            "created": 1524578532,
            "timestamp": 1524578532,
            "name": "src.rar",
            "title": "src.rar",
            "mimetype": "application\/octet-stream",
            "filetype": "binary",
            "pretty_type": "Binary",
            "user": "U9N8K4Z24",
            "editable": false,
            "size": 6859,
            "mode": "hosted",
            "is_external": false,
            "external_type": "",
            "is_public": true,
            "public_url_shared": false,
            "display_as_bot": false,
            "username": "",
            "url_private": "https:\/\/files.slack.com\/files-pri\/T9BAB138B-FABV39CG4\/src.rar?t=xoxe-317351037283-365207707586-364511306800-333c6acf63d6b69e07fd249ca7d3d9ee",
            "url_private_download": "https:\/\/files.slack.com\/files-pri\/T9BAB138B-FABV39CG4\/download\/src.rar?t=xoxe-317351037283-365207707586-364511306800-333c6acf63d6b69e07fd249ca7d3d9ee",
            "permalink": "https:\/\/ingsw1718.slack.com\/files\/U9N8K4Z24\/FABV39CG4\/src.rar",
            "permalink_public": "https:\/\/slack-files.com\/T9BAB138B-FABV39CG4-55409bc4ff",
            "channels": [],
            "groups": [],
            "ims": [],
            "comments_count": 1,
            "initial_comment": {
                "id": "FcABV39MDJ",
                "created": 1524578532,
                "timestamp": 1524578532,
                "user": "U9N8K4Z24",
                "is_intro": true,
                "comment": "Nuova src"
            }
        },
        "user": "U9N8K4Z24",
        "upload": true,
        "display_as_bot": false,
        "username": "giuseppe.doria",
        "bot_id": null,
        "ts": "1524578533.000299"
    }
]