[
    {
        "user": "U9B126ZME",
        "text": "<@U9B126ZME> has joined the channel",
        "type": "message",
        "subtype": "channel_join",
        "ts": "1526308629.000703"
    },
    {
        "type": "message",
        "user": "U9B126ZME",
        "text": "<!channel> ragazzi non trovo lo snippet con i comandi per testare l'esecuzione del vostri Sprint 2.  E' sfuggito a me oppure non consegnate?",
        "ts": "1526308734.000141"
    },
    {
        "type": "message",
        "user": "U9Q9B1ELX",
        "text": "Non consegnamo \nAbbiamo già avvisato il prof a riguardo ",
        "client_msg_id": "A427B8CF-7452-4A8F-9D78-D4AD55744A13",
        "ts": "1526311300.000737"
    }
]