[
    {
        "type": "message",
        "subtype": "file_share",
        "text": "<@U9N8K4Z24> uploaded a file: <https:\/\/ingsw1718.slack.com\/files\/U9N8K4Z24\/FAEL99LR4\/jsonp_1.1_api.zip|jsonp_1.1_api.zip> and commented: API per JSON",
        "file": {
            "id": "FAEL99LR4",
            "created": 1524752585,
            "timestamp": 1524752585,
            "name": "jsonp_1.1_api.zip",
            "title": "jsonp_1.1_api.zip",
            "mimetype": "application\/zip",
            "filetype": "zip",
            "pretty_type": "Zip",
            "user": "U9N8K4Z24",
            "editable": false,
            "size": 74299,
            "mode": "hosted",
            "is_external": false,
            "external_type": "",
            "is_public": true,
            "public_url_shared": false,
            "display_as_bot": false,
            "username": "",
            "url_private": "https:\/\/files.slack.com\/files-pri\/T9BAB138B-FAEL99LR4\/jsonp_1.1_api.zip?t=xoxe-317351037283-365207707586-364511306800-333c6acf63d6b69e07fd249ca7d3d9ee",
            "url_private_download": "https:\/\/files.slack.com\/files-pri\/T9BAB138B-FAEL99LR4\/download\/jsonp_1.1_api.zip?t=xoxe-317351037283-365207707586-364511306800-333c6acf63d6b69e07fd249ca7d3d9ee",
            "permalink": "https:\/\/ingsw1718.slack.com\/files\/U9N8K4Z24\/FAEL99LR4\/jsonp_1.1_api.zip",
            "permalink_public": "https:\/\/slack-files.com\/T9BAB138B-FAEL99LR4-a8ff5bb048",
            "channels": [],
            "groups": [],
            "ims": [],
            "comments_count": 1,
            "initial_comment": {
                "id": "FcADPDFJRY",
                "created": 1524752585,
                "timestamp": 1524752585,
                "user": "U9N8K4Z24",
                "is_intro": true,
                "comment": "API per JSON"
            }
        },
        "user": "U9N8K4Z24",
        "upload": true,
        "display_as_bot": false,
        "username": "giuseppe.doria",
        "bot_id": null,
        "ts": "1524752585.000858"
    },
    {
        "type": "message",
        "subtype": "file_share",
        "text": "<@U9N8K4Z24> uploaded a file: <https:\/\/ingsw1718.slack.com\/files\/U9N8K4Z24\/FAEL9AJES\/jsonp_1.1_javadoc.zip|jsonp_1.1_javadoc.zip>",
        "file": {
            "id": "FAEL9AJES",
            "created": 1524752587,
            "timestamp": 1524752587,
            "name": "jsonp_1.1_javadoc.zip",
            "title": "jsonp_1.1_javadoc.zip",
            "mimetype": "application\/zip",
            "filetype": "zip",
            "pretty_type": "Zip",
            "user": "U9N8K4Z24",
            "editable": false,
            "size": 261562,
            "mode": "hosted",
            "is_external": false,
            "external_type": "",
            "is_public": true,
            "public_url_shared": false,
            "display_as_bot": false,
            "username": "",
            "url_private": "https:\/\/files.slack.com\/files-pri\/T9BAB138B-FAEL9AJES\/jsonp_1.1_javadoc.zip?t=xoxe-317351037283-365207707586-364511306800-333c6acf63d6b69e07fd249ca7d3d9ee",
            "url_private_download": "https:\/\/files.slack.com\/files-pri\/T9BAB138B-FAEL9AJES\/download\/jsonp_1.1_javadoc.zip?t=xoxe-317351037283-365207707586-364511306800-333c6acf63d6b69e07fd249ca7d3d9ee",
            "permalink": "https:\/\/ingsw1718.slack.com\/files\/U9N8K4Z24\/FAEL9AJES\/jsonp_1.1_javadoc.zip",
            "permalink_public": "https:\/\/slack-files.com\/T9BAB138B-FAEL9AJES-8cbee6451c",
            "channels": [],
            "groups": [],
            "ims": [],
            "comments_count": 0
        },
        "user": "U9N8K4Z24",
        "upload": true,
        "display_as_bot": false,
        "username": "giuseppe.doria",
        "bot_id": null,
        "ts": "1524752587.000902"
    },
    {
        "type": "message",
        "subtype": "file_share",
        "text": "<@U9Q9B1ELX> uploaded a file: <https:\/\/ingsw1718.slack.com\/files\/U9Q9B1ELX\/FAD83CZ1P\/zip4j_1.3.2.jar.zip|zip4j_1.3.2.jar.zip>",
        "file": {
            "id": "FAD83CZ1P",
            "created": 1524754194,
            "timestamp": 1524754194,
            "name": "zip4j_1.3.2.jar.zip",
            "title": "zip4j_1.3.2.jar.zip",
            "mimetype": "application\/zip",
            "filetype": "zip",
            "pretty_type": "Zip",
            "user": "U9Q9B1ELX",
            "editable": false,
            "size": 124585,
            "mode": "hosted",
            "is_external": false,
            "external_type": "",
            "is_public": true,
            "public_url_shared": false,
            "display_as_bot": false,
            "username": "",
            "url_private": "https:\/\/files.slack.com\/files-pri\/T9BAB138B-FAD83CZ1P\/zip4j_1.3.2.jar.zip?t=xoxe-317351037283-365207707586-364511306800-333c6acf63d6b69e07fd249ca7d3d9ee",
            "url_private_download": "https:\/\/files.slack.com\/files-pri\/T9BAB138B-FAD83CZ1P\/download\/zip4j_1.3.2.jar.zip?t=xoxe-317351037283-365207707586-364511306800-333c6acf63d6b69e07fd249ca7d3d9ee",
            "permalink": "https:\/\/ingsw1718.slack.com\/files\/U9Q9B1ELX\/FAD83CZ1P\/zip4j_1.3.2.jar.zip",
            "permalink_public": "https:\/\/slack-files.com\/T9BAB138B-FAD83CZ1P-c89e196948",
            "channels": [],
            "groups": [],
            "ims": [],
            "comments_count": 0
        },
        "user": "U9Q9B1ELX",
        "upload": true,
        "display_as_bot": false,
        "username": "tommasodecillis1",
        "bot_id": null,
        "ts": "1524754195.000341"
    }
]