[
    {
        "type": "message",
        "subtype": "file_share",
        "text": "<@U9NSLHZAQ> uploaded a file: <https:\/\/ingsw1718.slack.com\/files\/U9NSLHZAQ\/FAMDYFM96\/new_1.txt|new 1.txt> and commented: Text snippet per Sprint 2",
        "file": {
            "id": "FAMDYFM96",
            "created": 1526032426,
            "timestamp": 1526032426,
            "name": "new 1.txt",
            "title": "new 1.txt",
            "mimetype": "text\/plain",
            "filetype": "text",
            "pretty_type": "Plain Text",
            "user": "U9NSLHZAQ",
            "editable": true,
            "size": 812,
            "mode": "snippet",
            "is_external": false,
            "external_type": "",
            "is_public": true,
            "public_url_shared": false,
            "display_as_bot": false,
            "username": "",
            "url_private": "https:\/\/files.slack.com\/files-pri\/T9BAB138B-FAMDYFM96\/new_1.txt?t=xoxe-317351037283-365207707586-364511306800-333c6acf63d6b69e07fd249ca7d3d9ee",
            "url_private_download": "https:\/\/files.slack.com\/files-pri\/T9BAB138B-FAMDYFM96\/download\/new_1.txt?t=xoxe-317351037283-365207707586-364511306800-333c6acf63d6b69e07fd249ca7d3d9ee",
            "permalink": "https:\/\/ingsw1718.slack.com\/files\/U9NSLHZAQ\/FAMDYFM96\/new_1.txt",
            "permalink_public": "https:\/\/slack-files.com\/T9BAB138B-FAMDYFM96-a8833b91ad",
            "edit_link": "https:\/\/ingsw1718.slack.com\/files\/U9NSLHZAQ\/FAMDYFM96\/new_1.txt\/edit",
            "preview": "In qualità di utente voglio visualizzare la lista dei Mentions con possibilità specificare il canale e avere una lista ristretta su di esso:\r\ndocker run -v \/c:\/ns softenginfuniba\/hoare  ns\/(path to file)\/ingsw1718.zip mentions (nome canale)\r\n\r\nIn qualità di utente voglio visualizzare la lista dei Mentions che partono da uno user con possibilità specificare il canale e avere una lista ristretta su di esso:\r\ndocker run -v \/c:\/ns softenginfuniba\/hoare  ns\/(path to file)\/ingsw1718.zip mentions_from user_name (nome canale)\r",
            "preview_highlight": "<div class=\"CodeMirror cm-s-default CodeMirrorServer\" oncopy=\"if(event.clipboardData){event.clipboardData.setData('text\/plain',window.getSelection().toString().replace(\/\\u200b\/g,''));event.preventDefault();event.stopPropagation();}\">\n<div class=\"CodeMirror-code\">\n<div><pre>In qualità di utente voglio visualizzare la lista dei Mentions con possibilità specificare il canale e avere una lista ristretta su di esso:<\/pre><\/div>\n<div><pre>docker run -v \/c:\/ns softenginfuniba\/hoare  ns\/(path to file)\/ingsw1718.zip mentions (nome canale)<\/pre><\/div>\n<div><pre><\/pre><\/div>\n<div><pre>In qualità di utente voglio visualizzare la lista dei Mentions che partono da uno user con possibilità specificare il canale e avere una lista ristretta su di esso:<\/pre><\/div>\n<div><pre>docker run -v \/c:\/ns softenginfuniba\/hoare  ns\/(path to file)\/ingsw1718.zip mentions_from user_name (nome canale)<\/pre><\/div>\n<div><pre><\/pre><\/div>\n<\/div>\n<\/div>\n",
            "lines": 9,
            "lines_more": 4,
            "preview_is_truncated": false,
            "channels": [],
            "groups": [],
            "ims": [],
            "comments_count": 1,
            "initial_comment": {
                "id": "FcAP6FQF6K",
                "created": 1526032426,
                "timestamp": 1526032426,
                "user": "U9NSLHZAQ",
                "is_intro": true,
                "comment": "Text snippet per Sprint 2"
            }
        },
        "user": "U9NSLHZAQ",
        "upload": true,
        "display_as_bot": false,
        "username": "fra95-kesh",
        "bot_id": null,
        "ts": "1526032426.000428"
    }
]