[
    {
        "type": "message",
        "user": "U9N7WANGG",
        "text": "<@U9N7WANGG> menzionare te stesso",
        "ts": "1525512086.000071"
    },
    {
        "type": "message",
        "user": "U9NSLHZAQ",
        "text": "prova modifica -",
        "edited": {
            "user": "U9NSLHZAQ",
            "ts": "1525529658.000000"
        },
        "ts": "1525529643.000070"
    },
    {
        "type": "message",
        "user": "U9NSLHZAQ",
        "text": "<https:\/\/stackoverflow.com\/questions\/4852531\/find-files-in-a-folder-using-java>",
        "attachments": [
            {
                "service_name": "Stack Overflow",
                "title": "Find files in a folder using Java",
                "title_link": "https:\/\/stackoverflow.com\/questions\/4852531\/find-files-in-a-folder-using-java",
                "text": "What I need to do if Search a folder say C:\\example I then need to go through each file and check to see if it matches a few start characters so if files start temp****.txt tempONE.txt tempTWO.tx...",
                "fallback": "Stack Overflow: Find files in a folder using Java",
                "thumb_url": "https:\/\/cdn.sstatic.net\/Sites\/stackoverflow\/img\/apple-touch-icon@2.png?v=73d79a89bded",
                "from_url": "https:\/\/stackoverflow.com\/questions\/4852531\/find-files-in-a-folder-using-java",
                "thumb_width": 316,
                "thumb_height": 316,
                "service_icon": "https:\/\/cdn.sstatic.net\/Sites\/stackoverflow\/img\/favicon.ico?v=4f32ecc8f43d",
                "id": 1,
                "original_url": "https:\/\/stackoverflow.com\/questions\/4852531\/find-files-in-a-folder-using-java"
            }
        ],
        "ts": "1525530817.000116"
    }
]