[
    {
        "type": "message",
        "subtype": "pinned_item",
        "user": "U9Q3DHX0V",
        "item_type": "F",
        "text": "<@U9Q3DHX0V> pinned <@U9NSNMBMG>’s Post <https:\/\/ingsw1718.slack.com\/files\/U9NSNMBMG\/FAJ71LW9W\/Note_su_mentions|Note su mentions> to this channel.",
        "item": {
            "id": "FAJ71LW9W",
            "created": 1525527310,
            "timestamp": 1525786892,
            "name": "Note_su_mentions",
            "title": "Note su mentions",
            "mimetype": "text\/plain",
            "filetype": "space",
            "pretty_type": "Post",
            "user": "U9NSNMBMG",
            "editable": true,
            "size": 5878,
            "mode": "space",
            "is_external": false,
            "external_type": "",
            "is_public": true,
            "public_url_shared": false,
            "display_as_bot": false,
            "username": "",
            "url_private": "https:\/\/files.slack.com\/files-pri\/T9BAB138B-FAJ71LW9W\/Note_su_mentions?t=xoxe-317351037283-365207707586-364511306800-333c6acf63d6b69e07fd249ca7d3d9ee",
            "url_private_download": "https:\/\/files.slack.com\/files-pri\/T9BAB138B-FAJ71LW9W\/download\/Note_su_mentions?t=xoxe-317351037283-365207707586-364511306800-333c6acf63d6b69e07fd249ca7d3d9ee",
            "permalink": "https:\/\/ingsw1718.slack.com\/files\/U9NSNMBMG\/FAJ71LW9W\/Note_su_mentions",
            "permalink_public": "https:\/\/slack-files.com\/T9BAB138B-FAJ71LW9W-5faf26e51e",
            "preview": "<document><p>Struttura Workspace<\/p><ul><li>Folder Canali<ul><li tabbing=\"1\">&lt;Channels&gt; folder con nome del canale<ul><li tabbing=\"2\">&lt;aaaa-mm-dd.json&gt; per ogni giorno nel quale avviene la conversazione (almeno un messaggio) <\/li><\/ul><\/li><\/ul><\/li><\/ul><\/document>",
            "updated": 1525786892,
            "editor": "U9NSNMBMG",
            "last_editor": "U9NSNMBMG",
            "state": "inactive",
            "channels": [],
            "groups": [],
            "ims": [],
            "comments_count": 0,
            "pinned_to": [
                "C9PCTK26A"
            ],
            "pinned_info": {
                "C9PCTK26A": {
                    "pinned_by": "U9Q3DHX0V",
                    "pinned_ts": 1525599375
                }
            }
        },
        "ts": "1525599375.000024"
    }
]