[
    {
        "type": "message",
        "user": "U9Q3DHX0V",
        "text": "<!channel> aggiornate le issue di github",
        "ts": "1524557983.000151",
        "reactions": [
            {
                "name": "heavy_check_mark",
                "users": [
                    "U9NSNMBMG"
                ],
                "count": 1
            },
            {
                "name": "unicorn_face",
                "users": [
                    "U9NGE229G"
                ],
                "count": 1
            }
        ]
    },
    {
        "type": "message",
        "user": "U9NSNMBMG",
        "text": "creata la board per il primo Sprint, rimane da scegliere le priorità per le issues e inserirle in ordine nella sezione todo",
        "ts": "1524558614.000204"
    },
    {
        "type": "message",
        "user": "U9Q3DHX0V",
        "text": "<@U9NSNMBMG> è lo scrum master di shamir",
        "ts": "1524558746.000375",
        "reactions": [
            {
                "name": "man-juggling",
                "users": [
                    "U9NSNMBMG"
                ],
                "count": 1
            }
        ]
    },
    {
        "type": "message",
        "user": "U9Q3DHX0V",
        "text": "Ragazzi ho trovato questo articolo, lo condivido nel caso voleste dare un'occhiata veloce. Secondo me può tornarci  utile \"come gruppo\" <https:\/\/www.projectsmart.co.uk\/the-five-stages-of-team-development-a-case-study.php>",
        "attachments": [
            {
                "service_name": "Project Smart",
                "title": "The Five Stages of Team Development: A Case Study",
                "title_link": "https:\/\/www.projectsmart.co.uk\/the-five-stages-of-team-development-a-case-study.php",
                "text": "Every team progresses through five stages of team development. An understanding of these five stages enables a manager to reach a high performing team quickly.",
                "fallback": "Project Smart: The Five Stages of Team Development: A Case Study",
                "image_url": "https:\/\/www.projectsmart.co.uk\/img\/team-development.png",
                "from_url": "https:\/\/www.projectsmart.co.uk\/the-five-stages-of-team-development-a-case-study.php",
                "image_width": 186,
                "image_height": 250,
                "image_bytes": 220162,
                "service_icon": "http:\/\/www.projectsmart.co.uk\/favicon.png",
                "id": 1,
                "original_url": "https:\/\/www.projectsmart.co.uk\/the-five-stages-of-team-development-a-case-study.php"
            }
        ],
        "ts": "1524568635.000181"
    },
    {
        "type": "message",
        "user": "U9PUAUSRM",
        "text": "L'articolo è interessante, ma dato che ci sono cose come:",
        "ts": "1524577676.000365"
    },
    {
        "type": "message",
        "user": "U9PUAUSRM",
        "text": "All is Going Smoothly (Stage 3: Norming)\n\nThe team has now been working together for nearly 3 months.",
        "ts": "1524577685.000495"
    },
    {
        "type": "message",
        "user": "U9PUAUSRM",
        "text": "Non so quanto ci può aiutare xD",
        "ts": "1524577705.000460"
    },
    {
        "type": "message",
        "user": "U9NSNMBMG",
        "text": "dobbiamo fare la call?",
        "ts": "1524579938.000172"
    },
    {
        "type": "message",
        "user": "U9NGE229G",
        "text": "Si eccome",
        "client_msg_id": "596f5b60-40db-4a2e-8cbc-8ea035bc52f2",
        "ts": "1524580042.000470"
    },
    {
        "type": "message",
        "user": "U9NGE229G",
        "text": "Io sono pronto",
        "client_msg_id": "9cb1dcbd-4be3-4104-a39e-fe53febcbee6",
        "ts": "1524580045.000435"
    },
    {
        "type": "message",
        "user": "U9NSNMBMG",
        "text": "<@U9PUAUSRM> e <@U9NBDU7B4>???",
        "ts": "1524580299.000836"
    },
    {
        "type": "message",
        "user": "U9NBDU7B4",
        "text": "Ero morto sul divano",
        "client_msg_id": "207b5501-1241-4c99-bc10-218efc926e10",
        "ts": "1524581048.000858"
    },
    {
        "type": "message",
        "user": "U9NBDU7B4",
        "text": "Arrivo",
        "client_msg_id": "c8c828e1-594a-4bc7-ba72-b3a8d70c30c9",
        "ts": "1524581051.000183"
    },
    {
        "type": "message",
        "user": "U9PUAUSRM",
        "text": "Stavo mangiando",
        "ts": "1524581443.000882"
    },
    {
        "type": "message",
        "user": "U9PUAUSRM",
        "text": "Arrivo",
        "ts": "1524581445.000424"
    },
    {
        "type": "message",
        "subtype": "file_share",
        "text": "<@U9NSNMBMG> uploaded a file: <https:\/\/ingsw1718.slack.com\/files\/U9NSNMBMG\/FAC4TJX5Z\/23.04.2018.md|23.04.2018.md>",
        "file": {
            "id": "FAC4TJX5Z",
            "created": 1524581776,
            "timestamp": 1524581776,
            "name": "23.04.2018.md",
            "title": "23.04.2018.md",
            "mimetype": "text\/plain",
            "filetype": "markdown",
            "pretty_type": "Markdown (raw)",
            "user": "U9NSNMBMG",
            "editable": true,
            "size": 2010,
            "mode": "snippet",
            "is_external": false,
            "external_type": "",
            "is_public": true,
            "public_url_shared": false,
            "display_as_bot": false,
            "username": "",
            "url_private": "https:\/\/files.slack.com\/files-pri\/T9BAB138B-FAC4TJX5Z\/23.04.2018.md?t=xoxe-317351037283-365207707586-364511306800-333c6acf63d6b69e07fd249ca7d3d9ee",
            "url_private_download": "https:\/\/files.slack.com\/files-pri\/T9BAB138B-FAC4TJX5Z\/download\/23.04.2018.md?t=xoxe-317351037283-365207707586-364511306800-333c6acf63d6b69e07fd249ca7d3d9ee",
            "permalink": "https:\/\/ingsw1718.slack.com\/files\/U9NSNMBMG\/FAC4TJX5Z\/23.04.2018.md",
            "permalink_public": "https:\/\/slack-files.com\/T9BAB138B-FAC4TJX5Z-866b4d66b3",
            "edit_link": "https:\/\/ingsw1718.slack.com\/files\/U9NSNMBMG\/FAC4TJX5Z\/23.04.2018.md\/edit",
            "preview": "# MEETING 23\/04\/2018 CALL SKYPE\n\n## Fatto:\n- Create Milestone (Sprint) su GitHub\n- Create Issues Sprint 1 e labellate",
            "preview_highlight": "<div class=\"CodeMirror cm-s-default CodeMirrorServer\" oncopy=\"if(event.clipboardData){event.clipboardData.setData('text\/plain',window.getSelection().toString().replace(\/\\u200b\/g,''));event.preventDefault();event.stopPropagation();}\">\n<div class=\"CodeMirror-code\">\n<div><pre># MEETING 23\/04\/2018 CALL SKYPE<\/pre><\/div>\n<div><pre><\/pre><\/div>\n<div><pre>## Fatto:<\/pre><\/div>\n<div><pre>- Create Milestone (Sprint) su GitHub<\/pre><\/div>\n<div><pre>- Create Issues Sprint 1 e labellate<\/pre><\/div>\n<\/div>\n<\/div>\n",
            "lines": 44,
            "lines_more": 39,
            "preview_is_truncated": true,
            "channels": [],
            "groups": [],
            "ims": [],
            "comments_count": 0
        },
        "user": "U9NSNMBMG",
        "upload": true,
        "display_as_bot": false,
        "username": "simone.cicerello",
        "bot_id": null,
        "ts": "1524581777.000071"
    },
    {
        "type": "message",
        "user": "U9PUAUSRM",
        "text": "<https:\/\/drive.google.com\/drive\/folders\/1BolBTH-g0gYj02V2gJIMA8hU7aVDLky4?usp=sharing>",
        "ts": "1524582236.000108"
    },
    {
        "type": "message",
        "user": "U9NSNMBMG",
        "text": "<https:\/\/docs.oracle.com\/javase\/8\/docs\/api\/index.html?java\/util\/zip\/package-summary.html>",
        "ts": "1524584288.000192"
    },
    {
        "type": "message",
        "user": "U9PUAUSRM",
        "text": "Hey Ragazzi",
        "ts": "1524585553.000733"
    },
    {
        "type": "message",
        "user": "U9PUAUSRM",
        "text": "la libreria che useremo",
        "ts": "1524585557.000459"
    },
    {
        "type": "message",
        "user": "U9PUAUSRM",
        "text": "cosa prende in input per leggere il file json, un input stream?",
        "ts": "1524585580.000516"
    },
    {
        "type": "message",
        "user": "U9Q3DHX0V",
        "text": "un attimo controllo e ti dico",
        "ts": "1524587294.000887"
    },
    {
        "type": "message",
        "user": "U9Q3DHX0V",
        "text": "il metodo fromJson() può essere chiamato su String, jsonReader o JsonElement (gli ultimi 2 sono classi della libreria)",
        "ts": "1524587496.000842"
    },
    {
        "type": "message",
        "user": "U9Q3DHX0V",
        "text": "<http:\/\/www.javadoc.io\/doc\/com.google.code.gson\/gson\/2.8.2>",
        "ts": "1524587499.000037"
    },
    {
        "type": "message",
        "user": "U9Q3DHX0V",
        "text": "ti allego la documentazione",
        "ts": "1524587511.000547"
    },
    {
        "type": "message",
        "user": "U9PUAUSRM",
        "text": "Ok ho le info che mi servono, grazie.",
        "ts": "1524587724.000799",
        "reactions": [
            {
                "name": "v",
                "users": [
                    "U9Q3DHX0V"
                ],
                "count": 1
            }
        ]
    },
    {
        "type": "message",
        "user": "U9NSNMBMG",
        "text": "noi abbiamo riabbozzato l'uml e segnato qualche appunto in previsioni future, nulla di trascendentale e nulla di tanto diverso da quello che aveva fatto francesco",
        "ts": "1524594294.000363"
    },
    {
        "type": "message",
        "user": "U9NSNMBMG",
        "text": "magari appena possibile vediamo di incontrarci tutti insieme così ci facciamo una bella chiaccherata e discutiamo degli appunti che abbiamo segnato (sempre per questioni future, riutilizzo del codice, ecc) in modo tale che assodata la progettazione possiamo suddividerci i compiti e passare a implementare le classi",
        "ts": "1524594404.000430"
    },
    {
        "type": "message",
        "user": "U9NSNMBMG",
        "text": "in più proporrei se siete d'accordo di aggiungere un'altra colonna alla board (project) chiamata Ready oppure InReview giusto per aggiungere un altro step prima di metterli in Done nella quale andrebbero le Issues già revisionate",
        "ts": "1524594521.000019"
    },
    {
        "type": "message",
        "user": "U9NBDU7B4",
        "text": "Per vederci, va benissimo. La board da dove si vede?",
        "client_msg_id": "2e3335b5-2c0a-4125-8bf8-9f0b7242a0bc",
        "ts": "1524595929.000224"
    },
    {
        "type": "message",
        "user": "U9NBDU7B4",
        "text": "Cioè, sta su github?",
        "client_msg_id": "5a8b65f7-7734-41ba-9293-322a52c33847",
        "ts": "1524595964.000651"
    },
    {
        "type": "message",
        "user": "U9Q3DHX0V",
        "text": "si nel tab  project",
        "ts": "1524596454.000803"
    },
    {
        "type": "message",
        "user": "U9NBDU7B4",
        "text": "ah okay perfetto",
        "ts": "1524596524.000624"
    },
    {
        "type": "message",
        "user": "U9NGE229G",
        "text": "Perfetto ragazzi",
        "client_msg_id": "9da8a9e1-1cf6-4919-b66f-aeef2db180b2",
        "ts": "1524596978.000364"
    },
    {
        "type": "message",
        "user": "U9NBDU7B4",
        "text": "per me giovedì (pomeriggio) possiamo già vederci",
        "ts": "1524597032.000326"
    }
]