[
    {
        "type": "message",
        "subtype": "file_share",
        "text": "<@U9PUAUSRM> uploaded a file: <https:\/\/ingsw1718.slack.com\/files\/U9PUAUSRM\/FAP18L875\/-.txt|Untitled>",
        "file": {
            "id": "FAP18L875",
            "created": 1526282979,
            "timestamp": 1526282979,
            "name": "-.txt",
            "title": "Untitled",
            "mimetype": "text\/plain",
            "filetype": "text",
            "pretty_type": "Plain Text",
            "user": "U9PUAUSRM",
            "editable": true,
            "size": 2956,
            "mode": "snippet",
            "is_external": false,
            "external_type": "",
            "is_public": true,
            "public_url_shared": false,
            "display_as_bot": false,
            "username": "",
            "url_private": "https:\/\/files.slack.com\/files-pri\/T9BAB138B-FAP18L875\/-.txt?t=xoxe-317351037283-365207707586-364511306800-333c6acf63d6b69e07fd249ca7d3d9ee",
            "url_private_download": "https:\/\/files.slack.com\/files-pri\/T9BAB138B-FAP18L875\/download\/-.txt?t=xoxe-317351037283-365207707586-364511306800-333c6acf63d6b69e07fd249ca7d3d9ee",
            "permalink": "https:\/\/ingsw1718.slack.com\/files\/U9PUAUSRM\/FAP18L875\/-.txt",
            "permalink_public": "https:\/\/slack-files.com\/T9BAB138B-FAP18L875-50413f6d77",
            "edit_link": "https:\/\/ingsw1718.slack.com\/files\/U9PUAUSRM\/FAP18L875\/-.txt\/edit",
            "preview": "User story: In qualità di utente voglio visualizzare la lista dei @mention:\r\n\r\ndocker run --rm -v \/c:\/ns softenginfuniba\/shamir mentions -w \"ns\/<path-to-file>\/<nome-file>\r\n\"\r\ndocker run --rm -v \/c:\/ns softenginfuniba\/shamir mentions -w \"ns\/<path-to-file>\/<nome-file>\" -c <channel-name>\r",
            "preview_highlight": "<div class=\"CodeMirror cm-s-default CodeMirrorServer\" oncopy=\"if(event.clipboardData){event.clipboardData.setData('text\/plain',window.getSelection().toString().replace(\/\\u200b\/g,''));event.preventDefault();event.stopPropagation();}\">\n<div class=\"CodeMirror-code\">\n<div><pre>User story: In qualità di utente voglio visualizzare la lista dei @mention:<\/pre><\/div>\n<div><pre><\/pre><\/div>\n<div><pre>docker run --rm -v \/c:\/ns softenginfuniba\/shamir mentions -w &quot;ns\/&lt;path-to-file&gt;\/&lt;nome-file&gt;<\/pre><\/div>\n<div><pre>&quot;<\/pre><\/div>\n<div><pre>docker run --rm -v \/c:\/ns softenginfuniba\/shamir mentions -w &quot;ns\/&lt;path-to-file&gt;\/&lt;nome-file&gt;&quot; -c &lt;channel-name&gt;<\/pre><\/div>\n<div><pre><\/pre><\/div>\n<\/div>\n<\/div>\n",
            "lines": 73,
            "lines_more": 68,
            "preview_is_truncated": true,
            "channels": [],
            "groups": [],
            "ims": [],
            "comments_count": 0
        },
        "user": "U9PUAUSRM",
        "upload": true,
        "display_as_bot": false,
        "username": "p.lippolis10",
        "bot_id": null,
        "ts": "1526282979.000432"
    }
]