[
    {
        "type": "message",
        "user": "U9Q3DHX0V",
        "text": "i nomi nella coppia &lt;from,to&gt; devono essere i display name",
        "ts": "1525348685.000238"
    },
    {
        "type": "message",
        "user": "U9PUAUSRM",
        "text": "Tuttavia se \"display name\" è vuoto, va usato un'altro nome.",
        "thread_ts": "1525348725.000393",
        "reply_count": 1,
        "replies": [
            {
                "user": "U9Q3DHX0V",
                "ts": "1525348831.000026"
            }
        ],
        "unread_count": 1,
        "ts": "1525348725.000393"
    },
    {
        "type": "message",
        "user": "U9Q3DHX0V",
        "text": "in tal caso utilizzeremo real_name",
        "thread_ts": "1525348725.000393",
        "parent_user_id": "U9PUAUSRM",
        "ts": "1525348831.000026"
    },
    {
        "type": "message",
        "user": "U9NBDU7B4",
        "text": "Per i residenti a Bari, quindi alle 17?",
        "client_msg_id": "0cbbca89-e322-453d-99cf-424583b9d489",
        "ts": "1525355118.000556",
        "reactions": [
            {
                "name": "heavy_check_mark",
                "users": [
                    "U9NSNMBMG"
                ],
                "count": 1
            }
        ]
    },
    {
        "type": "message",
        "user": "U9NSNMBMG",
        "text": "<!channel> ho caricato le issues",
        "ts": "1525360637.000760"
    },
    {
        "type": "message",
        "user": "U9NSNMBMG",
        "text": "date uno sguardo",
        "ts": "1525360669.000655",
        "reactions": [
            {
                "name": "eyes",
                "users": [
                    "U9NBDU7B4"
                ],
                "count": 1
            }
        ]
    },
    {
        "type": "message",
        "user": "U9NBDU7B4",
        "text": "Sto fuori, apriteh",
        "client_msg_id": "d2edc007-e421-44ac-aa3d-cf24694ec90b",
        "ts": "1525360872.000679"
    },
    {
        "type": "message",
        "user": "U9NSNMBMG",
        "text": "io sono a casa mia",
        "ts": "1525360880.000088"
    },
    {
        "type": "message",
        "user": "U9NSNMBMG",
        "text": "arrivo",
        "ts": "1525360886.000189"
    },
    {
        "user": "U9B126ZME",
        "text": "<@U9B126ZME> has joined the channel",
        "type": "message",
        "subtype": "channel_join",
        "ts": "1525365516.000813"
    },
    {
        "type": "message",
        "subtype": "file_share",
        "text": "<@U9B126ZME> uploaded a file: <https:\/\/ingsw1718.slack.com\/files\/U9B126ZME\/FAH6DLH5E\/test.zip|test.zip>",
        "file": {
            "id": "FAH6DLH5E",
            "created": 1525365530,
            "timestamp": 1525365530,
            "name": "test.zip",
            "title": "test.zip",
            "mimetype": "application\/zip",
            "filetype": "zip",
            "pretty_type": "Zip",
            "user": "U9B126ZME",
            "editable": false,
            "size": 78683,
            "mode": "hosted",
            "is_external": false,
            "external_type": "",
            "is_public": true,
            "public_url_shared": false,
            "display_as_bot": false,
            "username": "",
            "url_private": "https:\/\/files.slack.com\/files-pri\/T9BAB138B-FAH6DLH5E\/test.zip?t=xoxe-317351037283-365207707586-364511306800-333c6acf63d6b69e07fd249ca7d3d9ee",
            "url_private_download": "https:\/\/files.slack.com\/files-pri\/T9BAB138B-FAH6DLH5E\/download\/test.zip?t=xoxe-317351037283-365207707586-364511306800-333c6acf63d6b69e07fd249ca7d3d9ee",
            "permalink": "https:\/\/ingsw1718.slack.com\/files\/U9B126ZME\/FAH6DLH5E\/test.zip",
            "permalink_public": "https:\/\/slack-files.com\/T9BAB138B-FAH6DLH5E-a05bbee949",
            "channels": [],
            "groups": [],
            "ims": [],
            "comments_count": 0
        },
        "user": "U9B126ZME",
        "upload": true,
        "display_as_bot": false,
        "username": "daniela.girardi1991",
        "bot_id": null,
        "ts": "1525365530.000678"
    }
]