[
    {
        "type": "message",
        "subtype": "file_share",
        "text": "<@U9N6Y2L9W> uploaded a file: <https:\/\/ingsw1718.slack.com\/files\/U9N6Y2L9W\/F9Y6HTYLE\/fb_img_1522225966070.jpg|FB_IMG_1522225966070.jpg>",
        "file": {
            "id": "F9Y6HTYLE",
            "created": 1522226043,
            "timestamp": 1522226043,
            "name": "FB_IMG_1522225966070.jpg",
            "title": "FB_IMG_1522225966070.jpg",
            "mimetype": "image\/jpeg",
            "filetype": "jpg",
            "pretty_type": "JPEG",
            "user": "U9N6Y2L9W",
            "editable": false,
            "size": 57421,
            "mode": "hosted",
            "is_external": false,
            "external_type": "",
            "is_public": true,
            "public_url_shared": false,
            "display_as_bot": false,
            "username": "",
            "url_private": "https:\/\/files.slack.com\/files-pri\/T9BAB138B-F9Y6HTYLE\/fb_img_1522225966070.jpg?t=xoxe-317351037283-349956658208-350423399492-cdb4ff182314343f41741a9e491e8d97",
            "url_private_download": "https:\/\/files.slack.com\/files-pri\/T9BAB138B-F9Y6HTYLE\/download\/fb_img_1522225966070.jpg?t=xoxe-317351037283-349956658208-350423399492-cdb4ff182314343f41741a9e491e8d97",
            "thumb_64": "https:\/\/files.slack.com\/files-tmb\/T9BAB138B-F9Y6HTYLE-d02c28096d\/fb_img_1522225966070_64.jpg?t=xoxe-317351037283-349956658208-350423399492-cdb4ff182314343f41741a9e491e8d97",
            "thumb_80": "https:\/\/files.slack.com\/files-tmb\/T9BAB138B-F9Y6HTYLE-d02c28096d\/fb_img_1522225966070_80.jpg?t=xoxe-317351037283-349956658208-350423399492-cdb4ff182314343f41741a9e491e8d97",
            "thumb_360": "https:\/\/files.slack.com\/files-tmb\/T9BAB138B-F9Y6HTYLE-d02c28096d\/fb_img_1522225966070_360.jpg?t=xoxe-317351037283-349956658208-350423399492-cdb4ff182314343f41741a9e491e8d97",
            "thumb_360_w": 360,
            "thumb_360_h": 278,
            "thumb_480": "https:\/\/files.slack.com\/files-tmb\/T9BAB138B-F9Y6HTYLE-d02c28096d\/fb_img_1522225966070_480.jpg?t=xoxe-317351037283-349956658208-350423399492-cdb4ff182314343f41741a9e491e8d97",
            "thumb_480_w": 480,
            "thumb_480_h": 370,
            "thumb_160": "https:\/\/files.slack.com\/files-tmb\/T9BAB138B-F9Y6HTYLE-d02c28096d\/fb_img_1522225966070_160.jpg?t=xoxe-317351037283-349956658208-350423399492-cdb4ff182314343f41741a9e491e8d97",
            "thumb_720": "https:\/\/files.slack.com\/files-tmb\/T9BAB138B-F9Y6HTYLE-d02c28096d\/fb_img_1522225966070_720.jpg?t=xoxe-317351037283-349956658208-350423399492-cdb4ff182314343f41741a9e491e8d97",
            "thumb_720_w": 720,
            "thumb_720_h": 555,
            "thumb_800": "https:\/\/files.slack.com\/files-tmb\/T9BAB138B-F9Y6HTYLE-d02c28096d\/fb_img_1522225966070_800.jpg?t=xoxe-317351037283-349956658208-350423399492-cdb4ff182314343f41741a9e491e8d97",
            "thumb_800_w": 800,
            "thumb_800_h": 617,
            "image_exif_rotation": 1,
            "original_w": 960,
            "original_h": 740,
            "permalink": "https:\/\/ingsw1718.slack.com\/files\/U9N6Y2L9W\/F9Y6HTYLE\/fb_img_1522225966070.jpg",
            "permalink_public": "https:\/\/slack-files.com\/T9BAB138B-F9Y6HTYLE-5f6d4365b3",
            "channels": [],
            "groups": [],
            "ims": [],
            "comments_count": 0
        },
        "user": "U9N6Y2L9W",
        "upload": true,
        "display_as_bot": false,
        "username": "giovandimeo",
        "bot_id": null,
        "ts": "1522226046.000133"
    }
]