[
    {
        "type": "message",
        "subtype": "file_share",
        "text": "<@U9P0DMXGD> uploaded a file: <https:\/\/ingsw1718.slack.com\/files\/U9P0DMXGD\/FAMF736EL\/comandi.txt|comandi.txt> and commented: awa",
        "file": {
            "id": "FAMF736EL",
            "created": 1526038247,
            "timestamp": 1526038247,
            "name": "comandi.txt",
            "title": "comandi.txt",
            "mimetype": "text\/plain",
            "filetype": "text",
            "pretty_type": "Plain Text",
            "user": "U9P0DMXGD",
            "editable": true,
            "size": 2006,
            "mode": "snippet",
            "is_external": false,
            "external_type": "",
            "is_public": true,
            "public_url_shared": false,
            "display_as_bot": false,
            "username": "",
            "url_private": "https:\/\/files.slack.com\/files-pri\/T9BAB138B-FAMF736EL\/comandi.txt?t=xoxe-317351037283-365207707586-364511306800-333c6acf63d6b69e07fd249ca7d3d9ee",
            "url_private_download": "https:\/\/files.slack.com\/files-pri\/T9BAB138B-FAMF736EL\/download\/comandi.txt?t=xoxe-317351037283-365207707586-364511306800-333c6acf63d6b69e07fd249ca7d3d9ee",
            "permalink": "https:\/\/ingsw1718.slack.com\/files\/U9P0DMXGD\/FAMF736EL\/comandi.txt",
            "permalink_public": "https:\/\/slack-files.com\/T9BAB138B-FAMF736EL-0cff8f5577",
            "edit_link": "https:\/\/ingsw1718.slack.com\/files\/U9P0DMXGD\/FAMF736EL\/comandi.txt\/edit",
            "preview": "help\r\nsna4slack\r\nmembers \"C:\\Users\\Billy\\Desktop\\pane.zip\"\r\ngrouped \"C:\\Users\\Billy\\Desktop\\pane.zip\"\r\nbackus \"C:\\Users\\Billy\\Desktop\\pane.zip\"\r",
            "preview_highlight": "<div class=\"CodeMirror cm-s-default CodeMirrorServer\" oncopy=\"if(event.clipboardData){event.clipboardData.setData('text\/plain',window.getSelection().toString().replace(\/\\u200b\/g,''));event.preventDefault();event.stopPropagation();}\">\n<div class=\"CodeMirror-code\">\n<div><pre>help<\/pre><\/div>\n<div><pre>sna4slack<\/pre><\/div>\n<div><pre>members &quot;C:\\Users\\Billy\\Desktop\\pane.zip&quot;<\/pre><\/div>\n<div><pre>grouped &quot;C:\\Users\\Billy\\Desktop\\pane.zip&quot;<\/pre><\/div>\n<div><pre>backus &quot;C:\\Users\\Billy\\Desktop\\pane.zip&quot;<\/pre><\/div>\n<div><pre><\/pre><\/div>\n<\/div>\n<\/div>\n",
            "lines": 44,
            "lines_more": 39,
            "preview_is_truncated": true,
            "channels": [],
            "groups": [],
            "ims": [],
            "comments_count": 1,
            "initial_comment": {
                "id": "FcAN69HHDG",
                "created": 1526038247,
                "timestamp": 1526038247,
                "user": "U9P0DMXGD",
                "is_intro": true,
                "comment": "awa"
            }
        },
        "user": "U9P0DMXGD",
        "upload": true,
        "display_as_bot": false,
        "username": "r.bellarosa1",
        "bot_id": null,
        "ts": "1526038247.000293"
    },
    {
        "type": "message",
        "subtype": "file_share",
        "text": "<@U9P0DMXGD> uploaded a file: <https:\/\/ingsw1718.slack.com\/files\/U9P0DMXGD\/FAN85F6AX\/toSend_txt.txt|toSend.txt> and commented: File contenente esempi di comandi impartiti da docker.",
        "file": {
            "id": "FAN85F6AX",
            "created": 1526053350,
            "timestamp": 1526053350,
            "name": "toSend_txt.txt",
            "title": "toSend.txt",
            "mimetype": "text\/plain",
            "filetype": "text",
            "pretty_type": "Plain Text",
            "user": "U9P0DMXGD",
            "editable": true,
            "size": 762,
            "mode": "snippet",
            "is_external": false,
            "external_type": "",
            "is_public": true,
            "public_url_shared": false,
            "display_as_bot": false,
            "username": "",
            "url_private": "https:\/\/files.slack.com\/files-pri\/T9BAB138B-FAN85F6AX\/toSend_txt.txt?t=xoxe-317351037283-365207707586-364511306800-333c6acf63d6b69e07fd249ca7d3d9ee",
            "url_private_download": "https:\/\/files.slack.com\/files-pri\/T9BAB138B-FAN85F6AX\/download\/toSend_txt.txt?t=xoxe-317351037283-365207707586-364511306800-333c6acf63d6b69e07fd249ca7d3d9ee",
            "permalink": "https:\/\/ingsw1718.slack.com\/files\/U9P0DMXGD\/FAN85F6AX\/toSend_txt.txt",
            "permalink_public": "https:\/\/slack-files.com\/T9BAB138B-FAN85F6AX-5b3a30ad3c",
            "edit_link": "https:\/\/ingsw1718.slack.com\/files\/U9P0DMXGD\/FAN85F6AX\/toSend_txt.txt\/edit",
            "preview": "Se il nome dello User contiene spazi specificarlo tra virgolette.\r\nIn qualità di utente voglio visualizzare la lista dei mentions:\r\ndocker run -v \/c:\/n softenginfuniba\/backus mentions \"n\/ingsw1718 Slack export Apr 20 2018.zip\"\r\n\r\nIn qualità di utente voglio visualizzare la lista dei mention che arrivano a uno User:\r",
            "preview_highlight": "<div class=\"CodeMirror cm-s-default CodeMirrorServer\" oncopy=\"if(event.clipboardData){event.clipboardData.setData('text\/plain',window.getSelection().toString().replace(\/\\u200b\/g,''));event.preventDefault();event.stopPropagation();}\">\n<div class=\"CodeMirror-code\">\n<div><pre>Se il nome dello User contiene spazi specificarlo tra virgolette.<\/pre><\/div>\n<div><pre>In qualità di utente voglio visualizzare la lista dei mentions:<\/pre><\/div>\n<div><pre>docker run -v \/c:\/n softenginfuniba\/backus mentions &quot;n\/ingsw1718 Slack export Apr 20 2018.zip&quot;<\/pre><\/div>\n<div><pre><\/pre><\/div>\n<div><pre>In qualità di utente voglio visualizzare la lista dei mention che arrivano a uno User:<\/pre><\/div>\n<div><pre><\/pre><\/div>\n<\/div>\n<\/div>\n",
            "lines": 13,
            "lines_more": 8,
            "preview_is_truncated": false,
            "channels": [],
            "groups": [],
            "ims": [],
            "comments_count": 1,
            "initial_comment": {
                "id": "FcAMKZD3EC",
                "created": 1526053350,
                "timestamp": 1526053350,
                "user": "U9P0DMXGD",
                "is_intro": true,
                "comment": "File contenente esempi di comandi impartiti da docker."
            }
        },
        "user": "U9P0DMXGD",
        "upload": true,
        "display_as_bot": false,
        "username": "r.bellarosa1",
        "bot_id": null,
        "ts": "1526053351.000309"
    },
    {
        "type": "message",
        "user": "U9P0DMXGD",
        "text": "Ragazzi ho caricato il file suddetto in modo da averlo già pronto per la consegna buon weekend cuoricini",
        "ts": "1526053438.000552"
    }
]