[
    {
        "type": "message",
        "user": "U9NV9614K",
        "text": "<https:\/\/stackoverflow.com\/questions\/44733836\/no-clone-method-in-string-class>",
        "attachments": [
            {
                "service_name": "Stack Overflow",
                "title": "No clone method in String Class",
                "title_link": "https:\/\/stackoverflow.com\/questions\/44733836\/no-clone-method-in-string-class",
                "text": "A technical aptitude question HashMap&lt;String, String&gt; map = new HashMap&lt;String,String&gt;(); String key1 = \"key1\"; map.put(key1, \"value1\"); String key2 = key1.clone(); map.put(key2, \"valu...",
                "fallback": "Stack Overflow: No clone method in String Class",
                "thumb_url": "https:\/\/cdn.sstatic.net\/Sites\/stackoverflow\/img\/apple-touch-icon@2.png?v=73d79a89bded",
                "from_url": "https:\/\/stackoverflow.com\/questions\/44733836\/no-clone-method-in-string-class",
                "thumb_width": 316,
                "thumb_height": 316,
                "service_icon": "https:\/\/cdn.sstatic.net\/Sites\/stackoverflow\/img\/favicon.ico?v=4f32ecc8f43d",
                "id": 1,
                "original_url": "https:\/\/stackoverflow.com\/questions\/44733836\/no-clone-method-in-string-class"
            }
        ],
        "ts": "1526370099.000349"
    },
    {
        "type": "message",
        "user": "U9P60ACP7",
        "text": "comunque i comandi funzionano anche su docker, non ho controllato la correttezza dei risultati",
        "ts": "1526400863.000114"
    }
]