[
    {
        "type": "message",
        "user": "U9P60ACP7",
        "text": "raga era una cazzata l'errore, semplicemente quando andava a cercare i mentions per distrazione gli ho passato l'username e non l'id del member. Per sto motivo giustamente quando andava a confrontarli non ne trovava mai neanche uno. Ho corretto e funziona se ci sono da aggiustare altre cose le vediamo insieme domani",
        "ts": "1525789541.000678"
    },
    {
        "type": "message",
        "user": "U9P0DMXGD",
        "text": "Perfetto ok",
        "client_msg_id": "b4ed177e-a360-4d70-9985-da9d5c78210c",
        "ts": "1525790269.000629"
    }
]