[
    {
        "type": "message",
        "subtype": "file_share",
        "text": "<@U9NV9614K> uploaded a file: <https:\/\/ingsw1718.slack.com\/files\/U9NV9614K\/FALN164GG\/main.html|main.html>",
        "file": {
            "id": "FALN164GG",
            "created": 1525940692,
            "timestamp": 1525940692,
            "name": "main.html",
            "title": "main.html",
            "mimetype": "text\/plain",
            "filetype": "html",
            "pretty_type": "HTML",
            "user": "U9NV9614K",
            "editable": true,
            "size": 43172,
            "mode": "snippet",
            "is_external": false,
            "external_type": "",
            "is_public": true,
            "public_url_shared": false,
            "display_as_bot": false,
            "username": "",
            "url_private": "https:\/\/files.slack.com\/files-pri\/T9BAB138B-FALN164GG\/main.html?t=xoxe-317351037283-365207707586-364511306800-333c6acf63d6b69e07fd249ca7d3d9ee",
            "url_private_download": "https:\/\/files.slack.com\/files-pri\/T9BAB138B-FALN164GG\/download\/main.html?t=xoxe-317351037283-365207707586-364511306800-333c6acf63d6b69e07fd249ca7d3d9ee",
            "permalink": "https:\/\/ingsw1718.slack.com\/files\/U9NV9614K\/FALN164GG\/main.html",
            "permalink_public": "https:\/\/slack-files.com\/T9BAB138B-FALN164GG-dbfd871dea",
            "edit_link": "https:\/\/ingsw1718.slack.com\/files\/U9NV9614K\/FALN164GG\/main.html\/edit",
            "preview": "<html>\r\n<head>\r\n<META http-equiv=\"Content-Type\" content=\"text\/html; charset=UTF-8\">\r\n<style type=\"text\/css\">\r\n    .bannercell {\r",
            "preview_highlight": "<div class=\"CodeMirror cm-s-default CodeMirrorServer\" oncopy=\"if(event.clipboardData){event.clipboardData.setData('text\/plain',window.getSelection().toString().replace(\/\\u200b\/g,''));event.preventDefault();event.stopPropagation();}\">\n<div class=\"CodeMirror-code\">\n<div><pre><span class=\"cm-tag cm-bracket\">&lt;<\/span><span class=\"cm-tag\">html<\/span><span class=\"cm-tag cm-bracket\">&gt;<\/span><\/pre><\/div>\n<div><pre><span class=\"cm-tag cm-bracket\">&lt;<\/span><span class=\"cm-tag\">head<\/span><span class=\"cm-tag cm-bracket\">&gt;<\/span><\/pre><\/div>\n<div><pre><span class=\"cm-tag cm-bracket\">&lt;<\/span><span class=\"cm-tag\">META<\/span> <span class=\"cm-attribute\">http-equiv<\/span>=<span class=\"cm-string\">&quot;Content-Type&quot;<\/span> <span class=\"cm-attribute\">content<\/span>=<span class=\"cm-string\">&quot;text\/html; charset=UTF-8&quot;<\/span><span class=\"cm-tag cm-bracket\">&gt;<\/span><\/pre><\/div>\n<div><pre><span class=\"cm-tag cm-bracket\">&lt;<\/span><span class=\"cm-tag\">style<\/span> <span class=\"cm-attribute\">type<\/span>=<span class=\"cm-string\">&quot;text\/css&quot;<\/span><span class=\"cm-tag cm-bracket\">&gt;<\/span><\/pre><\/div>\n<div><pre>    <span class=\"cm-qualifier\">.bannercell<\/span> {<\/pre><\/div>\n<\/div>\n<\/div>\n",
            "lines": 1360,
            "lines_more": 1355,
            "preview_is_truncated": true,
            "channels": [],
            "groups": [],
            "ims": [],
            "comments_count": 0
        },
        "user": "U9NV9614K",
        "upload": true,
        "display_as_bot": false,
        "username": "francilomuscio",
        "bot_id": null,
        "ts": "1525940693.000341"
    },
    {
        "type": "message",
        "subtype": "file_share",
        "text": "<@U9P0DMXGD> uploaded a file: <https:\/\/ingsw1718.slack.com\/files\/U9P0DMXGD\/FALP0NAKA\/map_-_copia.zip|MAP - Copia.zip>",
        "file": {
            "id": "FALP0NAKA",
            "created": 1525945348,
            "timestamp": 1525945348,
            "name": "MAP - Copia.zip",
            "title": "MAP - Copia.zip",
            "mimetype": "application\/zip",
            "filetype": "zip",
            "pretty_type": "Zip",
            "user": "U9P0DMXGD",
            "editable": false,
            "size": 30565,
            "mode": "hosted",
            "is_external": false,
            "external_type": "",
            "is_public": true,
            "public_url_shared": false,
            "display_as_bot": false,
            "username": "",
            "url_private": "https:\/\/files.slack.com\/files-pri\/T9BAB138B-FALP0NAKA\/map_-_copia.zip?t=xoxe-317351037283-365207707586-364511306800-333c6acf63d6b69e07fd249ca7d3d9ee",
            "url_private_download": "https:\/\/files.slack.com\/files-pri\/T9BAB138B-FALP0NAKA\/download\/map_-_copia.zip?t=xoxe-317351037283-365207707586-364511306800-333c6acf63d6b69e07fd249ca7d3d9ee",
            "permalink": "https:\/\/ingsw1718.slack.com\/files\/U9P0DMXGD\/FALP0NAKA\/map_-_copia.zip",
            "permalink_public": "https:\/\/slack-files.com\/T9BAB138B-FALP0NAKA-c5d8a21bd4",
            "channels": [],
            "groups": [],
            "ims": [],
            "comments_count": 0
        },
        "user": "U9P0DMXGD",
        "upload": true,
        "display_as_bot": false,
        "username": "r.bellarosa1",
        "bot_id": null,
        "ts": "1525945349.000079"
    },
    {
        "type": "message",
        "subtype": "file_share",
        "text": "<@U9P0DMXGD> uploaded a file: <https:\/\/ingsw1718.slack.com\/files\/U9P0DMXGD\/FAMMAPVNH\/map.zip|MAP.zip> and commented: quello vero",
        "file": {
            "id": "FAMMAPVNH",
            "created": 1525959506,
            "timestamp": 1525959506,
            "name": "MAP.zip",
            "title": "MAP.zip",
            "mimetype": "application\/zip",
            "filetype": "zip",
            "pretty_type": "Zip",
            "user": "U9P0DMXGD",
            "editable": false,
            "size": 30449,
            "mode": "hosted",
            "is_external": false,
            "external_type": "",
            "is_public": true,
            "public_url_shared": false,
            "display_as_bot": false,
            "username": "",
            "url_private": "https:\/\/files.slack.com\/files-pri\/T9BAB138B-FAMMAPVNH\/map.zip?t=xoxe-317351037283-365207707586-364511306800-333c6acf63d6b69e07fd249ca7d3d9ee",
            "url_private_download": "https:\/\/files.slack.com\/files-pri\/T9BAB138B-FAMMAPVNH\/download\/map.zip?t=xoxe-317351037283-365207707586-364511306800-333c6acf63d6b69e07fd249ca7d3d9ee",
            "permalink": "https:\/\/ingsw1718.slack.com\/files\/U9P0DMXGD\/FAMMAPVNH\/map.zip",
            "permalink_public": "https:\/\/slack-files.com\/T9BAB138B-FAMMAPVNH-03f0dd4f81",
            "channels": [],
            "groups": [],
            "ims": [],
            "comments_count": 1,
            "initial_comment": {
                "id": "FcAMAL7GDS",
                "created": 1525959506,
                "timestamp": 1525959506,
                "user": "U9P0DMXGD",
                "is_intro": true,
                "comment": "quello vero"
            }
        },
        "user": "U9P0DMXGD",
        "upload": true,
        "display_as_bot": false,
        "username": "r.bellarosa1",
        "bot_id": null,
        "ts": "1525959507.000190"
    },
    {
        "type": "message",
        "user": "U9NV9614K",
        "text": "Cose da chiedere al prof per lo Sprint 3:",
        "ts": "1525960546.000265"
    },
    {
        "type": "message",
        "user": "U9NV9614K",
        "text": "vuole visualizzato il real name o il name?",
        "ts": "1525960564.000501"
    }
]