[
    {
        "type": "message",
        "subtype": "file_share",
        "text": "<@U9P60ACP7> uploaded a file: <https:\/\/ingsw1718.slack.com\/files\/U9P60ACP7\/FADS1D0T1\/format.java|format>",
        "file": {
            "id": "FADS1D0T1",
            "created": 1524653837,
            "timestamp": 1524653837,
            "name": "format.java",
            "title": "format",
            "mimetype": "text\/plain",
            "filetype": "java",
            "pretty_type": "Java",
            "user": "U9P60ACP7",
            "editable": true,
            "size": 580,
            "mode": "snippet",
            "is_external": false,
            "external_type": "",
            "is_public": true,
            "public_url_shared": false,
            "display_as_bot": false,
            "username": "",
            "url_private": "https:\/\/files.slack.com\/files-pri\/T9BAB138B-FADS1D0T1\/format.java?t=xoxe-317351037283-365207707586-364511306800-333c6acf63d6b69e07fd249ca7d3d9ee",
            "url_private_download": "https:\/\/files.slack.com\/files-pri\/T9BAB138B-FADS1D0T1\/download\/format.java?t=xoxe-317351037283-365207707586-364511306800-333c6acf63d6b69e07fd249ca7d3d9ee",
            "permalink": "https:\/\/ingsw1718.slack.com\/files\/U9P60ACP7\/FADS1D0T1\/format.java",
            "permalink_public": "https:\/\/slack-files.com\/T9BAB138B-FADS1D0T1-eb110641e4",
            "edit_link": "https:\/\/ingsw1718.slack.com\/files\/U9P60ACP7\/FADS1D0T1\/format.java\/edit",
            "preview": "\tprivate void format1() {\r\n\t\tString substring;\r\n\t\tboolean inizio = false;\r\n\t\tboolean flag = false;\r\n\t\tint n_par = 0;\r",
            "preview_highlight": "<div class=\"CodeMirror cm-s-default CodeMirrorServer\" oncopy=\"if(event.clipboardData){event.clipboardData.setData('text\/plain',window.getSelection().toString().replace(\/\\u200b\/g,''));event.preventDefault();event.stopPropagation();}\">\n<div class=\"CodeMirror-code\">\n<div><pre>\t<span class=\"cm-keyword\">private<\/span> <span class=\"cm-variable-3\">void<\/span> <span class=\"cm-def\">format1<\/span>() {<\/pre><\/div>\n<div><pre>\t\t<span class=\"cm-variable-3\">String<\/span> <span class=\"cm-variable\">substring<\/span>;<\/pre><\/div>\n<div><pre>\t\t<span class=\"cm-variable-3\">boolean<\/span> <span class=\"cm-variable\">inizio<\/span> <span class=\"cm-operator\">=<\/span> <span class=\"cm-atom\">false<\/span>;<\/pre><\/div>\n<div><pre>\t\t<span class=\"cm-variable-3\">boolean<\/span> <span class=\"cm-variable\">flag<\/span> <span class=\"cm-operator\">=<\/span> <span class=\"cm-atom\">false<\/span>;<\/pre><\/div>\n<div><pre>\t\t<span class=\"cm-variable-3\">int<\/span> <span class=\"cm-variable\">n_par<\/span> <span class=\"cm-operator\">=<\/span> <span class=\"cm-number\">0<\/span>;<\/pre><\/div>\n<\/div>\n<\/div>\n",
            "lines": 28,
            "lines_more": 23,
            "preview_is_truncated": false,
            "channels": [],
            "groups": [],
            "ims": [],
            "comments_count": 0
        },
        "user": "U9P60ACP7",
        "upload": true,
        "display_as_bot": false,
        "username": "dongiovannidavide",
        "bot_id": null,
        "ts": "1524653837.000359"
    },
    {
        "type": "message",
        "user": "U9NV9614K",
        "text": "private void format1() {\n\t\tString s = new String(\"ws  \");\n\t\tboolean flag = false;\n\t\tint n_par = 0;\n\t\tint i = 0, fine = 0;\n\t\twhile(i &lt; s.length() &amp;&amp; !flag) {\n\t\t\tif(s.charAt(i) == ' ') {\n\t\t\t\twhile(i &lt; s.length() &amp;&amp; s.charAt(i) == ' ')\n\t\t\t\t\ti++;\n\t\t\t\tif(n_par != 0)\n\t\t\t\t\tflag = true;\n\t\t\t\tfine = i-1;\n\t\t\t}else {\n\t\t\t\twhile(i &lt; s.length() &amp;&amp; s.charAt(i) != ' ')\n\t\t\t\t\ti++;\n\t\t\t\tn_par++;\n\t\t\t\tfine = i-1;\n\t\t\t}\n\t\t}\n\t\tSystem.out.println(fine);\n\t\t\n\t}",
        "ts": "1524654804.000184"
    },
    {
        "type": "message",
        "user": "U9NV9614K",
        "text": "JSONParser parser = new JSONParser();\n\t\ttry {\n\t\t\t\/\/FileReader prova = new FileReader(\"C:\\\\Users\\\\PC\\\\Desktop\\\\users.json\");\n\t\t\tJSONArray temp = (JSONArray) parser.parse(new FileReader(new String(source+file)));\n\t\t\t\/\/Object _prova = (JSONArray) parser.parse(prova);\n\t\t\t\/\/System.out.println(temp);\n\t\t\tIterator&lt;JSONObject&gt; i = temp.iterator();\n\t\t\twhile(i.hasNext()) {\n\t\t\t\tSystem.out.println(i.next().get(\"name\"));\n\t\t\t}\n\t\t}\n\t\tcatch(FileNotFoundException e) {\n\t\t\te.printStackTrace();\n\t\t}\n\t\tcatch(IOException e) {\n\t\t\te.printStackTrace();\n\t\t}catch(ParseException e) {\n\t\t\te.printStackTrace();\n\t\t}",
        "ts": "1524668271.000467"
    }
]