[
    {
        "type": "message",
        "subtype": "file_share",
        "text": "<@U9P60ACP7> uploaded a file: <https:\/\/ingsw1718.slack.com\/files\/U9P60ACP7\/FAES5PES3\/-.java|Untitled>",
        "file": {
            "id": "FAES5PES3",
            "created": 1524755376,
            "timestamp": 1524755376,
            "name": "-.java",
            "title": "Untitled",
            "mimetype": "text\/plain",
            "filetype": "java",
            "pretty_type": "Java",
            "user": "U9P60ACP7",
            "editable": true,
            "size": 642,
            "mode": "snippet",
            "is_external": false,
            "external_type": "",
            "is_public": true,
            "public_url_shared": false,
            "display_as_bot": false,
            "username": "",
            "url_private": "https:\/\/files.slack.com\/files-pri\/T9BAB138B-FAES5PES3\/-.java?t=xoxe-317351037283-365207707586-364511306800-333c6acf63d6b69e07fd249ca7d3d9ee",
            "url_private_download": "https:\/\/files.slack.com\/files-pri\/T9BAB138B-FAES5PES3\/download\/-.java?t=xoxe-317351037283-365207707586-364511306800-333c6acf63d6b69e07fd249ca7d3d9ee",
            "permalink": "https:\/\/ingsw1718.slack.com\/files\/U9P60ACP7\/FAES5PES3\/-.java",
            "permalink_public": "https:\/\/slack-files.com\/T9BAB138B-FAES5PES3-e9a889266c",
            "edit_link": "https:\/\/ingsw1718.slack.com\/files\/U9P60ACP7\/FAES5PES3\/-.java\/edit",
            "preview": "\t\tif(ctrl.length != 0) {\r\n\t\t\tif(ctrl[0].equals(\"help\") || ctrl[0].equals(\"sna4slack\")) {\r\n\t\t\t\tFile file = new File(\"res\/txt\/help.txt\");\r\n\t\t\t\tHelpMenu menu = new HelpMenu(file.getAbsolutePath());\r\n\t\t\t\tmenu.printHelp();\r",
            "preview_highlight": "<div class=\"CodeMirror cm-s-default CodeMirrorServer\" oncopy=\"if(event.clipboardData){event.clipboardData.setData('text\/plain',window.getSelection().toString().replace(\/\\u200b\/g,''));event.preventDefault();event.stopPropagation();}\">\n<div class=\"CodeMirror-code\">\n<div><pre>\t\t<span class=\"cm-keyword\">if<\/span>(<span class=\"cm-variable\">ctrl<\/span>.<span class=\"cm-variable\">length<\/span> <span class=\"cm-operator\">!=<\/span> <span class=\"cm-number\">0<\/span>) {<\/pre><\/div>\n<div><pre>\t\t\t<span class=\"cm-keyword\">if<\/span>(<span class=\"cm-variable\">ctrl<\/span>[<span class=\"cm-number\">0<\/span>].<span class=\"cm-variable\">equals<\/span>(<span class=\"cm-string\">&quot;help&quot;<\/span>) <span class=\"cm-operator\">||<\/span> <span class=\"cm-variable\">ctrl<\/span>[<span class=\"cm-number\">0<\/span>].<span class=\"cm-variable\">equals<\/span>(<span class=\"cm-string\">&quot;sna4slack&quot;<\/span>)) {<\/pre><\/div>\n<div><pre>\t\t\t\t<span class=\"cm-variable\">File<\/span> <span class=\"cm-variable\">file<\/span> <span class=\"cm-operator\">=<\/span> <span class=\"cm-keyword\">new<\/span> <span class=\"cm-variable\">File<\/span>(<span class=\"cm-string\">&quot;res\/txt\/help.txt&quot;<\/span>);<\/pre><\/div>\n<div><pre>\t\t\t\t<span class=\"cm-variable\">HelpMenu<\/span> <span class=\"cm-variable\">menu<\/span> <span class=\"cm-operator\">=<\/span> <span class=\"cm-keyword\">new<\/span> <span class=\"cm-variable\">HelpMenu<\/span>(<span class=\"cm-variable\">file<\/span>.<span class=\"cm-variable\">getAbsolutePath<\/span>());<\/pre><\/div>\n<div><pre>\t\t\t\t<span class=\"cm-variable\">menu<\/span>.<span class=\"cm-variable\">printHelp<\/span>();<\/pre><\/div>\n<\/div>\n<\/div>\n",
            "lines": 19,
            "lines_more": 14,
            "preview_is_truncated": false,
            "channels": [],
            "groups": [],
            "ims": [],
            "comments_count": 0
        },
        "user": "U9P60ACP7",
        "upload": true,
        "display_as_bot": false,
        "username": "dongiovannidavide",
        "bot_id": null,
        "ts": "1524755377.000222"
    },
    {
        "type": "message",
        "subtype": "file_share",
        "text": "<@U9P0DMXGD> uploaded a file: <https:\/\/ingsw1718.slack.com\/files\/U9P0DMXGD\/FADP66A1Z\/channel.java|Channel.java>",
        "file": {
            "id": "FADP66A1Z",
            "created": 1524758244,
            "timestamp": 1524758244,
            "name": "Channel.java",
            "title": "Channel.java",
            "mimetype": "text\/plain",
            "filetype": "java",
            "pretty_type": "Java",
            "user": "U9P0DMXGD",
            "editable": true,
            "size": 410,
            "mode": "snippet",
            "is_external": false,
            "external_type": "",
            "is_public": true,
            "public_url_shared": false,
            "display_as_bot": false,
            "username": "",
            "url_private": "https:\/\/files.slack.com\/files-pri\/T9BAB138B-FADP66A1Z\/channel.java?t=xoxe-317351037283-365207707586-364511306800-333c6acf63d6b69e07fd249ca7d3d9ee",
            "url_private_download": "https:\/\/files.slack.com\/files-pri\/T9BAB138B-FADP66A1Z\/download\/channel.java?t=xoxe-317351037283-365207707586-364511306800-333c6acf63d6b69e07fd249ca7d3d9ee",
            "permalink": "https:\/\/ingsw1718.slack.com\/files\/U9P0DMXGD\/FADP66A1Z\/channel.java",
            "permalink_public": "https:\/\/slack-files.com\/T9BAB138B-FADP66A1Z-5fbd2095b4",
            "edit_link": "https:\/\/ingsw1718.slack.com\/files\/U9P0DMXGD\/FADP66A1Z\/channel.java\/edit",
            "preview": "package it.uniba.workspace;\r\n\r\nclass Channel {\r\n\tprivate String id;\r\n\tprivate String name;\r",
            "preview_highlight": "<div class=\"CodeMirror cm-s-default CodeMirrorServer\" oncopy=\"if(event.clipboardData){event.clipboardData.setData('text\/plain',window.getSelection().toString().replace(\/\\u200b\/g,''));event.preventDefault();event.stopPropagation();}\">\n<div class=\"CodeMirror-code\">\n<div><pre><span class=\"cm-keyword\">package<\/span> <span class=\"cm-def\">it<\/span>.<span class=\"cm-variable\">uniba<\/span>.<span class=\"cm-variable\">workspace<\/span>;<\/pre><\/div>\n<div><pre>&#8203;<\/pre><\/div>\n<div><pre><span class=\"cm-keyword\">class<\/span> <span class=\"cm-def\">Channel<\/span> {<\/pre><\/div>\n<div><pre>\t<span class=\"cm-keyword\">private<\/span> <span class=\"cm-variable-3\">String<\/span> <span class=\"cm-variable\">id<\/span>;<\/pre><\/div>\n<div><pre>\t<span class=\"cm-keyword\">private<\/span> <span class=\"cm-variable-3\">String<\/span> <span class=\"cm-variable\">name<\/span>;<\/pre><\/div>\n<\/div>\n<\/div>\n",
            "lines": 21,
            "lines_more": 16,
            "preview_is_truncated": false,
            "channels": [],
            "groups": [],
            "ims": [],
            "comments_count": 0
        },
        "user": "U9P0DMXGD",
        "upload": true,
        "display_as_bot": false,
        "username": "r.bellarosa1",
        "bot_id": null,
        "ts": "1524758244.000664"
    },
    {
        "type": "message",
        "subtype": "file_share",
        "text": "<@U9P0DMXGD> uploaded a file: <https:\/\/ingsw1718.slack.com\/files\/U9P0DMXGD\/FAEP0B98E\/command.java|Command.java>",
        "file": {
            "id": "FAEP0B98E",
            "created": 1524758246,
            "timestamp": 1524758246,
            "name": "Command.java",
            "title": "Command.java",
            "mimetype": "text\/plain",
            "filetype": "java",
            "pretty_type": "Java",
            "user": "U9P0DMXGD",
            "editable": true,
            "size": 1124,
            "mode": "snippet",
            "is_external": false,
            "external_type": "",
            "is_public": true,
            "public_url_shared": false,
            "display_as_bot": false,
            "username": "",
            "url_private": "https:\/\/files.slack.com\/files-pri\/T9BAB138B-FAEP0B98E\/command.java?t=xoxe-317351037283-365207707586-364511306800-333c6acf63d6b69e07fd249ca7d3d9ee",
            "url_private_download": "https:\/\/files.slack.com\/files-pri\/T9BAB138B-FAEP0B98E\/download\/command.java?t=xoxe-317351037283-365207707586-364511306800-333c6acf63d6b69e07fd249ca7d3d9ee",
            "permalink": "https:\/\/ingsw1718.slack.com\/files\/U9P0DMXGD\/FAEP0B98E\/command.java",
            "permalink_public": "https:\/\/slack-files.com\/T9BAB138B-FAEP0B98E-6078f803aa",
            "edit_link": "https:\/\/ingsw1718.slack.com\/files\/U9P0DMXGD\/FAEP0B98E\/command.java\/edit",
            "preview": "package it.uniba.i_o;\r\n\r\nimport java.io.*;\r\nimport it.uniba.workspace.*;\r\n\r",
            "preview_highlight": "<div class=\"CodeMirror cm-s-default CodeMirrorServer\" oncopy=\"if(event.clipboardData){event.clipboardData.setData('text\/plain',window.getSelection().toString().replace(\/\\u200b\/g,''));event.preventDefault();event.stopPropagation();}\">\n<div class=\"CodeMirror-code\">\n<div><pre><span class=\"cm-keyword\">package<\/span> <span class=\"cm-def\">it<\/span>.<span class=\"cm-variable\">uniba<\/span>.<span class=\"cm-variable\">i_o<\/span>;<\/pre><\/div>\n<div><pre>&#8203;<\/pre><\/div>\n<div><pre><span class=\"cm-keyword\">import<\/span> <span class=\"cm-variable\">java<\/span>.<span class=\"cm-variable\">io<\/span>.<span class=\"cm-operator\">*<\/span>;<\/pre><\/div>\n<div><pre><span class=\"cm-keyword\">import<\/span> <span class=\"cm-variable\">it<\/span>.<span class=\"cm-variable\">uniba<\/span>.<span class=\"cm-variable\">workspace<\/span>.<span class=\"cm-operator\">*<\/span>;<\/pre><\/div>\n<div><pre>&#8203;<\/pre><\/div>\n<\/div>\n<\/div>\n",
            "lines": 46,
            "lines_more": 41,
            "preview_is_truncated": true,
            "channels": [],
            "groups": [],
            "ims": [],
            "comments_count": 0
        },
        "user": "U9P0DMXGD",
        "upload": true,
        "display_as_bot": false,
        "username": "r.bellarosa1",
        "bot_id": null,
        "ts": "1524758247.000203"
    },
    {
        "type": "message",
        "subtype": "file_share",
        "text": "<@U9P0DMXGD> uploaded a file: <https:\/\/ingsw1718.slack.com\/files\/U9P0DMXGD\/FAE0RJNAH\/member.java|Member.java>",
        "file": {
            "id": "FAE0RJNAH",
            "created": 1524758247,
            "timestamp": 1524758247,
            "name": "Member.java",
            "title": "Member.java",
            "mimetype": "text\/plain",
            "filetype": "java",
            "pretty_type": "Java",
            "user": "U9P0DMXGD",
            "editable": true,
            "size": 507,
            "mode": "snippet",
            "is_external": false,
            "external_type": "",
            "is_public": true,
            "public_url_shared": false,
            "display_as_bot": false,
            "username": "",
            "url_private": "https:\/\/files.slack.com\/files-pri\/T9BAB138B-FAE0RJNAH\/member.java?t=xoxe-317351037283-365207707586-364511306800-333c6acf63d6b69e07fd249ca7d3d9ee",
            "url_private_download": "https:\/\/files.slack.com\/files-pri\/T9BAB138B-FAE0RJNAH\/download\/member.java?t=xoxe-317351037283-365207707586-364511306800-333c6acf63d6b69e07fd249ca7d3d9ee",
            "permalink": "https:\/\/ingsw1718.slack.com\/files\/U9P0DMXGD\/FAE0RJNAH\/member.java",
            "permalink_public": "https:\/\/slack-files.com\/T9BAB138B-FAE0RJNAH-091591be63",
            "edit_link": "https:\/\/ingsw1718.slack.com\/files\/U9P0DMXGD\/FAE0RJNAH\/member.java\/edit",
            "preview": "package it.uniba.workspace;\r\n\r\nclass Member {\r\n\tprivate String id;\r\n\tprivate String name;\r",
            "preview_highlight": "<div class=\"CodeMirror cm-s-default CodeMirrorServer\" oncopy=\"if(event.clipboardData){event.clipboardData.setData('text\/plain',window.getSelection().toString().replace(\/\\u200b\/g,''));event.preventDefault();event.stopPropagation();}\">\n<div class=\"CodeMirror-code\">\n<div><pre><span class=\"cm-keyword\">package<\/span> <span class=\"cm-def\">it<\/span>.<span class=\"cm-variable\">uniba<\/span>.<span class=\"cm-variable\">workspace<\/span>;<\/pre><\/div>\n<div><pre>&#8203;<\/pre><\/div>\n<div><pre><span class=\"cm-keyword\">class<\/span> <span class=\"cm-def\">Member<\/span> {<\/pre><\/div>\n<div><pre>\t<span class=\"cm-keyword\">private<\/span> <span class=\"cm-variable-3\">String<\/span> <span class=\"cm-variable\">id<\/span>;<\/pre><\/div>\n<div><pre>\t<span class=\"cm-keyword\">private<\/span> <span class=\"cm-variable-3\">String<\/span> <span class=\"cm-variable\">name<\/span>;<\/pre><\/div>\n<\/div>\n<\/div>\n",
            "lines": 25,
            "lines_more": 20,
            "preview_is_truncated": false,
            "channels": [],
            "groups": [],
            "ims": [],
            "comments_count": 0
        },
        "user": "U9P0DMXGD",
        "upload": true,
        "display_as_bot": false,
        "username": "r.bellarosa1",
        "bot_id": null,
        "ts": "1524758248.000709"
    },
    {
        "type": "message",
        "subtype": "file_share",
        "text": "<@U9P0DMXGD> uploaded a file: <https:\/\/ingsw1718.slack.com\/files\/U9P0DMXGD\/FADS4MVJ6\/workspace.java|Workspace.java>",
        "file": {
            "id": "FADS4MVJ6",
            "created": 1524758250,
            "timestamp": 1524758250,
            "name": "Workspace.java",
            "title": "Workspace.java",
            "mimetype": "text\/plain",
            "filetype": "java",
            "pretty_type": "Java",
            "user": "U9P0DMXGD",
            "editable": true,
            "size": 2093,
            "mode": "snippet",
            "is_external": false,
            "external_type": "",
            "is_public": true,
            "public_url_shared": false,
            "display_as_bot": false,
            "username": "",
            "url_private": "https:\/\/files.slack.com\/files-pri\/T9BAB138B-FADS4MVJ6\/workspace.java?t=xoxe-317351037283-365207707586-364511306800-333c6acf63d6b69e07fd249ca7d3d9ee",
            "url_private_download": "https:\/\/files.slack.com\/files-pri\/T9BAB138B-FADS4MVJ6\/download\/workspace.java?t=xoxe-317351037283-365207707586-364511306800-333c6acf63d6b69e07fd249ca7d3d9ee",
            "permalink": "https:\/\/ingsw1718.slack.com\/files\/U9P0DMXGD\/FADS4MVJ6\/workspace.java",
            "permalink_public": "https:\/\/slack-files.com\/T9BAB138B-FADS4MVJ6-eb31e5abaa",
            "edit_link": "https:\/\/ingsw1718.slack.com\/files\/U9P0DMXGD\/FADS4MVJ6\/workspace.java\/edit",
            "preview": "package it.uniba.workspace;\r\n\r\nimport java.io.*;\r\nimport java.io.FileNotFoundException;\r\nimport java.io.IOException;\r",
            "preview_highlight": "<div class=\"CodeMirror cm-s-default CodeMirrorServer\" oncopy=\"if(event.clipboardData){event.clipboardData.setData('text\/plain',window.getSelection().toString().replace(\/\\u200b\/g,''));event.preventDefault();event.stopPropagation();}\">\n<div class=\"CodeMirror-code\">\n<div><pre><span class=\"cm-keyword\">package<\/span> <span class=\"cm-def\">it<\/span>.<span class=\"cm-variable\">uniba<\/span>.<span class=\"cm-variable\">workspace<\/span>;<\/pre><\/div>\n<div><pre>&#8203;<\/pre><\/div>\n<div><pre><span class=\"cm-keyword\">import<\/span> <span class=\"cm-variable\">java<\/span>.<span class=\"cm-variable\">io<\/span>.<span class=\"cm-operator\">*<\/span>;<\/pre><\/div>\n<div><pre><span class=\"cm-keyword\">import<\/span> <span class=\"cm-variable\">java<\/span>.<span class=\"cm-variable\">io<\/span>.<span class=\"cm-variable\">FileNotFoundException<\/span>;<\/pre><\/div>\n<div><pre><span class=\"cm-keyword\">import<\/span> <span class=\"cm-variable\">java<\/span>.<span class=\"cm-variable\">io<\/span>.<span class=\"cm-variable\">IOException<\/span>;<\/pre><\/div>\n<\/div>\n<\/div>\n",
            "lines": 82,
            "lines_more": 77,
            "preview_is_truncated": true,
            "channels": [],
            "groups": [],
            "ims": [],
            "comments_count": 0
        },
        "user": "U9P0DMXGD",
        "upload": true,
        "display_as_bot": false,
        "username": "r.bellarosa1",
        "bot_id": null,
        "ts": "1524758250.000932"
    }
]