[
    {
        "type": "message",
        "subtype": "file_share",
        "text": "<@U9NV9614K> uploaded a file: <https:\/\/ingsw1718.slack.com\/files\/U9NV9614K\/FA6VBQVGV\/screenshot__10_.png|Screenshot (10).png>",
        "file": {
            "id": "FA6VBQVGV",
            "created": 1523699412,
            "timestamp": 1523699412,
            "name": "Screenshot (10).png",
            "title": "Screenshot (10).png",
            "mimetype": "image\/png",
            "filetype": "png",
            "pretty_type": "PNG",
            "user": "U9NV9614K",
            "editable": false,
            "size": 221108,
            "mode": "hosted",
            "is_external": false,
            "external_type": "",
            "is_public": true,
            "public_url_shared": false,
            "display_as_bot": false,
            "username": "",
            "url_private": "https:\/\/files.slack.com\/files-pri\/T9BAB138B-FA6VBQVGV\/screenshot__10_.png?t=xoxe-317351037283-365207707586-364511306800-333c6acf63d6b69e07fd249ca7d3d9ee",
            "url_private_download": "https:\/\/files.slack.com\/files-pri\/T9BAB138B-FA6VBQVGV\/download\/screenshot__10_.png?t=xoxe-317351037283-365207707586-364511306800-333c6acf63d6b69e07fd249ca7d3d9ee",
            "thumb_64": "https:\/\/files.slack.com\/files-tmb\/T9BAB138B-FA6VBQVGV-9a901bb62d\/screenshot__10__64.png?t=xoxe-317351037283-365207707586-364511306800-333c6acf63d6b69e07fd249ca7d3d9ee",
            "thumb_80": "https:\/\/files.slack.com\/files-tmb\/T9BAB138B-FA6VBQVGV-9a901bb62d\/screenshot__10__80.png?t=xoxe-317351037283-365207707586-364511306800-333c6acf63d6b69e07fd249ca7d3d9ee",
            "thumb_360": "https:\/\/files.slack.com\/files-tmb\/T9BAB138B-FA6VBQVGV-9a901bb62d\/screenshot__10__360.png?t=xoxe-317351037283-365207707586-364511306800-333c6acf63d6b69e07fd249ca7d3d9ee",
            "thumb_360_w": 360,
            "thumb_360_h": 203,
            "thumb_480": "https:\/\/files.slack.com\/files-tmb\/T9BAB138B-FA6VBQVGV-9a901bb62d\/screenshot__10__480.png?t=xoxe-317351037283-365207707586-364511306800-333c6acf63d6b69e07fd249ca7d3d9ee",
            "thumb_480_w": 480,
            "thumb_480_h": 270,
            "thumb_160": "https:\/\/files.slack.com\/files-tmb\/T9BAB138B-FA6VBQVGV-9a901bb62d\/screenshot__10__160.png?t=xoxe-317351037283-365207707586-364511306800-333c6acf63d6b69e07fd249ca7d3d9ee",
            "thumb_720": "https:\/\/files.slack.com\/files-tmb\/T9BAB138B-FA6VBQVGV-9a901bb62d\/screenshot__10__720.png?t=xoxe-317351037283-365207707586-364511306800-333c6acf63d6b69e07fd249ca7d3d9ee",
            "thumb_720_w": 720,
            "thumb_720_h": 405,
            "thumb_800": "https:\/\/files.slack.com\/files-tmb\/T9BAB138B-FA6VBQVGV-9a901bb62d\/screenshot__10__800.png?t=xoxe-317351037283-365207707586-364511306800-333c6acf63d6b69e07fd249ca7d3d9ee",
            "thumb_800_w": 800,
            "thumb_800_h": 450,
            "thumb_960": "https:\/\/files.slack.com\/files-tmb\/T9BAB138B-FA6VBQVGV-9a901bb62d\/screenshot__10__960.png?t=xoxe-317351037283-365207707586-364511306800-333c6acf63d6b69e07fd249ca7d3d9ee",
            "thumb_960_w": 960,
            "thumb_960_h": 540,
            "thumb_1024": "https:\/\/files.slack.com\/files-tmb\/T9BAB138B-FA6VBQVGV-9a901bb62d\/screenshot__10__1024.png?t=xoxe-317351037283-365207707586-364511306800-333c6acf63d6b69e07fd249ca7d3d9ee",
            "thumb_1024_w": 1024,
            "thumb_1024_h": 576,
            "image_exif_rotation": 1,
            "original_w": 1920,
            "original_h": 1080,
            "permalink": "https:\/\/ingsw1718.slack.com\/files\/U9NV9614K\/FA6VBQVGV\/screenshot__10_.png",
            "permalink_public": "https:\/\/slack-files.com\/T9BAB138B-FA6VBQVGV-152f9e2f50",
            "channels": [],
            "groups": [],
            "ims": [],
            "comments_count": 0
        },
        "user": "U9NV9614K",
        "upload": true,
        "display_as_bot": false,
        "username": "francilomuscio",
        "bot_id": null,
        "ts": "1523699416.000026"
    },
    {
        "type": "message",
        "user": "U9NV9614K",
        "text": "bisogna dichiarare variabili nelle specifiche algebriche",
        "ts": "1523699434.000163"
    },
    {
        "type": "message",
        "user": "U9P60ACP7",
        "text": "Solo prima delle equazioni immagino",
        "client_msg_id": "6b344ce3-4303-4c43-befe-d45adecc8712",
        "ts": "1523699513.000066"
    },
    {
        "type": "message",
        "user": "U9P60ACP7",
        "text": "Nelle tabelle spero di no",
        "client_msg_id": "da4cf38e-da1a-40f9-be4d-745780baad61",
        "ts": "1523699521.000009"
    },
    {
        "type": "message",
        "user": "U9P0DMXGD",
        "text": "No non credo serva nelle tabelle",
        "client_msg_id": "5662d18a-e1d3-4789-a222-f7a19a55755b",
        "ts": "1523699556.000093"
    },
    {
        "type": "message",
        "user": "U9NV9614K",
        "text": "nelle tabelle non le dichiara mai",
        "ts": "1523699585.000033"
    },
    {
        "type": "message",
        "user": "U9P60ACP7",
        "text": "Me buono ahaha sicuro me lo sarei dimenticato",
        "client_msg_id": "b06d1dc2-55d2-4437-acce-cf098d4f0787",
        "ts": "1523699726.000086"
    }
]