[
    {
        "type": "message",
        "subtype": "file_share",
        "text": "<@U9P60ACP7> uploaded a file: <https:\/\/ingsw1718.slack.com\/files\/U9P60ACP7\/FAEC8SAGG\/map.rar|MAP.rar> and commented: lab 3",
        "file": {
            "id": "FAEC8SAGG",
            "created": 1524910522,
            "timestamp": 1524910522,
            "name": "MAP.rar",
            "title": "MAP.rar",
            "mimetype": "application\/octet-stream",
            "filetype": "binary",
            "pretty_type": "Binary",
            "user": "U9P60ACP7",
            "editable": false,
            "size": 26082,
            "mode": "hosted",
            "is_external": false,
            "external_type": "",
            "is_public": true,
            "public_url_shared": false,
            "display_as_bot": false,
            "username": "",
            "url_private": "https:\/\/files.slack.com\/files-pri\/T9BAB138B-FAEC8SAGG\/map.rar?t=xoxe-317351037283-365207707586-364511306800-333c6acf63d6b69e07fd249ca7d3d9ee",
            "url_private_download": "https:\/\/files.slack.com\/files-pri\/T9BAB138B-FAEC8SAGG\/download\/map.rar?t=xoxe-317351037283-365207707586-364511306800-333c6acf63d6b69e07fd249ca7d3d9ee",
            "permalink": "https:\/\/ingsw1718.slack.com\/files\/U9P60ACP7\/FAEC8SAGG\/map.rar",
            "permalink_public": "https:\/\/slack-files.com\/T9BAB138B-FAEC8SAGG-15bb81f1d2",
            "channels": [],
            "groups": [],
            "ims": [],
            "comments_count": 1,
            "initial_comment": {
                "id": "FcAF3C8N3C",
                "created": 1524910522,
                "timestamp": 1524910522,
                "user": "U9P60ACP7",
                "is_intro": true,
                "comment": "lab 3"
            }
        },
        "user": "U9P60ACP7",
        "upload": true,
        "display_as_bot": false,
        "username": "dongiovannidavide",
        "bot_id": null,
        "ts": "1524910522.000086"
    }
]