[
    {
        "type": "message",
        "user": "UAAHRETFU",
        "text": "",
        "bot_id": "BAAAZG2DS",
        "attachments": [
            {
                "fallback": "[softeng-inf-uniba\/base1718] Issue closed by lanubile",
                "pretext": "Issue closed by lanubile",
                "title": "#29 In qualità di utente voglio visualizzare la lista dei @mention ",
                "footer": "<https:\/\/github.com\/softeng-inf-uniba\/base1718|softeng-inf-uniba\/base1718>",
                "id": 1,
                "title_link": "https:\/\/github.com\/softeng-inf-uniba\/base1718\/issues\/29",
                "footer_icon": "https:\/\/assets-cdn.github.com\/favicon.ico",
                "ts": 1525346160,
                "color": "cb2431",
                "mrkdwn_in": [
                    "text"
                ]
            }
        ],
        "ts": "1526293555.000446"
    },
    {
        "type": "message",
        "user": "UAAHRETFU",
        "text": "",
        "bot_id": "BAAAZG2DS",
        "attachments": [
            {
                "fallback": "[softeng-inf-uniba\/base1718] Issue closed by lanubile",
                "pretext": "Issue closed by lanubile",
                "title": "#30 In qualità di utente voglio visualizzare la lista dei @mention che partono da uno User ",
                "footer": "<https:\/\/github.com\/softeng-inf-uniba\/base1718|softeng-inf-uniba\/base1718>",
                "id": 1,
                "title_link": "https:\/\/github.com\/softeng-inf-uniba\/base1718\/issues\/30",
                "footer_icon": "https:\/\/assets-cdn.github.com\/favicon.ico",
                "ts": 1525346251,
                "color": "cb2431",
                "mrkdwn_in": [
                    "text"
                ]
            }
        ],
        "ts": "1526293556.000033"
    },
    {
        "type": "message",
        "user": "UAAHRETFU",
        "text": "",
        "bot_id": "BAAAZG2DS",
        "attachments": [
            {
                "fallback": "[softeng-inf-uniba\/base1718] Issue closed by lanubile",
                "pretext": "Issue closed by lanubile",
                "title": "#31 In qualità di utente voglio visualizzare la lista dei @mention che arrivano a uno User ",
                "footer": "<https:\/\/github.com\/softeng-inf-uniba\/base1718|softeng-inf-uniba\/base1718>",
                "id": 1,
                "title_link": "https:\/\/github.com\/softeng-inf-uniba\/base1718\/issues\/31",
                "footer_icon": "https:\/\/assets-cdn.github.com\/favicon.ico",
                "ts": 1525346316,
                "color": "cb2431",
                "mrkdwn_in": [
                    "text"
                ]
            }
        ],
        "ts": "1526293556.000101"
    },
    {
        "type": "message",
        "user": "U9BD7NMPC",
        "text": "Sprint 3",
        "ts": "1526294677.000234"
    },
    {
        "type": "message",
        "user": "U9BD7NMPC",
        "text": "*Goal*: Visualizzare la rete sociale pesata dei mention + test automatici + refactoring\n*Definition of Done*\nLista di criteri che devono essere soddisfatti per qualsiasi user story\n- C'è un issue con label 'user story'\n- Assegnazione a uno o al più due componenti del team\n- I commit devono avere una descrizione significativa\n- C'è una Pull Request (PR) che corrisponde alla user story\n- C'è un commento che linka la PR all'issue (es. \"closes #22\") \n- La PR è accettata a review avvenuto ed esplicito\n- Build costruito con successo\n- Docker image caricata con successo\n- Richiesta da linea di comando\n- Output sia visualizzato su standard output\n- Workspace specificato con il nome completo del file zippato, con il percorso assoluto o relativo\n- Controllo che c'è un file esportato associato al workspace\n- L'esecuzione rispetta i criteri di accettazione\n- Help dell'applicazione aggiornato \n- Le eccezioni devono essere gestite\n- Gli output dei tool automatici di test (jacoco) e controllo qualità (CheckStyle, FindBugs e PMD) sono caricati in \/build\/reports\n- Non ci sono warning rilevati da CheckStyle\n- Non ci sono warning rilevati da FindBugs\n- C'è almeno un caso di test di successo in JUnit \n- E' possibile visualizzare nel repository di GitHub la copertura dei casi di test di JUnit rispetto al codice",
        "ts": "1526294698.000225"
    },
    {
        "type": "message",
        "user": "U9BD7NMPC",
        "text": "In qualità di utente voglio visualizzare la lista pesata dei @mention",
        "edited": {
            "user": "U9BD7NMPC",
            "ts": "1526296181.000000"
        },
        "ts": "1526295917.000095"
    },
    {
        "type": "message",
        "user": "U9BD7NMPC",
        "text": "Criteri di accettazione:\n\n    Verificare che per ogni @mention sia visualizzata una riga con la tripla**(From, To, Weight)** dove From è lo User che scrive il messaggio con il @mention, To è lo User menzionato, e Weight. è il peso associato che riporta il numero di mention da From a To:.\n    Verificare che le triple (From, To, Weight) non siano ripetute\n    Verificare che le triple (From, To, Weight) corrispondenti a un @mention siano tutte presenti\n    Verificare che siano visualizzate solo triple (From, To, Weight)* corrispondenti a un @mention\n    Verificare che sia possibile specificare il Channel e, nel caso sia specificato, la lista sia ristretta ai soli @mention del Channel",
        "ts": "1526295932.000024"
    },
    {
        "type": "message",
        "user": "U9BD7NMPC",
        "text": "In qualità di utente voglio visualizzare la lista pesata dei @mention che partono da uno User",
        "ts": "1526296375.000291"
    },
    {
        "type": "message",
        "user": "U9BD7NMPC",
        "text": "Criteri di accettazione:\n\n    Verificare che sia possibile specificare lo User da cui partono i @mention\n    Verificare che per ogni @mention sia visualizzata una riga con la tripla (From, To, Weight) dove From è lo User specificato nel comando e To è lo User menzionato, e Weight il numero di mention.\n    Verificare che le triple (From, To, Weight) non siano ripetute\n    Verificare che le triple (From, To, Weight) corrispondenti a un @mention siano tutte presenti\n    Verificare che siano visualizzate solo triple (From, To, Weight) corrispondenti a un @mention\n    Verificare che sia possibile specificare il Channel e, nel caso sia specificato, la lista sia ristretta ai soli @mention del Channel",
        "ts": "1526296398.000363"
    },
    {
        "type": "message",
        "user": "U9BD7NMPC",
        "text": "In qualità di utente voglio visualizzare la lista pesata dei @mention che arrivano a uno User",
        "edited": {
            "user": "U9BD7NMPC",
            "ts": "1526297236.000000"
        },
        "ts": "1526296543.000437"
    },
    {
        "type": "message",
        "user": "U9BD7NMPC",
        "text": "Criteri di accettazione:\n\n    Verificare che sia possibile specificare lo User a cui arrivano i @mention\n    Verificare che per ogni @mention sia visualizzata una riga con a tripla **(From, To, Weight)** dove _From_  è lo User che scrive il messaggio con il @mention, _To_ è lo User menzionato e specificato nel comando e _Weight_ il numero di mention.\n    Verificare che le triple (From, To, Weight) non siano ripetute\n    Verificare che le ctriple (From, To, Weight) corrispondenti a un @mention siano tutte presenti\n    Verificare che siano visualizzate solo triple (From, To, Weight) corrispondenti a un @mention\n    Verificare che sia possibile specificare il Channel e, nel caso sia specificato, la lista sia ristretta ai soli @mention del Channel",
        "edited": {
            "user": "U9BD7NMPC",
            "ts": "1526298070.000000"
        },
        "ts": "1526296559.000376"
    },
    {
        "type": "message",
        "user": "UAAHRETFU",
        "text": "",
        "bot_id": "BAAAZG2DS",
        "attachments": [
            {
                "author_name": "lanubile",
                "fallback": "[softeng-inf-uniba\/base1718] Issue opened by lanubile",
                "pretext": "Issue opened by lanubile",
                "title": "#38 Risolvere problemi Findbugs",
                "footer": "<https:\/\/github.com\/softeng-inf-uniba\/base1718|softeng-inf-uniba\/base1718>",
                "id": 1,
                "title_link": "https:\/\/github.com\/softeng-inf-uniba\/base1718\/issues\/38",
                "author_link": "https:\/\/github.com\/lanubile",
                "author_icon": "https:\/\/avatars1.githubusercontent.com\/u\/1144915?v=4",
                "footer_icon": "https:\/\/assets-cdn.github.com\/favicon.ico",
                "ts": 1526296645,
                "color": "36a64f",
                "fields": [
                    {
                        "title": "Labels",
                        "value": "enhancement",
                        "short": true
                    }
                ],
                "mrkdwn_in": [
                    "text"
                ]
            }
        ],
        "edited": {
            "user": "UAAHRETFU",
            "ts": "1526296704.000000"
        },
        "ts": "1526296646.000280"
    },
    {
        "type": "message",
        "user": "UAAHRETFU",
        "text": "",
        "bot_id": "BAAAZG2DS",
        "attachments": [
            {
                "author_name": "lanubile",
                "fallback": "[softeng-inf-uniba\/base1718] Issue opened by lanubile",
                "pretext": "Issue opened by lanubile",
                "title": "#39 Risolvere problemi Checkstyle",
                "footer": "<https:\/\/github.com\/softeng-inf-uniba\/base1718|softeng-inf-uniba\/base1718>",
                "id": 1,
                "title_link": "https:\/\/github.com\/softeng-inf-uniba\/base1718\/issues\/39",
                "author_link": "https:\/\/github.com\/lanubile",
                "author_icon": "https:\/\/avatars1.githubusercontent.com\/u\/1144915?v=4",
                "footer_icon": "https:\/\/assets-cdn.github.com\/favicon.ico",
                "ts": 1526296653,
                "color": "36a64f",
                "fields": [
                    {
                        "title": "Labels",
                        "value": "enhancement",
                        "short": true
                    }
                ],
                "mrkdwn_in": [
                    "text"
                ]
            }
        ],
        "edited": {
            "user": "UAAHRETFU",
            "ts": "1526296737.000000"
        },
        "ts": "1526296654.000389"
    },
    {
        "type": "message",
        "user": "UAAHRETFU",
        "text": "",
        "bot_id": "BAAAZG2DS",
        "attachments": [
            {
                "author_name": "lanubile",
                "fallback": "[softeng-inf-uniba\/base1718] Issue opened by lanubile",
                "pretext": "Issue opened by lanubile",
                "title": "#40 Aggiungere unit test",
                "footer": "<https:\/\/github.com\/softeng-inf-uniba\/base1718|softeng-inf-uniba\/base1718>",
                "id": 1,
                "title_link": "https:\/\/github.com\/softeng-inf-uniba\/base1718\/issues\/40",
                "author_link": "https:\/\/github.com\/lanubile",
                "author_icon": "https:\/\/avatars1.githubusercontent.com\/u\/1144915?v=4",
                "footer_icon": "https:\/\/assets-cdn.github.com\/favicon.ico",
                "ts": 1526296658,
                "color": "36a64f",
                "fields": [
                    {
                        "title": "Labels",
                        "value": "enhancement",
                        "short": true
                    },
                    {
                        "title": "Comments",
                        "value": "1",
                        "short": true
                    }
                ],
                "mrkdwn_in": [
                    "text"
                ]
            }
        ],
        "edited": {
            "user": "UAAHRETFU",
            "ts": "1526296807.000000"
        },
        "ts": "1526296659.000263"
    },
    {
        "type": "message",
        "user": "UAAHRETFU",
        "text": "",
        "bot_id": "BAAAZG2DS",
        "attachments": [
            {
                "author_name": "nnovielli",
                "fallback": "[softeng-inf-uniba\/base1718] <https:\/\/github.com\/softeng-inf-uniba\/base1718\/compare\/2e4ec135818c...3f37077990d6|1 new commit> pushed to <https:\/\/github.com\/softeng-inf-uniba\/base1718\/tree\/master|`master`>",
                "text": "*<https:\/\/github.com\/softeng-inf-uniba\/base1718\/compare\/2e4ec135818c...3f37077990d6|1 new commit> pushed to <https:\/\/github.com\/softeng-inf-uniba\/base1718\/tree\/master|`master`>*\n<https:\/\/github.com\/softeng-inf-uniba\/base1718\/commit\/3f37077990d64329c81f4851337d9369cd8856fc|`3f370779`> - Updated tabWidth property in TreeWaalker module",
                "footer": "<https:\/\/github.com\/softeng-inf-uniba\/base1718|softeng-inf-uniba\/base1718>",
                "id": 1,
                "author_link": "https:\/\/github.com\/nnovielli",
                "author_icon": "https:\/\/avatars3.githubusercontent.com\/u\/4579925?v=4",
                "footer_icon": "https:\/\/assets-cdn.github.com\/favicon.ico",
                "color": "24292f",
                "mrkdwn_in": [
                    "text"
                ]
            }
        ],
        "ts": "1526319223.000144"
    }
]