[
    {
        "type": "message",
        "user": "UAAHRETFU",
        "text": "",
        "bot_id": "BAAAZG2DS",
        "attachments": [
            {
                "author_name": "bateman",
                "fallback": "[softeng-inf-uniba\/base1718] <https:\/\/github.com\/softeng-inf-uniba\/base1718\/compare\/3f37077990d6...7ea2e7090fd3|1 new commit> pushed to <https:\/\/github.com\/softeng-inf-uniba\/base1718\/tree\/master|`master`>",
                "text": "*<https:\/\/github.com\/softeng-inf-uniba\/base1718\/compare\/3f37077990d6...7ea2e7090fd3|1 new commit> pushed to <https:\/\/github.com\/softeng-inf-uniba\/base1718\/tree\/master|`master`>*\n<https:\/\/github.com\/softeng-inf-uniba\/base1718\/commit\/7ea2e7090fd327fd3f04583d70f13df49ed5b5ed|`7ea2e709`> - Aggiornamento se EMBED in coveralls non è visibile",
                "footer": "<https:\/\/github.com\/softeng-inf-uniba\/base1718|softeng-inf-uniba\/base1718>",
                "id": 1,
                "author_link": "https:\/\/github.com\/bateman",
                "author_icon": "https:\/\/avatars0.githubusercontent.com\/u\/52096?v=4",
                "footer_icon": "https:\/\/assets-cdn.github.com\/favicon.ico",
                "color": "24292f",
                "mrkdwn_in": [
                    "text"
                ]
            }
        ],
        "ts": "1526387536.000010"
    },
    {
        "type": "message",
        "user": "UAAHRETFU",
        "text": "",
        "bot_id": "BAAAZG2DS",
        "attachments": [
            {
                "author_name": "bateman",
                "fallback": "[softeng-inf-uniba\/base1718] <https:\/\/github.com\/softeng-inf-uniba\/base1718\/compare\/7ea2e7090fd3...7dffd2209eae|1 new commit> pushed to <https:\/\/github.com\/softeng-inf-uniba\/base1718\/tree\/master|`master`>",
                "text": "*<https:\/\/github.com\/softeng-inf-uniba\/base1718\/compare\/7ea2e7090fd3...7dffd2209eae|1 new commit> pushed to <https:\/\/github.com\/softeng-inf-uniba\/base1718\/tree\/master|`master`>*\n<https:\/\/github.com\/softeng-inf-uniba\/base1718\/commit\/7dffd2209eae23808488defbb246129a62ec872f|`7dffd220`> - Fix typo in gradle.bat",
                "footer": "<https:\/\/github.com\/softeng-inf-uniba\/base1718|softeng-inf-uniba\/base1718>",
                "id": 1,
                "author_link": "https:\/\/github.com\/bateman",
                "author_icon": "https:\/\/avatars0.githubusercontent.com\/u\/52096?v=4",
                "footer_icon": "https:\/\/assets-cdn.github.com\/favicon.ico",
                "color": "24292f",
                "mrkdwn_in": [
                    "text"
                ]
            }
        ],
        "ts": "1526404953.000411"
    }
]