[
    {
        "type": "message",
        "user": "U9PP54E4D",
        "text": "docker run -v \/Users:\/Users softenginfuniba\/ritchie channels -f \/Users\/roccodeb\/Desktop\/ingsw1718.zip",
        "ts": "1525343461.000199"
    },
    {
        "type": "message",
        "user": "U9PP54E4D",
        "text": "lanubile ha caricato il nuovo export di slack",
        "edited": {
            "user": "U9PP54E4D",
            "ts": "1525360436.000000"
        },
        "ts": "1525360412.000058"
    },
    {
        "type": "message",
        "user": "U9PP54E4D",
        "text": "<@U9Q9CDE0P> ha chiuso l’issue #54",
        "client_msg_id": "32D881C3-0F4F-4E03-90EC-08BCBD2FB1DA",
        "ts": "1525367311.000545"
    }
]