[
    {
        "type": "message",
        "user": "U9PNDSW4R",
        "text": "Ragazzi sto faceno delle prove su come viene visualizzato su slack il mentions. Non badate ai miei mesaggi",
        "ts": "1525970464.000534"
    },
    {
        "type": "message",
        "user": "U9PNDSW4R",
        "text": "<@U9PQNB3DF>",
        "ts": "1525970470.000222"
    },
    {
        "type": "message",
        "user": "U9PNDSW4R",
        "text": "<@U9PK8UJBA>",
        "ts": "1525970475.000281"
    },
    {
        "type": "message",
        "user": "U9PNDSW4R",
        "text": "<@U9RE08815>",
        "ts": "1525970479.000562"
    },
    {
        "type": "message",
        "user": "U9PNDSW4R",
        "text": "<@U9PNDSW4R>",
        "ts": "1525970489.000695"
    }
]