[
    {
        "type": "message",
        "user": "U9PQNB3DF",
        "text": "docker run softenginfuniba\/lampson help\ndocker run -v \/c:\/ns\/ -it softenginfuniba\/lampson --unzip ns\/percorso\/al\/file.zip \ndocker run -v \/c:\/ns\/ -it softenginfuniba\/lampson --unzip ns\/percorso\/al\/file.zip members\ndocker run -v \/c:\/ns\/ -it softenginfuniba\/lampson --unzip ns\/percorso\/al\/file.zip channels\ndocker run -v \/c:\/ns\/ -it softenginfuniba\/lampson --unzip ns\/percorso\/al\/file.zip channelmembers\ndocker run -v \/c:\/ns\/ -it softenginfuniba\/lampson --unzip ns\/percorso\/al\/file.zip channelandmembers\nEsempio completo: docker run -v \/c:\/ns\/ -it softenginfuniba\/lampson --unzip ns\/Users\/Fabrizio\/Desktop\/file.zip channelandmembers",
        "edited": {
            "user": "U9PQNB3DF",
            "ts": "1525296897.000000"
        },
        "ts": "1525295932.000551"
    },
    {
        "type": "message",
        "subtype": "file_share",
        "text": "<@U9PNDSW4R> uploaded a file: <https:\/\/ingsw1718.slack.com\/files\/U9PNDSW4R\/FAH63D26Q\/lampson.txt|lampson>",
        "file": {
            "id": "FAH63D26Q",
            "created": 1525300266,
            "timestamp": 1525300266,
            "name": "lampson.txt",
            "title": "lampson",
            "mimetype": "text\/plain",
            "filetype": "text",
            "pretty_type": "Plain Text",
            "user": "U9PNDSW4R",
            "editable": true,
            "size": 1205,
            "mode": "snippet",
            "is_external": false,
            "external_type": "",
            "is_public": true,
            "public_url_shared": false,
            "display_as_bot": false,
            "username": "",
            "url_private": "https:\/\/files.slack.com\/files-pri\/T9BAB138B-FAH63D26Q\/lampson.txt?t=xoxe-317351037283-365207707586-364511306800-333c6acf63d6b69e07fd249ca7d3d9ee",
            "url_private_download": "https:\/\/files.slack.com\/files-pri\/T9BAB138B-FAH63D26Q\/download\/lampson.txt?t=xoxe-317351037283-365207707586-364511306800-333c6acf63d6b69e07fd249ca7d3d9ee",
            "permalink": "https:\/\/ingsw1718.slack.com\/files\/U9PNDSW4R\/FAH63D26Q\/lampson.txt",
            "permalink_public": "https:\/\/slack-files.com\/T9BAB138B-FAH63D26Q-3c1dd37371",
            "edit_link": "https:\/\/ingsw1718.slack.com\/files\/U9PNDSW4R\/FAH63D26Q\/lampson.txt\/edit",
            "preview": "Suggerimento: eseguire il programma tramite Windows PowerShell in quanto la visualizzazione dei comandi potrebbe essere parziale a causa di una dimensione di buffer limitata del cmd in versione standard.\r\nUser story 1: In qualità di utente voglio visualizzare la lista dei Members:\r\ndocker run -v \/c:\/ns -it softenginfuniba\/lampson --unzip ns\/percorso\/al\/file.zip members\r\n\r\nUser story 2: In qualità di utente voglio visualizzare la lista dei Channel:\r",
            "preview_highlight": "<div class=\"CodeMirror cm-s-default CodeMirrorServer\" oncopy=\"if(event.clipboardData){event.clipboardData.setData('text\/plain',window.getSelection().toString().replace(\/\\u200b\/g,''));event.preventDefault();event.stopPropagation();}\">\n<div class=\"CodeMirror-code\">\n<div><pre>Suggerimento: eseguire il programma tramite Windows PowerShell in quanto la visualizzazione dei comandi potrebbe essere parziale a causa di una dimensione di buffer limitata del cmd in versione standard.<\/pre><\/div>\n<div><pre>User story 1: In qualità di utente voglio visualizzare la lista dei Members:<\/pre><\/div>\n<div><pre>docker run -v \/c:\/ns -it softenginfuniba\/lampson --unzip ns\/percorso\/al\/file.zip members<\/pre><\/div>\n<div><pre><\/pre><\/div>\n<div><pre>User story 2: In qualità di utente voglio visualizzare la lista dei Channel:<\/pre><\/div>\n<div><pre><\/pre><\/div>\n<\/div>\n<\/div>\n",
            "lines": 20,
            "lines_more": 15,
            "preview_is_truncated": true,
            "channels": [],
            "groups": [],
            "ims": [],
            "comments_count": 0
        },
        "user": "U9PNDSW4R",
        "upload": true,
        "display_as_bot": false,
        "username": "giovanni.barese",
        "bot_id": null,
        "ts": "1525300267.000206"
    }
]