[
    {
        "user": "U9PNDSW4R",
        "purpose": "Componenti: Figliuolo - Frasca - Catucci - Borace",
        "text": "<@U9PNDSW4R> set the channel purpose: Componenti: Figliuolo - Frasca - Catucci - Borace",
        "type": "message",
        "subtype": "channel_purpose",
        "ts": "1523449529.000547"
    },
    {
        "type": "message",
        "user": "U9PNDSW4R",
        "text": "Docker ID: lampson",
        "ts": "1523449820.000302"
    },
    {
        "type": "message",
        "subtype": "file_share",
        "text": "<@U9PNDSW4R> uploaded a file: <https:\/\/ingsw1718.slack.com\/files\/U9PNDSW4R\/FA60YM72A\/image.png|screenshot.png> and commented: Ragazzi a noi è tutto ok. Il repository c'è (già da ieri). \n\n<https:\/\/github.com\/orgs\/softeng-inf-uniba\/teams\/lampson\/repositories>",
        "file": {
            "id": "FA60YM72A",
            "created": 1523467881,
            "timestamp": 1523467881,
            "name": "image.png",
            "title": "screenshot.png",
            "mimetype": "image\/png",
            "filetype": "png",
            "pretty_type": "PNG",
            "user": "U9PNDSW4R",
            "editable": false,
            "size": 57286,
            "mode": "hosted",
            "is_external": false,
            "external_type": "",
            "is_public": true,
            "public_url_shared": false,
            "display_as_bot": false,
            "username": "",
            "url_private": "https:\/\/files.slack.com\/files-pri\/T9BAB138B-FA60YM72A\/image.png?t=xoxe-317351037283-365207707586-364511306800-333c6acf63d6b69e07fd249ca7d3d9ee",
            "url_private_download": "https:\/\/files.slack.com\/files-pri\/T9BAB138B-FA60YM72A\/download\/image.png?t=xoxe-317351037283-365207707586-364511306800-333c6acf63d6b69e07fd249ca7d3d9ee",
            "thumb_64": "https:\/\/files.slack.com\/files-tmb\/T9BAB138B-FA60YM72A-a4e414166a\/image_64.png?t=xoxe-317351037283-365207707586-364511306800-333c6acf63d6b69e07fd249ca7d3d9ee",
            "thumb_80": "https:\/\/files.slack.com\/files-tmb\/T9BAB138B-FA60YM72A-a4e414166a\/image_80.png?t=xoxe-317351037283-365207707586-364511306800-333c6acf63d6b69e07fd249ca7d3d9ee",
            "thumb_360": "https:\/\/files.slack.com\/files-tmb\/T9BAB138B-FA60YM72A-a4e414166a\/image_360.png?t=xoxe-317351037283-365207707586-364511306800-333c6acf63d6b69e07fd249ca7d3d9ee",
            "thumb_360_w": 360,
            "thumb_360_h": 167,
            "thumb_480": "https:\/\/files.slack.com\/files-tmb\/T9BAB138B-FA60YM72A-a4e414166a\/image_480.png?t=xoxe-317351037283-365207707586-364511306800-333c6acf63d6b69e07fd249ca7d3d9ee",
            "thumb_480_w": 480,
            "thumb_480_h": 222,
            "thumb_160": "https:\/\/files.slack.com\/files-tmb\/T9BAB138B-FA60YM72A-a4e414166a\/image_160.png?t=xoxe-317351037283-365207707586-364511306800-333c6acf63d6b69e07fd249ca7d3d9ee",
            "thumb_720": "https:\/\/files.slack.com\/files-tmb\/T9BAB138B-FA60YM72A-a4e414166a\/image_720.png?t=xoxe-317351037283-365207707586-364511306800-333c6acf63d6b69e07fd249ca7d3d9ee",
            "thumb_720_w": 720,
            "thumb_720_h": 334,
            "thumb_800": "https:\/\/files.slack.com\/files-tmb\/T9BAB138B-FA60YM72A-a4e414166a\/image_800.png?t=xoxe-317351037283-365207707586-364511306800-333c6acf63d6b69e07fd249ca7d3d9ee",
            "thumb_800_w": 800,
            "thumb_800_h": 371,
            "thumb_960": "https:\/\/files.slack.com\/files-tmb\/T9BAB138B-FA60YM72A-a4e414166a\/image_960.png?t=xoxe-317351037283-365207707586-364511306800-333c6acf63d6b69e07fd249ca7d3d9ee",
            "thumb_960_w": 960,
            "thumb_960_h": 445,
            "thumb_1024": "https:\/\/files.slack.com\/files-tmb\/T9BAB138B-FA60YM72A-a4e414166a\/image_1024.png?t=xoxe-317351037283-365207707586-364511306800-333c6acf63d6b69e07fd249ca7d3d9ee",
            "thumb_1024_w": 1024,
            "thumb_1024_h": 475,
            "image_exif_rotation": 1,
            "original_w": 1366,
            "original_h": 633,
            "permalink": "https:\/\/ingsw1718.slack.com\/files\/U9PNDSW4R\/FA60YM72A\/image.png",
            "permalink_public": "https:\/\/slack-files.com\/T9BAB138B-FA60YM72A-c16dec095b",
            "channels": [],
            "groups": [],
            "ims": [],
            "comments_count": 1,
            "initial_comment": {
                "id": "FcA58ASG4V",
                "created": 1523467881,
                "timestamp": 1523467881,
                "user": "U9PNDSW4R",
                "is_intro": true,
                "comment": "Ragazzi a noi è tutto ok. Il repository c'è (già da ieri). \n\n<https:\/\/github.com\/orgs\/softeng-inf-uniba\/teams\/lampson\/repositories>"
            }
        },
        "user": "U9PNDSW4R",
        "upload": true,
        "display_as_bot": false,
        "username": "giovanni.barese",
        "bot_id": null,
        "ts": "1523467883.000417"
    }
]