[
    {
        "type": "message",
        "user": "U9PNDSW4R",
        "text": "<!channel> ho appena finito di eseguire le modifiche richieste dal prof relative ai file build.gradle, cartella builds etc",
        "client_msg_id": "08603ae8-106b-45d3-9b49-b277ce26a34b",
        "ts": "1525869465.000128",
        "reactions": [
            {
                "name": "heavy_check_mark",
                "users": [
                    "U9PK8UJBA"
                ],
                "count": 1
            }
        ]
    },
    {
        "type": "message",
        "user": "U9PQNB3DF",
        "text": "Notato.",
        "client_msg_id": "412aac75-25e3-46b1-9b2c-e0282f18e45d",
        "ts": "1525872671.000341",
        "reactions": [
            {
                "name": "joy",
                "users": [
                    "U9PNDSW4R",
                    "U9PK8UJBA"
                ],
                "count": 2
            }
        ]
    }
]