[
    {
        "type": "message",
        "subtype": "file_share",
        "text": "<@U9NRSQ859> uploaded a file: <https:\/\/ingsw1718.slack.com\/files\/U9NRSQ859\/FAC6FF7SN\/users.java|Users.java> and commented: <@U9NCMRU8H> <@U9N84AWTA> <@U9Q8J1MNF>",
        "file": {
            "id": "FAC6FF7SN",
            "created": 1524578573,
            "timestamp": 1524578573,
            "name": "Users.java",
            "title": "Users.java",
            "mimetype": "text\/plain",
            "filetype": "java",
            "pretty_type": "Java",
            "user": "U9NRSQ859",
            "editable": true,
            "size": 1656,
            "mode": "snippet",
            "is_external": false,
            "external_type": "",
            "is_public": true,
            "public_url_shared": false,
            "display_as_bot": false,
            "username": "",
            "url_private": "https:\/\/files.slack.com\/files-pri\/T9BAB138B-FAC6FF7SN\/users.java?t=xoxe-317351037283-365207707586-364511306800-333c6acf63d6b69e07fd249ca7d3d9ee",
            "url_private_download": "https:\/\/files.slack.com\/files-pri\/T9BAB138B-FAC6FF7SN\/download\/users.java?t=xoxe-317351037283-365207707586-364511306800-333c6acf63d6b69e07fd249ca7d3d9ee",
            "permalink": "https:\/\/ingsw1718.slack.com\/files\/U9NRSQ859\/FAC6FF7SN\/users.java",
            "permalink_public": "https:\/\/slack-files.com\/T9BAB138B-FAC6FF7SN-ffaf66e3e4",
            "edit_link": "https:\/\/ingsw1718.slack.com\/files\/U9NRSQ859\/FAC6FF7SN\/users.java\/edit",
            "preview": "package test;\r\n\r\nimport java.io.FileReader;\r\nimport java.io.IOException;\r\n\r",
            "preview_highlight": "<div class=\"CodeMirror cm-s-default CodeMirrorServer\" oncopy=\"if(event.clipboardData){event.clipboardData.setData('text\/plain',window.getSelection().toString().replace(\/\\u200b\/g,''));event.preventDefault();event.stopPropagation();}\">\n<div class=\"CodeMirror-code\">\n<div><pre><span class=\"cm-keyword\">package<\/span> <span class=\"cm-def\">test<\/span>;<\/pre><\/div>\n<div><pre>&#8203;<\/pre><\/div>\n<div><pre><span class=\"cm-keyword\">import<\/span> <span class=\"cm-variable\">java<\/span>.<span class=\"cm-variable\">io<\/span>.<span class=\"cm-variable\">FileReader<\/span>;<\/pre><\/div>\n<div><pre><span class=\"cm-keyword\">import<\/span> <span class=\"cm-variable\">java<\/span>.<span class=\"cm-variable\">io<\/span>.<span class=\"cm-variable\">IOException<\/span>;<\/pre><\/div>\n<div><pre>&#8203;<\/pre><\/div>\n<\/div>\n<\/div>\n",
            "lines": 61,
            "lines_more": 56,
            "preview_is_truncated": true,
            "channels": [],
            "groups": [],
            "ims": [],
            "comments_count": 1,
            "initial_comment": {
                "id": "FcAC3GFGD9",
                "created": 1524578573,
                "timestamp": 1524578573,
                "user": "U9NRSQ859",
                "is_intro": true,
                "comment": "<@U9NCMRU8H> <@U9N84AWTA> <@U9Q8J1MNF>"
            }
        },
        "user": "U9NRSQ859",
        "upload": true,
        "display_as_bot": false,
        "username": "ulissis1996",
        "bot_id": null,
        "ts": "1524578574.000276"
    }
]